id,texto,etiqueta,particion,calificacion,enlace_nota
abad-es-el-proceso-de-formalizacion-mas-importante-y-mas-rapido-en-los-ultimos-anos-en-la-argentina,Es el proceso de formalización más importante y más rápido en los últimos años en la Argentina,verdadero,validacion,Verdadero,https://chequeado.com/ultimas-noticias/abad-es-el-proceso-de-formalizacion-mas-importante-y-mas-rapido-en-los-ultimos-anos-en-la-argentina/
abal-medina-la-pauta-que-maneja-el-estado-nacional-no-representa-ni-el-3-del-total,La pauta que maneja el Estado nacional no representa ni el 3% del total,falso,entrenamiento,Falso,https://chequeado.com/ultimas-noticias/abal-medina-la-pauta-que-maneja-el-estado-nacional-no-representa-ni-el-3-del-total/
abal-medina-qeste-ano-es-el-ano-que-mas-ingresos-les-han-llegado-a-las-provincias-por-coparticipacion,Este año es el año que más ingresos les han llegado a las provincias [por coparticipación],falso,entrenamiento,Engañoso,https://chequeado.com/ultimas-noticias/abal-medina-qeste-ano-es-el-ano-que-mas-ingresos-les-han-llegado-a-las-provincias-por-coparticipacion/
aci-prensa-que-lo-sepa-todo-el-mundo-el-aborto-siempre-es-un-crimen-afirma-el-papa-francisco,"Que lo sepa todo el mundo: ‘El aborto siempre es un crimen’, afirma el Papa Francisco",verdadero,entrenamiento,Verdadero,https://chequeado.com/verificacionfb/aci-prensa-que-lo-sepa-todo-el-mundo-el-aborto-siempre-es-un-crimen-afirma-el-papa-francisco/
acuna-en-estos-ultimos-10-anos-de-gobierno-construimos-54-escuelas-y-en-este-periodo-otras-54,"En estos últimos 10 años de gobierno construimos 54 escuelas y, en este período, otras 54",falso,entrenamiento,Engañoso,https://chequeado.com/ultimas-noticias/acuna-en-estos-ultimos-10-anos-de-gobierno-construimos-54-escuelas-y-en-este-periodo-otras-54/
acuna-movilizamos-alrededor-de-700-mil-personas-en-torno-a-las-escuelas-y-solo-se-contagiaron-el-017,"Movilizamos alrededor de 700 mil personas en torno a las escuelas y sólo se contagiaron el 0,17%",verdadero,entrenamiento,Verdadero,https://chequeado.com/ultimas-noticias/acuna-movilizamos-alrededor-de-700-mil-personas-en-torno-a-las-escuelas-y-solo-se-contagiaron-el-017/
acuna-sobre-el-presupuesto-educativo-de-la-ciudad-es-el-que-mas-aumento-en-2021-respecto-a-otras-areas,Es el que más aumentó en 2021 respecto a otras áreas,falso,entrenamiento,Falso,https://chequeado.com/ultimas-noticias/acuna-sobre-el-presupuesto-educativo-de-la-ciudad-es-el-que-mas-aumento-en-2021-respecto-a-otras-areas/
adolfo-rodriguez-saa-no-nos-hemos-desendeudado-estamos-mas-endeudados-que-antes,"No nos hemos desendeudado, estamos más endeudados que antes",falso,entrenamiento,Falso,https://chequeado.com/ultimas-noticias/adolfo-rodriguez-saa-no-nos-hemos-desendeudado-estamos-mas-endeudados-que-antes/
aguad-aumento-100-la-planta-de-empleados-publicos-en-cordoba,Aumentó 100% la planta de empleados públicos [en Córdoba],falso,entrenamiento,Falso,https://chequeado.com/ultimas-noticias/aguad-aumento-100-la-planta-de-empleados-publicos-en-cordoba/
aguad-hay-una-penetracion-de-internet-de-banda-ancha-del-2-cuando-el-promedio-de-la-region-es-el-20,"Hay una penetración de Internet de banda ancha del 2%, cuando el promedio de la región es el 20%",falso,entrenamiento,Falso,https://chequeado.com/ultimas-noticias/aguad-hay-una-penetracion-de-internet-de-banda-ancha-del-2-cuando-el-promedio-de-la-region-es-el-20/
aguad-la-argentina-no-tiene-medios-concentrados,La Argentina no tiene medios concentrados,falso,entrenamiento,Falso,https://chequeado.com/ultimas-noticias/aguad-la-argentina-no-tiene-medios-concentrados/
aguilar-la-provincia-del-chaco-tiene-diez-puntos-mas-de-tasa-de-embarazo-adolescente-que-el-promedio-del-pais,La provincia del Chaco tiene diez puntos más de tasa de embarazo adolescente que el promedio del país,verdadero,entrenamiento,Verdadero,https://chequeado.com/ultimas-noticias/aguilar-la-provincia-del-chaco-tiene-diez-puntos-mas-de-tasa-de-embarazo-adolescente-que-el-promedio-del-pais/
agustin-rossi-llevamos-36-meses-de-crecimiento-consecutivo-del-empleo-asalariado-del-sector-privado,Llevamos 36 meses de crecimiento consecutivo del empleo asalariado del sector privado,verdadero,entrenamiento,Verdadero,https://chequeado.com/ultimas-noticias/agustin-rossi-llevamos-36-meses-de-crecimiento-consecutivo-del-empleo-asalariado-del-sector-privado/
agusto-costa-la-posibilidad-de-intervenir-en-la-fijacion-de-precios-margen-de-utilidad-existe-desde-1974-no-es-una-novedad,"La posibilidad de intervenir en la fijación de precios, margen de utilidad, existe desde 1974, no es una novedad",falso,entrenamiento,Engañoso,https://chequeado.com/ultimas-noticias/agusto-costa-la-posibilidad-de-intervenir-en-la-fijacion-de-precios-margen-de-utilidad-existe-desde-1974-no-es-una-novedad/
al-31-de-enero-logramos-una-recaudacion-de-casi-115-mil-millones-dentro-del-blanqueo,Al 31 de enero logramos una recaudación de casi $115 mil millones [dentro del blanqueo],verdadero,entrenamiento,Verdadero,https://chequeado.com/ultimas-noticias/al-31-de-enero-logramos-una-recaudacion-de-casi-115-mil-millones-dentro-del-blanqueo/
alak-designaciones,"[Hemos] designado una inmensa cantidad de jueces,(…) no puede atribuirse (…) al Ejecutivo solamente que todavía haya vacantes",falso,entrenamiento,Engañoso,https://chequeado.com/ultimas-noticias/alak-designaciones/
alak-los-jueces-son-nombrados-por-el-consejo-de-la-magistratura,Los jueces son nombrados por el Consejo de la Magistratura,falso,entrenamiento,Engañoso,https://chequeado.com/ultimas-noticias/alak-los-jueces-son-nombrados-por-el-consejo-de-la-magistratura/
alak-nuestro-pais-esta-a-la-vanguardia-en-la-lucha-contra-este-crimen-aberrante-la-trata,Nuestro país está a la vanguardia en la lucha contra este crimen aberrante [la trata],falso,entrenamiento,Falso,https://chequeado.com/ultimas-noticias/alak-nuestro-pais-esta-a-la-vanguardia-en-la-lucha-contra-este-crimen-aberrante-la-trata/
alak-todas-las-provincias-argentinas-tienen-reguladas-las-medidas-cautelares-contra-el-estado,Todas las provincias argentinas tienen reguladas las medidas cautelares contra el Estado,falso,entrenamiento,Engañoso,https://chequeado.com/ultimas-noticias/alak-todas-las-provincias-argentinas-tienen-reguladas-las-medidas-cautelares-contra-el-estado/
alberto-fernandez-1-de-cada-2-ninas-y-ninos-es-pobre-en-nuestro-pais,1 de cada 2 niñas y niños es pobre en nuestro país,verdadero,entrenamiento,Verdadero,https://chequeado.com/ultimas-noticias/alberto-fernandez-1-de-cada-2-ninas-y-ninos-es-pobre-en-nuestro-pais/
alberto-fernandez-900-de-inflacion-tuvo-estados-unidos,900% de inflación tuvo Estados Unidos,falso,validacion,Falso,https://chequeado.com/ultimas-noticias/alberto-fernandez-900-de-inflacion-tuvo-estados-unidos/
alberto-fernandez-a-traves-de-las-becas-progresar-alcanzamos-a-1-700-000-becarias-y-becarios,A través de las becas Progresar alcanzamos a 1.700.000 becarias y becarios,verdadero,validacion,Verdadero,https://chequeado.com/ultimas-noticias/alberto-fernandez-a-traves-de-las-becas-progresar-alcanzamos-a-1-700-000-becarias-y-becarios/
alberto-fernandez-al-finalizar-el-ano-2021-el-numero-total-de-personas-con-trabajos-formales-es-un-2-mayor-al-verificado-en-febrero-de-2020,Al finalizar el año 2021 el número total de personas con trabajos formales es un 2% mayor al verificado en febrero de 2020,falso,validacion,Engañoso,https://chequeado.com/ultimas-noticias/alberto-fernandez-al-finalizar-el-ano-2021-el-numero-total-de-personas-con-trabajos-formales-es-un-2-mayor-al-verificado-en-febrero-de-2020/
alberto-fernandez-ante-la-necesidad-de-suspender-las-clases-presenciales-situacion-que-tambien-se-verifico-en-190-paises-el-gobierno-nacional-y-las-24-jurisdicciones-desplegaron-recursos-e,"Ante la necesidad de suspender las clases presenciales, situación que también se verificó en 190 países, el Gobierno nacional y las 24 jurisdicciones desplegaron recursos educativos",falso,entrenamiento,Engañoso,https://chequeado.com/ultimas-noticias/alberto-fernandez-ante-la-necesidad-de-suspender-las-clases-presenciales-situacion-que-tambien-se-verifico-en-190-paises-el-gobierno-nacional-y-las-24-jurisdicciones-desplegaron-recursos-e/
alberto-fernandez-aumentamos-el-numero-de-ingresos-de-investigadoras-e-investigadores-el-numero-de-becas-doctorales-y-postdoctorales,"Aumentamos el número de ingresos de investigadoras e investigadores, el número de becas doctorales y postdoctorales",verdadero,entrenamiento,Verdadero,https://chequeado.com/ultimas-noticias/alberto-fernandez-aumentamos-el-numero-de-ingresos-de-investigadoras-e-investigadores-el-numero-de-becas-doctorales-y-postdoctorales/
alberto-fernandez-cada-ano-se-hospitalizan-alrededor-de-38-mil-mujeres-por-abortos-mal-practicados,Cada año se hospitalizan alrededor de 38 mil mujeres por abortos mal practicados,falso,entrenamiento,Engañoso,https://chequeado.com/ultimas-noticias/alberto-fernandez-cada-ano-se-hospitalizan-alrededor-de-38-mil-mujeres-por-abortos-mal-practicados/
alberto-fernandez-casi-un-millon-de-familias-son-titulares-de-la-tarjeta-alimentar,Casi un millón de familias son titulares de la tarjeta Alimentar,verdadero,entrenamiento,Verdadero,https://chequeado.com/ultimas-noticias/alberto-fernandez-casi-un-millon-de-familias-son-titulares-de-la-tarjeta-alimentar/
alberto-fernandez-comenzamos-un-ciclo-lectivo-reparador-con-190-dias-de-clase,Comenzamos un ciclo lectivo reparador con 190 días de clase,falso,entrenamiento,Falso,https://chequeado.com/ultimas-noticias/alberto-fernandez-comenzamos-un-ciclo-lectivo-reparador-con-190-dias-de-clase/
alberto-fernandez-construimos-12-hospitales-modulares-en-tiempo-record,Construimos 12 hospitales modulares en tiempo récord,verdadero,entrenamiento,Verdadero,https://chequeado.com/ultimas-noticias/alberto-fernandez-construimos-12-hospitales-modulares-en-tiempo-record/
alberto-fernandez-creamos-1-600-000-puestos-de-trabajo-de-los-cuales-600-000-fueron-puestos-de-trabajo-registrados,"Creamos 1,6 millones de puestos de trabajo, de los cuales 600 mil fueron puestos de trabajo registrados",falso,entrenamiento,Engañoso,https://chequeado.com/ultimas-noticias/alberto-fernandez-creamos-1-600-000-puestos-de-trabajo-de-los-cuales-600-000-fueron-puestos-de-trabajo-registrados/
alberto-fernandez-cuando-cristina-creo-la-afi-declaro-que-los-fondos-debian-ser-publicos-macri-al-llegar-los-declaro-secretos,"Cuando Cristina creó la AFI declaró que los fondos debían ser públicos. Macri, al llegar, los declaró secretos",verdadero,entrenamiento,"Verdadero, pero…",https://chequeado.com/ultimas-noticias/alberto-fernandez-cuando-cristina-creo-la-afi-declaro-que-los-fondos-debian-ser-publicos-macri-al-llegar-los-declaro-secretos/
alberto-fernandez-cuando-el-sistema-de-salud-se-satura-la-mortalidad-se-duplica-o-triplica-esto-es-lo-que-paso-por-ejemplo-en-el-pais-vasco,"Cuando el sistema de salud se satura, la mortalidad se duplica o triplica. Esto es lo que pasó, por ejemplo, en el País Vasco",falso,entrenamiento,Falso,https://chequeado.com/ultimas-noticias/alberto-fernandez-cuando-el-sistema-de-salud-se-satura-la-mortalidad-se-duplica-o-triplica-esto-es-lo-que-paso-por-ejemplo-en-el-pais-vasco/
alberto-fernandez-del-2019-a-la-fecha-somos-el-segundo-pais-que-mas-crecio-en-el-mundo,Del 2019 a la fecha somos el segundo país que más creció en el mundo,falso,validacion,Falso,https://chequeado.com/ultimas-noticias/alberto-fernandez-del-2019-a-la-fecha-somos-el-segundo-pais-que-mas-crecio-en-el-mundo/
alberto-fernandez-del-total-de-muertos-el-85-son-personas-de-mas-de-65-anos,"Del total de muertos, el 85% son personas de más de 65 años",falso,validacion,Falso,https://chequeado.com/ultimas-noticias/alberto-fernandez-del-total-de-muertos-el-85-son-personas-de-mas-de-65-anos/
alberto-fernandez-desde-la-recuperacion-de-la-democracia-murieron-mas-de-3-mil-mujeres-por-esa-causa,Desde la recuperación de la democracia murieron más de 3 mil mujeres por esa causa,verdadero,entrenamiento,Verdadero,https://chequeado.com/ultimas-noticias/alberto-fernandez-desde-la-recuperacion-de-la-democracia-murieron-mas-de-3-mil-mujeres-por-esa-causa/
alberto-fernandez-disminuimos-las-tasas-de-interes,Disminuimos las tasas de interés,verdadero,entrenamiento,Verdadero,https://chequeado.com/ultimas-noticias/alberto-fernandez-disminuimos-las-tasas-de-interes/
alberto-fernandez-dujovne-apenas-llego-saco-la-unica-norma-que-restringia-el-juego-de-los-capitales-golondrina,"Dujovne, apenas llegó, sacó la única norma que restringía el juego de los capitales golondrina",verdadero,entrenamiento,Verdadero,https://chequeado.com/ultimas-noticias/alberto-fernandez-dujovne-apenas-llego-saco-la-unica-norma-que-restringia-el-juego-de-los-capitales-golondrina/
alberto-fernandez-durante-2020-pudimos-reducir-en-18-puntos-la-inflacion-que-heredamos-en-2019,Durante 2020 pudimos reducir en 18 puntos la inflación que heredamos en 2019,verdadero,entrenamiento,"Verdadero, pero…",https://chequeado.com/ultimas-noticias/alberto-fernandez-durante-2020-pudimos-reducir-en-18-puntos-la-inflacion-que-heredamos-en-2019/
alberto-fernandez-durante-2022-se-verificaron-mas-de-13-millones-de-empleos-registrados-el-nivel-mas-alto-desde-2012,"Durante 2022 se verificaron más de 13 millones de empleos registrados, el nivel más alto desde 2012",verdadero,entrenamiento,"Verdadero, pero…",https://chequeado.com/ultimas-noticias/alberto-fernandez-durante-2022-se-verificaron-mas-de-13-millones-de-empleos-registrados-el-nivel-mas-alto-desde-2012/
alberto-fernandez-durante-4-anos-del-gobierno-de-mauricio-macri-hubo-una-logica-sistematica-de-superpoblar-las-carceles,Durante el gobierno de Macri hubo una lógica sistemática de superpoblar las cárceles,falso,entrenamiento,Engañoso,https://chequeado.com/ultimas-noticias/alberto-fernandez-durante-4-anos-del-gobierno-de-mauricio-macri-hubo-una-logica-sistematica-de-superpoblar-las-carceles/
alberto-fernandez-durante-la-gestion-de-macri-se-freno-todo-el-proyecto-del-reactor-nuclear-carem,"Durante la gestión de Macri, se frenó todo el proyecto del reactor nuclear CAREM",falso,entrenamiento,Falso,https://chequeado.com/ultimas-noticias/alberto-fernandez-durante-la-gestion-de-macri-se-freno-todo-el-proyecto-del-reactor-nuclear-carem/
alberto-fernandez-el-10-de-los-paises-concentran-el-90-de-las-vacunas-existentes,El 10% de los países concentran el 90% de las vacunas existentes,verdadero,validacion,Verdadero,https://chequeado.com/ultimas-noticias/alberto-fernandez-el-10-de-los-paises-concentran-el-90-de-las-vacunas-existentes/
alberto-fernandez-el-acuerdo-con-el-fondo-esta-absolutamente-incumplido-no-se-cumplieron-los-objetivos-inflacionarios-de-crecimiento-ni-los-fiscales,"El acuerdo con el Fondo está absolutamente incumplido. No se cumplieron los objetivos inflacionarios, de crecimiento ni los fiscales",falso,entrenamiento,Engañoso,https://chequeado.com/ultimas-noticias/alberto-fernandez-el-acuerdo-con-el-fondo-esta-absolutamente-incumplido-no-se-cumplieron-los-objetivos-inflacionarios-de-crecimiento-ni-los-fiscales/
alberto-fernandez-el-consumo-de-droga-y-marihuana-ha-aumentado-en-estos-anos,El consumo de droga y marihuana ha aumentado en estos años,verdadero,validacion,Verdadero,https://chequeado.com/ultimas-noticias/alberto-fernandez-el-consumo-de-droga-y-marihuana-ha-aumentado-en-estos-anos/
alberto-fernandez-el-estado-gasta-en-futbol-para-todos-la-mitad-de-lo-que-gasta-en-la-asignacion-universal-por-hijo,El Estado gasta en Fútbol Para Todos la mitad de lo que gasta en la Asignación Universal por Hijo,falso,entrenamiento,Falso,https://chequeado.com/ultimas-noticias/alberto-fernandez-el-estado-gasta-en-futbol-para-todos-la-mitad-de-lo-que-gasta-en-la-asignacion-universal-por-hijo/
alberto-fernandez-el-estado-ha-asistido-a-21-millones-de-argentinos-de-los-45-millones-que-somos,El Estado ha asistido a 21 millones de argentinos de los 45 millones que somos,verdadero,entrenamiento,Verdadero,https://chequeado.com/ultimas-noticias/alberto-fernandez-el-estado-ha-asistido-a-21-millones-de-argentinos-de-los-45-millones-que-somos/
alberto-fernandez-el-estado-nacional-entre-el-2016-y-2019-se-financio-con-los-recursos-de-los-jubilados-al-momento-de-nuestra-llegada-casi-el-70-del-fondo-de-sustentabilidad-eran-bonos,El Estado nacional se financió con los recursos de los jubilados. Al momento de nuestra llegada casi el 70% del FGS eran bonos públicos,falso,entrenamiento,Engañoso,https://chequeado.com/ultimas-noticias/alberto-fernandez-el-estado-nacional-entre-el-2016-y-2019-se-financio-con-los-recursos-de-los-jubilados-al-momento-de-nuestra-llegada-casi-el-70-del-fondo-de-sustentabilidad-eran-bonos/
alberto-fernandez-el-gobierno-que-me-precedio-solicito-el-prestamo-mas-grande-de-la-historia-del-fondo-monetario-internacional,El Gobierno que me precedió solicitó el préstamo más grande de la historia del Fondo Monetario Internacional,verdadero,entrenamiento,Verdadero,https://chequeado.com/ultimas-noticias/alberto-fernandez-el-gobierno-que-me-precedio-solicito-el-prestamo-mas-grande-de-la-historia-del-fondo-monetario-internacional/
alberto-fernandez-el-nivel-de-produccion-industrial-hoy-es-equivalente-al-de-2006-retrocedimos-13-anos,El nivel de producción industrial hoy es equivalente al de 2006: retrocedimos 13 años,verdadero,entrenamiento,Verdadero,https://chequeado.com/ultimas-noticias/alberto-fernandez-el-nivel-de-produccion-industrial-hoy-es-equivalente-al-de-2006-retrocedimos-13-anos/
alberto-fernandez-el-nuevo-plan-potenciar-trabaja-hoy-alcanza-a-820-mil-titulares-los-beneficiarios-cobran-la-mitad-del-salario-minimo-y-se-vinculan-con-el-mercado-laboral-formal,El nuevo plan Potenciar Trabaja hoy alcanza a 820 mil titulares. Los beneficiarios cobran la mitad del salario mínimo y se vinculan con el mercado laboral formal,verdadero,entrenamiento,Verdadero,https://chequeado.com/ultimas-noticias/alberto-fernandez-el-nuevo-plan-potenciar-trabaja-hoy-alcanza-a-820-mil-titulares-los-beneficiarios-cobran-la-mitad-del-salario-minimo-y-se-vinculan-con-el-mercado-laboral-formal/
alberto-fernandez-el-pais-lleva-22-meses-consecutivos-de-crecimiento-de-empleo-registrado,El país lleva 22 meses consecutivos de crecimiento de empleo registrado,verdadero,entrenamiento,Verdadero,https://chequeado.com/ultimas-noticias/alberto-fernandez-el-pais-lleva-22-meses-consecutivos-de-crecimiento-de-empleo-registrado/
alberto-fernandez-el-pbi-per-capita-es-el-mas-bajo-desde-el-ano-2009,El PBI per cápita es el más bajo desde el año 2009,verdadero,validacion,Verdadero,https://chequeado.com/ultimas-noticias/alberto-fernandez-el-pbi-per-capita-es-el-mas-bajo-desde-el-ano-2009/
alberto-fernandez-el-presupuesto-para-obras-publicas-se-redujo-a-menos-de-la-mitad-entre-2015-y-2019,El presupuesto para obras públicas se redujo a menos de la mitad entre 2015 y 2019,verdadero,entrenamiento,Verdadero,https://chequeado.com/ultimas-noticias/alberto-fernandez-el-presupuesto-para-obras-publicas-se-redujo-a-menos-de-la-mitad-entre-2015-y-2019/
alberto-fernandez-el-programa-potenciar-trabajo-tiene-mas-de-un-millon-de-beneficiarios-dos-tercios-de-quienes-reciben-el-subsidio-son-mujeres,El programa Potenciar Trabajo tiene más de un millón de beneficiarios. Dos tercios de quienes reciben el subsidio son mujeres,verdadero,entrenamiento,Verdadero,https://chequeado.com/ultimas-noticias/alberto-fernandez-el-programa-potenciar-trabajo-tiene-mas-de-un-millon-de-beneficiarios-dos-tercios-de-quienes-reciben-el-subsidio-son-mujeres/
alberto-fernandez-el-propio-fondo-monetario-internacional-ha-senalado-que-la-deuda-argentina-no-es-sostenible,El propio Fondo Monetario Internacional ha señalado que la deuda argentina no es sostenible,verdadero,entrenamiento,Verdadero,https://chequeado.com/ultimas-noticias/alberto-fernandez-el-propio-fondo-monetario-internacional-ha-senalado-que-la-deuda-argentina-no-es-sostenible/
alberto-fernandez-en-2021-la-pobreza-dejo-de-aumentar,En 2021 la pobreza dejó de aumentar,verdadero,validacion,Verdadero,https://chequeado.com/ultimas-noticias/alberto-fernandez-en-2021-la-pobreza-dejo-de-aumentar/
alberto-fernandez-en-2021-los-trenes-de-carga-que-opera-el-estado-incrementaron-un-60-lo-transportado-en-2019,En 2021 los trenes de carga que opera el Estado incrementaron un 60% lo transportado en 2019,verdadero,entrenamiento,Verdadero,https://chequeado.com/ultimas-noticias/alberto-fernandez-en-2021-los-trenes-de-carga-que-opera-el-estado-incrementaron-un-60-lo-transportado-en-2019/
alberto-fernandez-en-2022-el-haber-minimo-jubilatorio-tuvo-un-incremento-interanual-del-107-superando-la-inflacion-en-12-puntos,"En 2022, el haber mínimo jubilatorio tuvo un incremento interanual del 107%, superando la inflación en 12 puntos",falso,validacion,Falso,https://chequeado.com/ultimas-noticias/alberto-fernandez-en-2022-el-haber-minimo-jubilatorio-tuvo-un-incremento-interanual-del-107-superando-la-inflacion-en-12-puntos/
alberto-fernandez-en-2022-se-registro-la-tasa-mas-baja-de-desempleo-desde-el-ano-2004,En 2022 se registró la tasa más baja de desempleo desde el año 2004,verdadero,entrenamiento,Verdadero,https://chequeado.com/ultimas-noticias/alberto-fernandez-en-2022-se-registro-la-tasa-mas-baja-de-desempleo-desde-el-ano-2004/
alberto-fernandez-en-el-caso-de-los-miembros-de-la-corte-suprema-acceder-a-la-declaracion-jurada-de-sus-bienes-es-virtualmente-imposible,"En el caso de los miembros de la Corte Suprema, acceder a la declaración jurada de sus bienes es virtualmente imposible",verdadero,validacion,Verdadero,https://chequeado.com/ultimas-noticias/alberto-fernandez-en-el-caso-de-los-miembros-de-la-corte-suprema-acceder-a-la-declaracion-jurada-de-sus-bienes-es-virtualmente-imposible/
alberto-fernandez-en-el-empleo-formal-la-industria-ya-recupero-todos-los-empleos-perdidos-por-la-pandemia-y-ya-estamos-por-encima-de-diciembre-de-2019,[En el empleo formal] la industria ya recuperó todos los empleos perdidos por la pandemia y ya estamos por encima de diciembre de 2019,verdadero,entrenamiento,Verdadero,https://chequeado.com/ultimas-noticias/alberto-fernandez-en-el-empleo-formal-la-industria-ya-recupero-todos-los-empleos-perdidos-por-la-pandemia-y-ya-estamos-por-encima-de-diciembre-de-2019/
alberto-fernandez-en-el-mandato-de-mauricio-macri-la-desocupacion-trepo-a-97,"[En el mandato de Mauricio Macri] la desocupación trepó a 9,7%",verdadero,entrenamiento,Verdadero,https://chequeado.com/ultimas-noticias/alberto-fernandez-en-el-mandato-de-mauricio-macri-la-desocupacion-trepo-a-97/
alberto-fernandez-en-este-ano-que-termina-habremos-registrado-un-record-de-inversiones-y-de-exportaciones,En este año que termina habremos registrado un récord de inversiones y de exportaciones,verdadero,entrenamiento,"Verdadero, pero…",https://chequeado.com/ultimas-noticias/alberto-fernandez-en-este-ano-que-termina-habremos-registrado-un-record-de-inversiones-y-de-exportaciones/
alberto-fernandez-en-estos-anos-hemos-recuperado-mas-de-30-puntos-en-terminos-reales-el-poder-adquisitivo-de-los-sueldos-de-los-investigadores-y-casi-40-los-estipendios-de-los-becarios,En estos años hemos recuperado más de 30 puntos en términos reales el salario de los investigadores y casi 40 los estipendios de los becarios,verdadero,entrenamiento,"Verdadero, pero…",https://chequeado.com/ultimas-noticias/alberto-fernandez-en-estos-anos-hemos-recuperado-mas-de-30-puntos-en-terminos-reales-el-poder-adquisitivo-de-los-sueldos-de-los-investigadores-y-casi-40-los-estipendios-de-los-becarios/
alberto-fernandez-en-estos-casi-40-anos-de-democracia-es-la-primera-vez-que-se-rechaza-un-presupuesto-en-este-recinto,"En estos casi 40 años de democracia, es la primera vez que se rechaza un presupuesto en este recinto",verdadero,entrenamiento,Verdadero,https://chequeado.com/ultimas-noticias/alberto-fernandez-en-estos-casi-40-anos-de-democracia-es-la-primera-vez-que-se-rechaza-un-presupuesto-en-este-recinto/
alberto-fernandez-en-la-campana-2021-22-el-area-sembrada-fue-superior-a-las-42-millones-de-hectareas-otro-record-historico,"En la campaña 2021/22 el área sembrada fue superior a las 42 millones de hectáreas, otro récord histórico",verdadero,entrenamiento,Verdadero,https://chequeado.com/ultimas-noticias/alberto-fernandez-en-la-campana-2021-22-el-area-sembrada-fue-superior-a-las-42-millones-de-hectareas-otro-record-historico/
alberto-fernandez-en-la-ciudad-no-tienen-mas-lugar-los-enfermos-de-pami-con-covid-19,En la Ciudad no tienen más lugar [los enfermos de PAMI con COVID-19],falso,entrenamiento,Engañoso,https://chequeado.com/ultimas-noticias/alberto-fernandez-en-la-ciudad-no-tienen-mas-lugar-los-enfermos-de-pami-con-covid-19/
alberto-fernandez-en-los-4-anos-previos-a-nuestra-llegada-la-produccion-de-gas-habia-caido-a-un-ritmo-del-8-anual,"En los 4 años previos a nuestra llegada, la producción de gas había caído a un ritmo del 8% anual",falso,entrenamiento,Falso,https://chequeado.com/ultimas-noticias/alberto-fernandez-en-los-4-anos-previos-a-nuestra-llegada-la-produccion-de-gas-habia-caido-a-un-ritmo-del-8-anual/
alberto-fernandez-en-terminos-interanuales-el-empleo-industrial-registrado-lleva-44-meses-consecutivos-de-destruccion,En términos interanuales el empleo industrial registrado lleva 44 meses consecutivos de destrucción,verdadero,entrenamiento,Verdadero,https://chequeado.com/ultimas-noticias/alberto-fernandez-en-terminos-interanuales-el-empleo-industrial-registrado-lleva-44-meses-consecutivos-de-destruccion/
alberto-fernandez-entre-los-paises-con-mas-de-30-millones-de-habitantes-la-argentina-exhibe-los-mayores-porcentajes-de-vacunacion-junto-a-china-y-espana,"Entre los países con más de 30 millones de habitantes, la Argentina exhibe los mayores porcentajes de vacunación junto a China y España",falso,entrenamiento,Engañoso,https://chequeado.com/ultimas-noticias/alberto-fernandez-entre-los-paises-con-mas-de-30-millones-de-habitantes-la-argentina-exhibe-los-mayores-porcentajes-de-vacunacion-junto-a-china-y-espana/
alberto-fernandez-establecimos-el-cupo-laboral-travesti-trans-en-la-administracion-publica-nacional,Establecimos el cupo laboral travesti trans en la Administración Pública Nacional,verdadero,entrenamiento,Verdadero,https://chequeado.com/ultimas-noticias/alberto-fernandez-establecimos-el-cupo-laboral-travesti-trans-en-la-administracion-publica-nacional/
alberto-fernandez-estamos-cursando-el-brote-de-sarampion-mas-importante-desde-el-ano-2000,Estamos cursando el brote de sarampión más importante desde el año 2000,verdadero,entrenamiento,Verdadero,https://chequeado.com/ultimas-noticias/alberto-fernandez-estamos-cursando-el-brote-de-sarampion-mas-importante-desde-el-ano-2000/
alberto-fernandez-este-ano-mas-que-duplicamos-los-esfuerzos-de-2019-en-la-inversion-en-ciencia-innovacion-y-desarrollo,"Este año más que duplicamos los esfuerzos de 2019 en la inversión en Ciencia, Innovación y Desarrollo",falso,entrenamiento,Falso,https://chequeado.com/ultimas-noticias/alberto-fernandez-este-ano-mas-que-duplicamos-los-esfuerzos-de-2019-en-la-inversion-en-ciencia-innovacion-y-desarrollo/
alberto-fernandez-este-ano-se-recupero-la-inversion-por-encima-de-2019,Este año se recuperó la inversión por encima de 2019,verdadero,entrenamiento,Verdadero,https://chequeado.com/ultimas-noticias/alberto-fernandez-este-ano-se-recupero-la-inversion-por-encima-de-2019/
alberto-fernandez-ha-aumentado-en-los-ultimos-anos-la-cantidad-de-jovenes-que-ni-estudian-ni-trabajan,Ha aumentado en los últimos años la cantidad de jóvenes que ni estudian ni trabajan,falso,entrenamiento,Falso,https://chequeado.com/ultimas-noticias/alberto-fernandez-ha-aumentado-en-los-ultimos-anos-la-cantidad-de-jovenes-que-ni-estudian-ni-trabajan/
alberto-fernandez-hace-2-anos-que-estamos-en-recesion-profunda,Hace 2 años que estamos en recesión profunda,verdadero,entrenamiento,Verdadero,https://chequeado.com/ultimas-noticias/alberto-fernandez-hace-2-anos-que-estamos-en-recesion-profunda/
alberto-fernandez-hasta-hoy-llegaron-al-pais-4-millones-de-dosis-un-6-de-las-dosis-que-hemos-contratado,"Hasta hoy llegaron al país 4 millones de dosis, un 6% de las dosis que hemos contratado",verdadero,entrenamiento,Verdadero,https://chequeado.com/ultimas-noticias/alberto-fernandez-hasta-hoy-llegaron-al-pais-4-millones-de-dosis-un-6-de-las-dosis-que-hemos-contratado/
alberto-fernandez-hay-mas-de-12-millones-de-jovenes-que-no-estudian-ni-trabajan,"Hay más de 1,2 millones de jóvenes que no estudian ni trabajan",verdadero,entrenamiento,Verdadero,https://chequeado.com/ultimas-noticias/alberto-fernandez-hay-mas-de-12-millones-de-jovenes-que-no-estudian-ni-trabajan/
alberto-fernandez-he-creado-hasta-el-dia-de-hoy-un-millon-y-medio-de-puestos-de-trabajo,He creado hasta el día de hoy un millón y medio de puestos de trabajo,verdadero,entrenamiento,"Verdadero, pero…",https://chequeado.com/ultimas-noticias/alberto-fernandez-he-creado-hasta-el-dia-de-hoy-un-millon-y-medio-de-puestos-de-trabajo/
alberto-fernandez-hemos-iniciado-el-mayor-operativo-de-vacunacion-de-la-historia-argentina,Hemos iniciado el mayor operativo de vacunación de la historia argentina,verdadero,entrenamiento,Verdadero,https://chequeado.com/ultimas-noticias/alberto-fernandez-hemos-iniciado-el-mayor-operativo-de-vacunacion-de-la-historia-argentina/
alberto-fernandez-hoy-el-10-de-los-paises-acapara-el-90-de-las-vacunas-existentes,Hoy el 10% de los países acapara el 90% de las vacunas existentes,verdadero,entrenamiento,Verdadero,https://chequeado.com/ultimas-noticias/alberto-fernandez-hoy-el-10-de-los-paises-acapara-el-90-de-las-vacunas-existentes/
alberto-fernandez-hoy-el-desempleo-afecta-a-casi-un-30-de-los-jovenes-y-aun-mas-en-las-mujeres-jovenes,Hoy el desempleo afecta a casi un 30% de los jóvenes y aún más en las mujeres jóvenes,verdadero,validacion,Verdadero,https://chequeado.com/ultimas-noticias/alberto-fernandez-hoy-el-desempleo-afecta-a-casi-un-30-de-los-jovenes-y-aun-mas-en-las-mujeres-jovenes/
alberto-fernandez-hoy-existen-regiones-en-donde-3-de-cada-10-chicos-no-comienzan-su-escolaridad-hasta-los-5-anos-y-otras-donde-la-mitad-no-lo-hace-antes-de-los-4,Hoy existen regiones en donde 3 de cada 10 chicos no comienzan su escolaridad hasta los 5 años y otras donde la mitad no lo hace antes de los 4,verdadero,entrenamiento,Verdadero,https://chequeado.com/ultimas-noticias/alberto-fernandez-hoy-existen-regiones-en-donde-3-de-cada-10-chicos-no-comienzan-su-escolaridad-hasta-los-5-anos-y-otras-donde-la-mitad-no-lo-hace-antes-de-los-4/
alberto-fernandez-hoy-padecemos-el-peor-brote-de-sarampion-de-los-ultimos-20-anos,Hoy padecemos el peor brote de sarampión de los últimos 20 años,verdadero,validacion,Verdadero,https://chequeado.com/ultimas-noticias/alberto-fernandez-hoy-padecemos-el-peor-brote-de-sarampion-de-los-ultimos-20-anos/
alberto-fernandez-hoy-se-consume-la-misma-energia-para-produccion-industrial-que-se-consumia-el-19-de-marzo-y-el-consumo-es-mas-alto,Hoy se consume la misma energía para producción industrial que se consumía el 19 de marzo. Y el consumo es más alto,falso,entrenamiento,Falso,https://chequeado.com/ultimas-noticias/alberto-fernandez-hoy-se-consume-la-misma-energia-para-produccion-industrial-que-se-consumia-el-19-de-marzo-y-el-consumo-es-mas-alto/
alberto-fernandez-incorporamos-mas-de-4-mil-unidades-de-terapias-intensivas-que-implico-un-aumento-del-47-de-la-capacidad-instalada,"Incorporamos más de 4 mil unidades de terapias intensivas, que implicó un aumento del 47% de la capacidad instalada",verdadero,entrenamiento,Verdadero,https://chequeado.com/ultimas-noticias/alberto-fernandez-incorporamos-mas-de-4-mil-unidades-de-terapias-intensivas-que-implico-un-aumento-del-47-de-la-capacidad-instalada/
alberto-fernandez-iniciamos-este-ano-con-uno-de-los-mas-significativos-incrementos-presupuestarios-de-la-educacion-argentina-en-estos-casi-40-anos-de-vida-democratica,Iniciamos este año con uno de los más significativos incrementos presupuestarios de la educación argentina en estos casi 40 años de vida democrática,verdadero,entrenamiento,"Verdadero, pero…",https://chequeado.com/ultimas-noticias/alberto-fernandez-iniciamos-este-ano-con-uno-de-los-mas-significativos-incrementos-presupuestarios-de-la-educacion-argentina-en-estos-casi-40-anos-de-vida-democratica/
alberto-fernandez-la-argentina-en-los-2-ultimos-anos-es-el-segundo-pais-que-mas-crecio-en-el-mundo,La Argentina en los 2 últimos años es el segundo país que más creció en el mundo,falso,validacion,Engañoso,https://chequeado.com/ultimas-noticias/alberto-fernandez-la-argentina-en-los-2-ultimos-anos-es-el-segundo-pais-que-mas-crecio-en-el-mundo/
alberto-fernandez-la-argentina-es-uno-de-los-paises-latinoamericanos-mas-retrasados-en-regimenes-de-licencias-parentales,La Argentina es uno de los países latinoamericanos más retrasados en regímenes de licencias parentales,verdadero,validacion,Verdadero,https://chequeado.com/ultimas-noticias/alberto-fernandez-la-argentina-es-uno-de-los-paises-latinoamericanos-mas-retrasados-en-regimenes-de-licencias-parentales/
alberto-fernandez-la-argentina-ha-llevado-a-cabo-la-mayor-campana-de-vacunacion-de-su-historia,La Argentina ha llevado a cabo la mayor campaña de vacunación de su historia,verdadero,validacion,Verdadero,https://chequeado.com/ultimas-noticias/alberto-fernandez-la-argentina-ha-llevado-a-cabo-la-mayor-campana-de-vacunacion-de-su-historia/
alberto-fernandez-la-deuda-publica-en-relacion-al-pbi-esta-en-su-peor-momento-desde-el-ano-2004,"La deuda pública, en relación al PBI, está en su peor momento desde el año 2004",verdadero,entrenamiento,Verdadero,https://chequeado.com/ultimas-noticias/alberto-fernandez-la-deuda-publica-en-relacion-al-pbi-esta-en-su-peor-momento-desde-el-ano-2004/
alberto-fernandez-la-economia-asistio-a-un-fin-de-ano-de-2021-exhibiendo-una-profunda-recuperacion-del-103-del-pbi,"La economía asistió a un fin de año de 2021 exhibiendo una profunda recuperación del 10,3% del PBI",verdadero,entrenamiento,Verdadero,https://chequeado.com/ultimas-noticias/alberto-fernandez-la-economia-asistio-a-un-fin-de-ano-de-2021-exhibiendo-una-profunda-recuperacion-del-103-del-pbi/
alberto-fernandez-la-industria-encadeno-15-meses-de-subas-continuas,La industria encadenó 15 meses de subas continuas,falso,validacion,Falso,https://chequeado.com/ultimas-noticias/alberto-fernandez-la-industria-encadeno-15-meses-de-subas-continuas/
alberto-fernandez-la-industria-instalada-registra-un-nivel-de-capacidad-ociosa-que-roza-el-40,La industria instalada registra un nivel de capacidad ociosa que roza el 40%,verdadero,entrenamiento,Verdadero,https://chequeado.com/ultimas-noticias/alberto-fernandez-la-industria-instalada-registra-un-nivel-de-capacidad-ociosa-que-roza-el-40/
alberto-fernandez-la-inflacion-actual-es-la-mas-alta-de-los-ultimos-28-anos,La inflación actual es la más alta de los últimos 28 años,verdadero,entrenamiento,Verdadero,https://chequeado.com/ultimas-noticias/alberto-fernandez-la-inflacion-actual-es-la-mas-alta-de-los-ultimos-28-anos/
alberto-fernandez-la-inseguridad-alimentaria-tuvo-un-incremento-del-71-entre-el-2015-y-el-2018-en-nuestro-pais,La inseguridad alimentaria tuvo un incremento del 71% entre el 2015 y el 2018 en nuestro país,verdadero,entrenamiento,Verdadero,https://chequeado.com/ultimas-noticias/alberto-fernandez-la-inseguridad-alimentaria-tuvo-un-incremento-del-71-entre-el-2015-y-el-2018-en-nuestro-pais/
alberto-fernandez-la-legalizacion-del-aborto-permite-ademas-como-ocurrio-en-la-ciudad-de-mexico-o-en-uruguay-que-disminuyan-los-abortos-y-las-muertes-que-ellos-causan,"La legalización del aborto permite además, como ocurrió en la Ciudad de México o en Uruguay, que disminuyan los abortos y las muertes que ellos causan",verdadero,entrenamiento,Verdadero,https://chequeado.com/ultimas-noticias/alberto-fernandez-la-legalizacion-del-aborto-permite-ademas-como-ocurrio-en-la-ciudad-de-mexico-o-en-uruguay-que-disminuyan-los-abortos-y-las-muertes-que-ellos-causan/
alberto-fernandez-la-ley-de-financiamiento-y-la-de-educacion-nacional-se-empezaron-a-incumplir-hace-4-anos,La Ley de Financiamiento y la de Educación Nacional se empezaron a incumplir hace 4 años,falso,entrenamiento,Engañoso,https://chequeado.com/ultimas-noticias/alberto-fernandez-la-ley-de-financiamiento-y-la-de-educacion-nacional-se-empezaron-a-incumplir-hace-4-anos/
alberto-fernandez-la-mayor-parte-del-trabajo-domestico-recae-sobre-las-mujeres-en-argentina,La mayor parte del trabajo doméstico recae sobre las mujeres en Argentina,verdadero,entrenamiento,Verdadero,https://chequeado.com/ultimas-noticias/alberto-fernandez-la-mayor-parte-del-trabajo-domestico-recae-sobre-las-mujeres-en-argentina/
alberto-fernandez-la-organizacion-mundial-de-la-salud-entre-las-cosas-que-recomienda-es-que-uno-tome-muchas-bebidas-calientes-porque-el-calor-mata-el-virus,La OMS recomienda que uno tome muchas bebidas calientes porque el calor mata al virus,falso,entrenamiento,Falso,https://chequeado.com/ultimas-noticias/alberto-fernandez-la-organizacion-mundial-de-la-salud-entre-las-cosas-que-recomienda-es-que-uno-tome-muchas-bebidas-calientes-porque-el-calor-mata-el-virus/
alberto-fernandez-la-participacion-del-sector-salud-en-el-presupuesto-publico-bajo-45-en-los-ultimos-4-anos,La participación del sector Salud en el presupuesto público bajó 45% en los últimos 4 años,falso,entrenamiento,Falso,https://chequeado.com/ultimas-noticias/alberto-fernandez-la-participacion-del-sector-salud-en-el-presupuesto-publico-bajo-45-en-los-ultimos-4-anos/
alberto-fernandez-la-pobreza-actual-esta-en-los-valores-mas-altos-desde-2008,La pobreza actual está en los valores más altos desde 2008,verdadero,validacion,Verdadero,https://chequeado.com/ultimas-noticias/alberto-fernandez-la-pobreza-actual-esta-en-los-valores-mas-altos-desde-2008/
alberto-fernandez-la-produccion-de-maquinaria-agricola-tuvo-un-repunte-extraordinario-y-fue-la-mas-alta-en-lo-que-va-del-siglo-xxi,La producción de maquinaria agrícola tuvo un repunte extraordinario y fue la más alta en lo que va del siglo XXI,verdadero,entrenamiento,Verdadero,https://chequeado.com/ultimas-noticias/alberto-fernandez-la-produccion-de-maquinaria-agricola-tuvo-un-repunte-extraordinario-y-fue-la-mas-alta-en-lo-que-va-del-siglo-xxi/
alberto-fernandez-la-produccion-de-petroleo-tuvo-el-mejor-diciembre-desde-2011-y-la-de-gas-el-mejor-diciembre-desde-2008,"La producción de petróleo tuvo el mejor diciembre desde 2011 y la de gas, el mejor diciembre desde 2008",verdadero,entrenamiento,Verdadero,https://chequeado.com/ultimas-noticias/alberto-fernandez-la-produccion-de-petroleo-tuvo-el-mejor-diciembre-desde-2011-y-la-de-gas-el-mejor-diciembre-desde-2008/
alberto-fernandez-la-recaudacion-lleva-17-meses-consecutivos-de-crecimiento-por-encima-de-la-variacion-de-precios,La recaudación lleva 17 meses consecutivos de crecimiento por encima de la variación de precios,verdadero,entrenamiento,Verdadero,https://chequeado.com/ultimas-noticias/alberto-fernandez-la-recaudacion-lleva-17-meses-consecutivos-de-crecimiento-por-encima-de-la-variacion-de-precios/
alberto-fernandez-la-refinacion-de-petroleo-crecio-un-56-desde-el-2021,"La refinación de petróleo creció un 5,6% desde el 2021",verdadero,entrenamiento,Verdadero,https://chequeado.com/ultimas-noticias/alberto-fernandez-la-refinacion-de-petroleo-crecio-un-56-desde-el-2021/
alberto-fernandez-la-tarjeta-alimentar-esta-llegando-a-4-millones-de-destinatarios,La Tarjeta Alimentar está llegando a 4 millones de destinatarios,verdadero,entrenamiento,Verdadero,https://chequeado.com/ultimas-noticias/alberto-fernandez-la-tarjeta-alimentar-esta-llegando-a-4-millones-de-destinatarios/
alberto-fernandez-las-ventas-al-exterior-aumentaron-el-135,"Las ventas al exterior aumentaron el 13,5%",verdadero,entrenamiento,"Verdadero, pero…",https://chequeado.com/ultimas-noticias/alberto-fernandez-las-ventas-al-exterior-aumentaron-el-135/
alberto-fernandez-llevamos-19-meses-consecutivos-de-caida-de-la-actividad-industrial,Llevamos 19 meses consecutivos de caída de la actividad industrial,verdadero,entrenamiento,"Verdadero, pero…",https://chequeado.com/ultimas-noticias/alberto-fernandez-llevamos-19-meses-consecutivos-de-caida-de-la-actividad-industrial/
alberto-fernandez-logramos-un-descenso-en-la-tasa-de-fecundidad-adolescente-en-17-puntos,"Logramos un descenso en la tasa de fecundidad adolescente en 1,7 puntos",verdadero,entrenamiento,Verdadero,https://chequeado.com/ultimas-noticias/alberto-fernandez-logramos-un-descenso-en-la-tasa-de-fecundidad-adolescente-en-17-puntos/
alberto-fernandez-los-arboles-son-el-mecanismo-natural-manejable-mas-eficiente-para-la-captura-de-carbono,Los árboles son el mecanismo natural manejable más eficiente para la captura de carbono,verdadero,entrenamiento,"Verdadero, pero…",https://chequeado.com/ultimas-noticias/alberto-fernandez-los-arboles-son-el-mecanismo-natural-manejable-mas-eficiente-para-la-captura-de-carbono/
alberto-fernandez-los-jubilados-no-solamente-dejaron-de-pagar-sus-medicamentos-sino-que-ademas-han-recibido-en-lo-que-va-del-ano-un-ingreso-que-esta-un-par-de-puntos-por-arriba-de-la-inflac,"Los jubilados no solamente dejaron de pagar sus medicamentos, sino que además han recibido en lo que va del año un ingreso que está un par de puntos por arriba de la inflación",falso,entrenamiento,Engañoso,https://chequeado.com/ultimas-noticias/alberto-fernandez-los-jubilados-no-solamente-dejaron-de-pagar-sus-medicamentos-sino-que-ademas-han-recibido-en-lo-que-va-del-ano-un-ingreso-que-esta-un-par-de-puntos-por-arriba-de-la-inflac/
alberto-fernandez-los-sectores-mas-desprotegidos-son-los-que-mas-sufren-los-efectos-del-cambio-climatico,Los sectores más desprotegidos son los que más sufren los efectos del cambio climático,verdadero,entrenamiento,Verdadero,https://chequeado.com/ultimas-noticias/alberto-fernandez-los-sectores-mas-desprotegidos-son-los-que-mas-sufren-los-efectos-del-cambio-climatico/
alberto-fernandez-macri-ha-dispuesto-que-todo-el-presupuesto-de-la-afi-sea-secreto,Macri ha dispuesto que todo el presupuesto de la AFI sea secreto,verdadero,entrenamiento,Verdadero,https://chequeado.com/ultimas-noticias/alberto-fernandez-macri-ha-dispuesto-que-todo-el-presupuesto-de-la-afi-sea-secreto/
alberto-fernandez-mas-de-5-millones-de-argentinos-y-argentinas-se-endeudaron-con-el-anses-a-altas-tasas-de-interes-solo-para-cubrir-otras-deudas-que-los-apremiaban,"Más de 5 millones de argentinos y argentinas se endeudaron con el ANSES a altas tasas de interés, sólo para cubrir otras deudas que los apremiaban",verdadero,validacion,Verdadero,https://chequeado.com/ultimas-noticias/alberto-fernandez-mas-de-5-millones-de-argentinos-y-argentinas-se-endeudaron-con-el-anses-a-altas-tasas-de-interes-solo-para-cubrir-otras-deudas-que-los-apremiaban/
alberto-fernandez-ningun-magistrado-ni-funcionario-judicial-paga-hoy-el-impuesto-a-las-ganancias,Ningún magistrado ni funcionario judicial paga hoy el impuesto a las Ganancias,falso,validacion,Falso,https://chequeado.com/ultimas-noticias/alberto-fernandez-ningun-magistrado-ni-funcionario-judicial-paga-hoy-el-impuesto-a-las-ganancias/
alberto-fernandez-no-dijo-estos-dias-sin-electricidad-y-sin-internet-permitieron-que-los-argentinos-y-las-argentinas-se-reunan-y-hablen-entre-ellos-en-persona,"Estos días sin electricidad y sin internet, permitieron que los argentinos y las argentinas se reúnan y hablen entre ellos en persona",falso,entrenamiento,Falso,https://chequeado.com/ultimas-noticias/alberto-fernandez-no-dijo-estos-dias-sin-electricidad-y-sin-internet-permitieron-que-los-argentinos-y-las-argentinas-se-reunan-y-hablen-entre-ellos-en-persona/
alberto-fernandez-no-hay-registro-de-condena-por-abortos-hay-muy-poquitos,"No hay registro de condena por abortos, hay muy poquitos",verdadero,entrenamiento,Verdadero,https://chequeado.com/ultimas-noticias/alberto-fernandez-no-hay-registro-de-condena-por-abortos-hay-muy-poquitos/
alberto-fernandez-no-logramos-reducir-en-plena-pandemia-la-muy-alta-inflacion-que-heredamos,"No logramos reducir, en plena pandemia, la muy alta inflación que heredamos",verdadero,entrenamiento,Verdadero,https://chequeado.com/ultimas-noticias/alberto-fernandez-no-logramos-reducir-en-plena-pandemia-la-muy-alta-inflacion-que-heredamos/
alberto-fernandez-por-primera-vez-elaboramos-un-presupuesto-nacional-con-perspectiva-de-genero,Por primera vez elaboramos un presupuesto nacional con perspectiva de género,falso,entrenamiento,Engañoso,https://chequeado.com/ultimas-noticias/alberto-fernandez-por-primera-vez-elaboramos-un-presupuesto-nacional-con-perspectiva-de-genero/
alberto-fernandez-por-todas-las-medidas-que-nosotros-tomamos-fuimos-elegidos-por-la-oms-para-llevar-adelante-experimentos-medicinales-sobre-el-coronavirus,Por todas las medidas que nosotros tomamos fuimos elegidos por la OMS para llevar adelante experimentos medicinales sobre el coronavirus,falso,entrenamiento,Falso,https://chequeado.com/ultimas-noticias/alberto-fernandez-por-todas-las-medidas-que-nosotros-tomamos-fuimos-elegidos-por-la-oms-para-llevar-adelante-experimentos-medicinales-sobre-el-coronavirus/
alberto-fernandez-preservamos-el-ingreso-de-jubilados-y-jubiladas-aumentando-sus-haberes-y-otorgandoles-bonos-adicionales,Preservamos el ingreso de jubilados y jubiladas aumentando sus haberes y otorgándoles bonos adicionales,falso,entrenamiento,Engañoso,https://chequeado.com/ultimas-noticias/alberto-fernandez-preservamos-el-ingreso-de-jubilados-y-jubiladas-aumentando-sus-haberes-y-otorgandoles-bonos-adicionales/
alberto-fernandez-propusimos-un-ajuste-de-tarifas-siguiendo-una-ley-que-votaron-los-que-ahora-desde-el-kirchnerismo-se-han-opuesto,Propusimos un ajuste de tarifas siguiendo una ley que votaron los que ahora (desde el kirchnerismo) se han opuesto,verdadero,entrenamiento,Verdadero,https://chequeado.com/ultimas-noticias/alberto-fernandez-propusimos-un-ajuste-de-tarifas-siguiendo-una-ley-que-votaron-los-que-ahora-desde-el-kirchnerismo-se-han-opuesto/
alberto-fernandez-pudimos-cumplir-la-promesa-de-que-los-jubilados-no-iban-a-ver-caer-sus-ingresos,Pudimos cumplir la promesa de que los jubilados no iban a ver caer sus ingresos,falso,entrenamiento,Engañoso,https://chequeado.com/ultimas-noticias/alberto-fernandez-pudimos-cumplir-la-promesa-de-que-los-jubilados-no-iban-a-ver-caer-sus-ingresos/
alberto-fernandez-recibimos-un-pais-que-en-4-anos-habia-desinvertido-de-manera-sistematica-en-la-educacion-con-una-caida-de-mas-del-30-del-presupuesto-educativo-nacional,"Recibimos un país que en 4 años había desinvertido de manera sistemática en la Educación, con una caída de más del 30% del presupuesto educativo nacional",verdadero,entrenamiento,Verdadero,https://chequeado.com/ultimas-noticias/alberto-fernandez-recibimos-un-pais-que-en-4-anos-habia-desinvertido-de-manera-sistematica-en-la-educacion-con-una-caida-de-mas-del-30-del-presupuesto-educativo-nacional/
alberto-fernandez-recompusimos-el-estipendio-de-las-becas-del-conicet,Recompusimos el estipendio de las becas del Conicet,verdadero,entrenamiento,Verdadero,https://chequeado.com/ultimas-noticias/alberto-fernandez-recompusimos-el-estipendio-de-las-becas-del-conicet/
alberto-fernandez-sabemos-que-los-jovenes-estan-entre-los-sectores-mas-afectados-por-la-pandemia,Sabemos que los jóvenes están entre los sectores más afectados por la pandemia,verdadero,entrenamiento,Verdadero,https://chequeado.com/ultimas-noticias/alberto-fernandez-sabemos-que-los-jovenes-estan-entre-los-sectores-mas-afectados-por-la-pandemia/
alberto-fernandez-se-destruyeron-mas-de-240-mil-empleos-privados-entre-2015-y-2019,[Se destruyeron] más de 240 mil empleos privados entre 2015 y 2019,falso,entrenamiento,Engañoso,https://chequeado.com/ultimas-noticias/alberto-fernandez-se-destruyeron-mas-de-240-mil-empleos-privados-entre-2015-y-2019/
alberto-fernandez-se-fortalecio-el-servicio-nacional-de-manejo-del-fuego-en-2022-se-ejecutaron-casi-14-mil-millones-70-veces-mas-que-lo-ejecutado-en-2019,"Se fortaleció el Servicio Nacional de Manejo del Fuego. En 2022 se ejecutaron casi $14 mil millones, 70 veces más que lo ejecutado en 2019",falso,entrenamiento,Engañoso,https://chequeado.com/ultimas-noticias/alberto-fernandez-se-fortalecio-el-servicio-nacional-de-manejo-del-fuego-en-2022-se-ejecutaron-casi-14-mil-millones-70-veces-mas-que-lo-ejecutado-en-2019/
alberto-fernandez-se-incumplio-el-envio-de-fondos-al-equipo-argentino-de-antropologia-forense,Se incumplió el envío de fondos al Equipo Argentino de Antropología Forense,falso,entrenamiento,Engañoso,https://chequeado.com/ultimas-noticias/alberto-fernandez-se-incumplio-el-envio-de-fondos-al-equipo-argentino-de-antropologia-forense/
alberto-fernandez-sobre-aerolineas-argentinas-durante-2022-redujo-casi-a-la-mitad-su-necesidad-de-asistencia-con-respecto-a-2021,Durante 2022 redujo casi a la mitad su necesidad de asistencia con respecto a 2021,falso,entrenamiento,Engañoso,https://chequeado.com/ultimas-noticias/alberto-fernandez-sobre-aerolineas-argentinas-durante-2022-redujo-casi-a-la-mitad-su-necesidad-de-asistencia-con-respecto-a-2021/
alberto-fernandez-sobre-cambiemos-mientras-pagabamos-esas-tarifas-la-produccion-de-gas-declinaba,"Mientras pagábamos esas tarifas, la producción de gas declinaba",falso,entrenamiento,Falso,https://chequeado.com/ultimas-noticias/alberto-fernandez-sobre-cambiemos-mientras-pagabamos-esas-tarifas-la-produccion-de-gas-declinaba/
alberto-fernandez-sobre-el-deficit-fiscal-cristina-dejo-18-es-lo-que-dice-el-indec-actual-ahora-tenemos-mas-de-6-puntos,"[Cristina dejó] 1,8%, es lo que dice el INDEC actual, [ahora] tenemos más de 6 puntos",falso,entrenamiento,Engañoso,https://chequeado.com/ultimas-noticias/alberto-fernandez-sobre-el-deficit-fiscal-cristina-dejo-18-es-lo-que-dice-el-indec-actual-ahora-tenemos-mas-de-6-puntos/
alberto-fernandez-sobre-el-primer-semestre-de-2020-en-esta-crisis-inmensa-la-pobreza-crecio-menos-que-entre-2017-y-2019-cuando-subio-de-257-a-355,"En esta crisis inmensa, la pobreza creció menos que entre 2017 y 2019, cuando subió de 25,7% a 35,5%",falso,entrenamiento,Engañoso,https://chequeado.com/ultimas-noticias/alberto-fernandez-sobre-el-primer-semestre-de-2020-en-esta-crisis-inmensa-la-pobreza-crecio-menos-que-entre-2017-y-2019-cuando-subio-de-257-a-355/
alberto-fernandez-sobre-la-carne-entre-2015-y-2019-no-aumentaron-la-cantidad-de-toneladas-faenadas,[Entre 2015 y 2019] no aumentaron la cantidad de toneladas faenadas,falso,entrenamiento,Falso,https://chequeado.com/ultimas-noticias/alberto-fernandez-sobre-la-carne-entre-2015-y-2019-no-aumentaron-la-cantidad-de-toneladas-faenadas/
alberto-fernandez-sobre-la-cuarentena-la-actividad-industrial-hoy-en-dia-esta-funcionando-por-encima-del-90,La actividad industrial hoy en día está funcionando por encima del 90%,verdadero,entrenamiento,"Verdadero, pero…",https://chequeado.com/ultimas-noticias/alberto-fernandez-sobre-la-cuarentena-la-actividad-industrial-hoy-en-dia-esta-funcionando-por-encima-del-90/
alberto-fernandez-sobre-la-gestion-de-cambiemos-hay-empresas-publicas-que-incrementaron-sus-deficits-operativos-de-modo-sostenido,[Hay] empresas públicas que incrementaron sus déficits operativos de modo sostenido,falso,entrenamiento,Falso,https://chequeado.com/ultimas-noticias/alberto-fernandez-sobre-la-gestion-de-cambiemos-hay-empresas-publicas-que-incrementaron-sus-deficits-operativos-de-modo-sostenido/
alberto-fernandez-sobre-la-industria-se-perdieron-152-mil-empleos-registrados-del-sector-privado,Se perdieron 152 mil empleos registrados del sector privado,verdadero,entrenamiento,Verdadero,https://chequeado.com/ultimas-noticias/alberto-fernandez-sobre-la-industria-se-perdieron-152-mil-empleos-registrados-del-sector-privado/
alberto-fernandez-sobre-la-pandemia-por-primera-vez-los-indicadores-de-desarrollo-humano-disminuyeron-y-lo-hicieron-de-manera-drastica-como-no-se-habia-experimentado-en-otras-crisis-mundi,"Por primera vez, los indicadores de Desarrollo Humano disminuyeron y lo hicieron de manera drástica, como no se había experimentado en otras crisis mundiales recientes",verdadero,validacion,Verdadero,https://chequeado.com/ultimas-noticias/alberto-fernandez-sobre-la-pandemia-por-primera-vez-los-indicadores-de-desarrollo-humano-disminuyeron-y-lo-hicieron-de-manera-drastica-como-no-se-habia-experimentado-en-otras-crisis-mundi/
alberto-fernandez-sobre-la-planta-de-las-talitas-en-tucuman-el-merito-es-de-cristina-que-la-termino-en-2015,El mérito es de Cristina que la terminó en 2015,falso,entrenamiento,Falso,https://chequeado.com/ultimas-noticias/alberto-fernandez-sobre-la-planta-de-las-talitas-en-tucuman-el-merito-es-de-cristina-que-la-termino-en-2015/
alberto-fernandez-sobre-la-recuperacion-a-diciembre-de-2020-el-comercio-crecio-interanual-el-107,"El comercio [creció interanual] el 10,7%",verdadero,entrenamiento,Verdadero,https://chequeado.com/ultimas-noticias/alberto-fernandez-sobre-la-recuperacion-a-diciembre-de-2020-el-comercio-crecio-interanual-el-107/
alberto-fernandez-sobre-la-recuperacion-a-diciembre-de-2020-la-construccion-crecio-interanual-el-63,"La construcción creció [interanual] el 6,3%",verdadero,entrenamiento,Verdadero,https://chequeado.com/ultimas-noticias/alberto-fernandez-sobre-la-recuperacion-a-diciembre-de-2020-la-construccion-crecio-interanual-el-63/
alberto-fernandez-sobre-la-recuperacion-del-sector-industrial-el-ultimo-diciembre-de-2020-estaba-en-un-45-por-encima-del-mismo-mes-de-2019,"El último diciembre de 2020 estaba en un 4,5% por encima del mismo mes de 2019",verdadero,validacion,Verdadero,https://chequeado.com/ultimas-noticias/alberto-fernandez-sobre-la-recuperacion-del-sector-industrial-el-ultimo-diciembre-de-2020-estaba-en-un-45-por-encima-del-mismo-mes-de-2019/
alberto-fernandez-sobre-la-reestructuracion-de-la-deuda-permitio-que-la-argentina-se-vea-favorecida-con-un-ahorro-de-us-34-800-millones-entre-el-periodo-2020-y-2030,Permitió que la Argentina se vea favorecida con un ahorro de US$ 34.800 millones entre el período 2020 y 2030,verdadero,entrenamiento,Verdadero,https://chequeado.com/ultimas-noticias/alberto-fernandez-sobre-la-reestructuracion-de-la-deuda-permitio-que-la-argentina-se-vea-favorecida-con-un-ahorro-de-us-34-800-millones-entre-el-periodo-2020-y-2030/
alberto-fernandez-sobre-la-tasa-de-letalidad-del-coronavirus-estamos-en-el-promedio-del-mundo-y-por-debajo-del-promedio-latinoamericano,Estamos en el promedio del mundo y por debajo del promedio latinoamericano,verdadero,entrenamiento,"Verdadero, pero…",https://chequeado.com/ultimas-noticias/alberto-fernandez-sobre-la-tasa-de-letalidad-del-coronavirus-estamos-en-el-promedio-del-mundo-y-por-debajo-del-promedio-latinoamericano/
alberto-fernandez-tenemos-en-la-actualidad-las-exportaciones-mas-altas-en-8-anos,"Tenemos, en la actualidad, las exportaciones más altas en 8 años",verdadero,entrenamiento,Verdadero,https://chequeado.com/ultimas-noticias/alberto-fernandez-tenemos-en-la-actualidad-las-exportaciones-mas-altas-en-8-anos/
alberto-fernandez-ya-hemos-vacunado-con-al-menos-una-dosis-a-mas-del-90-del-personal-de-salud,Ya hemos vacunado con al menos una dosis a más del 90% del personal de salud,verdadero,entrenamiento,Verdadero,https://chequeado.com/ultimas-noticias/alberto-fernandez-ya-hemos-vacunado-con-al-menos-una-dosis-a-mas-del-90-del-personal-de-salud/
alberto-perez-hoy-otras-provincias-paradojicamente-reciben-mas-que-nosotros-por-el-fondo-del-conurbano,Hoy otras provincias paradójicamente reciben más que nosotros [por el fondo del conurbano],verdadero,entrenamiento,Verdadero,https://chequeado.com/ultimas-noticias/alberto-perez-hoy-otras-provincias-paradojicamente-reciben-mas-que-nosotros-por-el-fondo-del-conurbano/
alberto-perez-somos-la-provincia-del-pais-que-mas-invierte-en-terminos-relativos-en-educacion,Somos la provincia del país que más invierte en términos relativos en educación,verdadero,entrenamiento,Verdadero,https://chequeado.com/ultimas-noticias/alberto-perez-somos-la-provincia-del-pais-que-mas-invierte-en-terminos-relativos-en-educacion/
alberto-rodriguez-saa-en-el-gobierno-de-cfk-kirchner-y-duhalde-aumentaron-las-villas-miseria-en-un-55,"En el gobierno de CFK, Kirchner y Duhalde aumentaron las villas miseria en un 55%",falso,entrenamiento,Engañoso,https://chequeado.com/ultimas-noticias/alberto-rodriguez-saa-en-el-gobierno-de-cfk-kirchner-y-duhalde-aumentaron-las-villas-miseria-en-un-55/
alberto-rodriguez-saa-por-90-pesos-hemos-construido-viviendas-para-todas-las-familias-en-san-luis,Hemos construido viviendas por 90 pesos,verdadero,entrenamiento,Verdadero,https://chequeado.com/ultimas-noticias/alberto-rodriguez-saa-por-90-pesos-hemos-construido-viviendas-para-todas-las-familias-en-san-luis/
alberto-sileoni-los-docentes-de-santa-cruz-perciben-el-salario-mas-alto-del-sector-en-la-argentina,Los docentes de Santa Cruz perciben el salario más alto del sector en la Argentina,verdadero,entrenamiento,Verdadero,https://chequeado.com/ultimas-noticias/alberto-sileoni-los-docentes-de-santa-cruz-perciben-el-salario-mas-alto-del-sector-en-la-argentina/
albino-el-40-de-la-poblacion-argentina-no-tiene-agua-y-el-60-no-tiene-cloacas,"El 40% de la población argentina no tiene agua, y el 60% no tiene cloacas",falso,entrenamiento,Falso,https://chequeado.com/ultimas-noticias/albino-el-40-de-la-poblacion-argentina-no-tiene-agua-y-el-60-no-tiene-cloacas/
albino-el-preservativo-no-las-protege-a-las-personas-de-nada-porque-el-virus-del-sida-atraviesa-la-porcelana,El preservativo no las protege de nada [a las personas] porque el virus del SIDA atraviesa la porcelana,falso,entrenamiento,Falso,https://chequeado.com/ultimas-noticias/albino-el-preservativo-no-las-protege-a-las-personas-de-nada-porque-el-virus-del-sida-atraviesa-la-porcelana/
alegre-este-anteproyecto-reduce-las-penas-notablemente-por-ejemplo-saca-la-prision-perpetua-y-la-prision-maxima-es-de-30-anos,"Este anteproyecto reduce las penas notablemente. Por ejemplo, saca la prisión perpetua y la prisión máxima es de 30 años",falso,entrenamiento,Engañoso,https://chequeado.com/ultimas-noticias/alegre-este-anteproyecto-reduce-las-penas-notablemente-por-ejemplo-saca-la-prision-perpetua-y-la-prision-maxima-es-de-30-anos/
alesso-ctera-en-los-lugares-donde-hay-pocos-casos-de-coronavirus-hay-clases,"En los lugares donde hay pocos casos de coronavirus, hay clases",falso,entrenamiento,Falso,https://chequeado.com/ultimas-noticias/alesso-ctera-en-los-lugares-donde-hay-pocos-casos-de-coronavirus-hay-clases/
alfonsin-en-la-decada-del-80-circulaban-doce-trenes-por-dia-entre-buenos-aires-y-mar-del-plata-hoy-solo-dos,"En la década del ’80 circulaban doce trenes por día entre Buenos Aires y Mar del Plata, hoy sólo dos",verdadero,entrenamiento,"Verdadero, pero…",https://chequeado.com/ultimas-noticias/alfonsin-en-la-decada-del-80-circulaban-doce-trenes-por-dia-entre-buenos-aires-y-mar-del-plata-hoy-solo-dos/
alfonsin-mano-de-obra,Hoy tenemos la misma cantidad de obreros industriales que en los ‘90,verdadero,entrenamiento,"Verdadero, pero…",https://chequeado.com/ultimas-noticias/alfonsin-mano-de-obra/
alfonsin-qla-nacion-debe-coparticipar-como-minimo-segun-ley-el-34-de-lo-que-recauda-pero-solo-le-manda-el-24-a-las-provinciasq,La Nación debe coparticipar como mínimo según ley el 34% de lo que recauda [pero] sólo le manda el 24% [a las provincias],falso,entrenamiento,Falso,https://chequeado.com/ultimas-noticias/alfonsin-qla-nacion-debe-coparticipar-como-minimo-segun-ley-el-34-de-lo-que-recauda-pero-solo-le-manda-el-24-a-las-provinciasq/
alfonsin-somos-el-sexto-pais-de-america-latina-en-inversion-cuando-antes-disputabamos-el-primer-lugar,Somos el sexto país de América latina en inversión cuando antes disputábamos el primer lugar,verdadero,entrenamiento,"Verdadero, pero…",https://chequeado.com/ultimas-noticias/alfonsin-somos-el-sexto-pais-de-america-latina-en-inversion-cuando-antes-disputabamos-el-primer-lugar/
alicia-kirchner-a-jujuy-le-dieron-muchisimo-mas-dinero-que-a-santa-cruz,A Jujuy le dieron muchísimo más dinero [que a Santa Cruz],falso,entrenamiento,Engañoso,https://chequeado.com/ultimas-noticias/alicia-kirchner-a-jujuy-le-dieron-muchisimo-mas-dinero-que-a-santa-cruz/
alicia-kirchner-el-68-de-las-exportaciones-son-industriales,El 68% de las [exportaciones] son industriales,falso,entrenamiento,Engañoso,https://chequeado.com/ultimas-noticias/alicia-kirchner-el-68-de-las-exportaciones-son-industriales/
almiron-esta-es-la-realidad-que-tenemos-en-corrientes-una-tasa-de-mortalidad-materna-que-cuadruplica-la-nacional,Esta es la realidad que tenemos en Corrientes: una tasa de mortalidad materna que cuadruplica la nacional,falso,validacion,Falso,https://chequeado.com/ultimas-noticias/almiron-esta-es-la-realidad-que-tenemos-en-corrientes-una-tasa-de-mortalidad-materna-que-cuadruplica-la-nacional/
alperovich-en-nueve-anos-de-gobierno-creamos-380-mil-empleos-en-la-provincia,En nueve años de gobierno creamos 380 mil empleos en la Provincia,falso,entrenamiento,Falso,https://chequeado.com/ultimas-noticias/alperovich-en-nueve-anos-de-gobierno-creamos-380-mil-empleos-en-la-provincia/
alperovich-entre-2003-y-2011-creamos-300-mil-empleos,[Entre 2003 y 2011] creamos 300 mil empleos,falso,entrenamiento,Falso,https://chequeado.com/ultimas-noticias/alperovich-entre-2003-y-2011-creamos-300-mil-empleos/
altamira-el-75-de-los-jubilados-cobra-la-minima-de-2477-pesos,El 75% de los jubilados cobra la mínima de 2.477 pesos,verdadero,entrenamiento,"Verdadero, pero…",https://chequeado.com/ultimas-noticias/altamira-el-75-de-los-jubilados-cobra-la-minima-de-2477-pesos/
altamira-los-subsidios-son-mucho-mas-que-todas-las-retenciones-a-las-exportaciones-agropecuarias,Los subsidios son mucho más que todas las retenciones a las exportaciones agropecuarias,verdadero,entrenamiento,Verdadero,https://chequeado.com/ultimas-noticias/altamira-los-subsidios-son-mucho-mas-que-todas-las-retenciones-a-las-exportaciones-agropecuarias/
amadeo-en-los-ultimos-tres-anos-hubo-15-muertes-sociales,En los últimos tres años hubo 15 muertes sociales,verdadero,entrenamiento,Verdadero,https://chequeado.com/ultimas-noticias/amadeo-en-los-ultimos-tres-anos-hubo-15-muertes-sociales/
american-task-force-la-cifra-de-15-mil-millones-de-deuda-con-los-holdouts-no-tiene-sustento,La cifra de 15 mil millones [de deuda con los holdouts] no tiene sustento,falso,entrenamiento,Falso,https://chequeado.com/ultimas-noticias/american-task-force-la-cifra-de-15-mil-millones-de-deuda-con-los-holdouts-no-tiene-sustento/
andres-rodriguez-upcn-el-impuesto-abarca-a-un-millon-de-trabajadores-en-relacion-de-dependencia,El impuesto abarca a un millón de trabajadores en relación de dependencia,verdadero,entrenamiento,Verdadero,https://chequeado.com/ultimas-noticias/andres-rodriguez-upcn-el-impuesto-abarca-a-un-millon-de-trabajadores-en-relacion-de-dependencia/
anibal-fernandez-desde-el-2003-hemos-creado-9-universidades,"Desde el 2003, hemos creado 9 universidades",verdadero,entrenamiento,"Verdadero, pero…",https://chequeado.com/ultimas-noticias/anibal-fernandez-desde-el-2003-hemos-creado-9-universidades/
anibal-fernandez-en-el-2018-y-el-2019-hubo-mas-liberacion-de-presos-que-en-el-2020-y-en-el-2021,En el 2018 y el 2019 hubo más liberación de presos que en el 2020 y en el 2021,falso,entrenamiento,Engañoso,https://chequeado.com/ultimas-noticias/anibal-fernandez-en-el-2018-y-el-2019-hubo-mas-liberacion-de-presos-que-en-el-2020-y-en-el-2021/
anibal-fernandez-en-la-argentina-bajo-la-inseguridad,En la Argentina bajó el nivel de inseguridad,falso,entrenamiento,Engañoso,https://chequeado.com/ultimas-noticias/anibal-fernandez-en-la-argentina-bajo-la-inseguridad/
anibal-fernandez-en-todos-lados-del-mundo-se-mezcla-la-campana-con-la-gestion-de-gobierno,En todos lados del mundo [se mezcla la campaña con la gestión de gobierno],falso,entrenamiento,Engañoso,https://chequeado.com/ultimas-noticias/anibal-fernandez-en-todos-lados-del-mundo-se-mezcla-la-campana-con-la-gestion-de-gobierno/
anibal-fernandez-la-renta-financiera-el-unico-que-la-gravo-ha-sido-este-gobierno,La renta financiera el único que la gravó ha sido este Gobierno,falso,entrenamiento,Engañoso,https://chequeado.com/ultimas-noticias/anibal-fernandez-la-renta-financiera-el-unico-que-la-gravo-ha-sido-este-gobierno/
anibal-fernandez-todos-los-gobernadores-tuvieron-discusiones-con-sus-vicegobernadores-cuando-tenian-vuelo-propio,Todos [los gobernadores] tuvieron discusiones con sus vicegobernadores cuando tenían vuelo propio,verdadero,entrenamiento,Verdadero,https://chequeado.com/ultimas-noticias/anibal-fernandez-todos-los-gobernadores-tuvieron-discusiones-con-sus-vicegobernadores-cuando-tenian-vuelo-propio/
aranguren-estamos-viendo-una-continua-reduccion-en-los-niveles-de-cortes-de-luz,Estamos viendo una continua reducción en los niveles de cortes [de luz],verdadero,entrenamiento,Verdadero,https://chequeado.com/ultimas-noticias/aranguren-estamos-viendo-una-continua-reduccion-en-los-niveles-de-cortes-de-luz/
aranguren-hoy-hay-15-millones-de-hogares-que-tienen-acceso-a-la-tarifa-social-del-gas-antes-eran-solo-275-mil,"Hoy hay 1,5 millones de hogares que tienen acceso a la tarifa social del gas. Antes eran solo 275 mil",verdadero,validacion,"Verdadero, pero…",https://chequeado.com/ultimas-noticias/aranguren-hoy-hay-15-millones-de-hogares-que-tienen-acceso-a-la-tarifa-social-del-gas-antes-eran-solo-275-mil/
aranguren-la-compania-que-ultimamente-ha-aumentado-mas-los-precios-es-ypf,La compañía que últimamente ha aumentado más los precios es YPF,verdadero,entrenamiento,"Verdadero, pero…",https://chequeado.com/ultimas-noticias/aranguren-la-compania-que-ultimamente-ha-aumentado-mas-los-precios-es-ypf/
aranguren-sobre-tarifas-electricas-el-valor-agregado-de-la-distribucion-en-el-amba-es-siete-veces-mas-bajo-que-en-rio-negro-la-pampa-o-cordoba,"El valor agregado de la distribución en el AMBA es siete veces más bajo que en Río Negro, La Pampa o Córdoba",verdadero,entrenamiento,Verdadero,https://chequeado.com/ultimas-noticias/aranguren-sobre-tarifas-electricas-el-valor-agregado-de-la-distribucion-en-el-amba-es-siete-veces-mas-bajo-que-en-rio-negro-la-pampa-o-cordoba/
aranguren-solo-el-60-de-los-hogares-argentinos-tienen-acceso-a-la-red-de-gas-natural-el-resto-consume-combustibles-mas-caros,Sólo el 60% de los hogares argentinos tienen acceso a la red de gas natural. El resto consume combustibles más caros,verdadero,entrenamiento,Verdadero,https://chequeado.com/ultimas-noticias/aranguren-solo-el-60-de-los-hogares-argentinos-tienen-acceso-a-la-red-de-gas-natural-el-resto-consume-combustibles-mas-caros/
argumedo-3-de-cada-4-jovenes-esta-desocupado-o-en-negro,3 de cada 4 jóvenes está desocupado o en negro,falso,entrenamiento,Engañoso,https://chequeado.com/ultimas-noticias/argumedo-3-de-cada-4-jovenes-esta-desocupado-o-en-negro/
arlia-somos-la-provincia-que-menos-recibe-de-coparticipacion-federal-2,Somos la provincia que menos recibe de coparticipación federal,verdadero,entrenamiento,Verdadero,https://chequeado.com/ultimas-noticias/arlia-somos-la-provincia-que-menos-recibe-de-coparticipacion-federal-2/
arroyo-argentina-tiene-el-sistema-de-seguridad-social-la-cobertura-de-salud-de-educacion-y-alimentaria-mas-amplia-de-america-latina,"Argentina tiene el sistema de seguridad [social], la cobertura de salud, de educación y alimentaria más amplia de América Latina",verdadero,entrenamiento,Verdadero,https://chequeado.com/ultimas-noticias/arroyo-argentina-tiene-el-sistema-de-seguridad-social-la-cobertura-de-salud-de-educacion-y-alimentaria-mas-amplia-de-america-latina/
arslanian-la-mayoria-de-los-casos-de-muerte-policial-son-fuera-de-horas-de-servicio,La mayoría de los casos de muerte policial son fuera de las horas de servicio,verdadero,entrenamiento,Verdadero,https://chequeado.com/ultimas-noticias/arslanian-la-mayoria-de-los-casos-de-muerte-policial-son-fuera-de-horas-de-servicio/
arslanian-yo-reduje-un-50-los-homicidios-dolosos-y-un-30-el-robo-automotor,"Yo reduje un 50% los homicidios dolosos y un 30%, el robo automotor",verdadero,validacion,"Verdadero, pero…",https://chequeado.com/ultimas-noticias/arslanian-yo-reduje-un-50-los-homicidios-dolosos-y-un-30-el-robo-automotor/
augusto-costa-los-sistemas-centrales-de-acondicionamiento-de-aire-son-elementos-demostrados-de-propagacion-del-virus,Los sistemas centrales de acondicionamiento de aire son elementos demostrados de propagación del virus,falso,entrenamiento,Engañoso,https://chequeado.com/ultimas-noticias/augusto-costa-los-sistemas-centrales-de-acondicionamiento-de-aire-son-elementos-demostrados-de-propagacion-del-virus/
augusto-costa-no-hubo-una-perdida-de-salario-real,No hubo una pérdida de salario real,falso,entrenamiento,Engañoso,https://chequeado.com/ultimas-noticias/augusto-costa-no-hubo-una-perdida-de-salario-real/
avelluto-se-incremento-la-inversion-cultural-como-nunca-en-la-ciudad-que-triplica-los-estandares-de-la-unesco,"Se incrementó la inversión cultural como nunca en la Ciudad, que triplica los estándares de la Unesco",falso,entrenamiento,Engañoso,https://chequeado.com/ultimas-noticias/avelluto-se-incremento-la-inversion-cultural-como-nunca-en-la-ciudad-que-triplica-los-estandares-de-la-unesco/
axel-kicillof-el-60-70-80-de-los-pibes-que-van-a-nuestras-universidades-del-conurbano-y-provincia-de-buenos-aires-son-primera-generacion-de-estudiantes-universitarios,"El 60%, 70%, 80% de los pibes que van a nuestras universidades del conurbano y Provincia de Buenos Aires son primera generación de estudiantes universitarios",verdadero,validacion,Verdadero,https://chequeado.com/ultimas-noticias/axel-kicillof-el-60-70-80-de-los-pibes-que-van-a-nuestras-universidades-del-conurbano-y-provincia-de-buenos-aires-son-primera-generacion-de-estudiantes-universitarios/
axel-kicillof-el-estado-nacional-no-tuvo-que-poner-un-mango-el-ano-pasado-para-aerolineas-argentinas,El Estado nacional no tuvo que poner un mango el año pasado para Aerolíneas Argentinas,falso,entrenamiento,Engañoso,https://chequeado.com/ultimas-noticias/axel-kicillof-el-estado-nacional-no-tuvo-que-poner-un-mango-el-ano-pasado-para-aerolineas-argentinas/
axel-kicillof-en-2012-tuvimos-un-superavit-comercial-historico-superior-a-los-10-mil-millones-de-dolares,"En 2012 tuvimos un superávit comercial histórico, superior a los 10 mil millones de dólares",verdadero,entrenamiento,"Verdadero, pero…",https://chequeado.com/ultimas-noticias/axel-kicillof-en-2012-tuvimos-un-superavit-comercial-historico-superior-a-los-10-mil-millones-de-dolares/
axel-kicillof-en-2019-el-desempleo-se-ubico-en-116-en-la-provincia-y-en-el-tercer-trimestre-del-2022-alcanzo-el-87,"En 2019 el desempleo se ubicó en 11,6% en la Provincia y en el tercer trimestre del 2022 alcanzó el 8,7%",verdadero,entrenamiento,Verdadero,https://chequeado.com/ultimas-noticias/axel-kicillof-en-2019-el-desempleo-se-ubico-en-116-en-la-provincia-y-en-el-tercer-trimestre-del-2022-alcanzo-el-87/
axel-kicillof-en-apenas-2-anos-y-medio-la-morosidad-se-quintuplico-en-los-bancos,"En apenas 2 años y medio, la morosidad se quintuplicó en los bancos",verdadero,validacion,Verdadero,https://chequeado.com/ultimas-noticias/axel-kicillof-en-apenas-2-anos-y-medio-la-morosidad-se-quintuplico-en-los-bancos/
axel-kicillof-en-la-apertura-de-sesiones-2025-desde-que-llego-milei-el-salario-minimo-cayo-un-30-con-respecto-a-noviembre-de-2023-y-el-indice-salarial-del-indec-un-14,"Desde que llegó Milei, el salario mínimo cayó un 30% con respecto a noviembre de 2023 y el Índice Salarial del INDEC, un 14%",falso,entrenamiento,Engañoso,https://chequeado.com/ultimas-noticias/axel-kicillof-en-la-apertura-de-sesiones-2025-desde-que-llego-milei-el-salario-minimo-cayo-un-30-con-respecto-a-noviembre-de-2023-y-el-indice-salarial-del-indec-un-14/
axel-kicillof-en-la-apertura-de-sesiones-bonaerenses-2024-en-2023-la-provincia-de-buenos-aires-fue-la-que-menos-recursos-tuvo-por-habitante,"En 2023, la Provincia de Buenos Aires fue la que menos recursos tuvo por habitante",verdadero,entrenamiento,Verdadero,https://chequeado.com/ultimas-noticias/axel-kicillof-en-la-apertura-de-sesiones-bonaerenses-2024-en-2023-la-provincia-de-buenos-aires-fue-la-que-menos-recursos-tuvo-por-habitante/
axel-kicillof-en-la-apertura-de-sesiones-bonaerenses-2024-gracias-al-gobierno-actual-hoy-tenemos-el-segundo-salario-minimo-en-dolares-mas-bajo-de-la-region,"Gracias al gobierno actual, hoy tenemos el segundo salario mínimo en dólares más bajo de la región",falso,entrenamiento,Engañoso,https://chequeado.com/ultimas-noticias/axel-kicillof-en-la-apertura-de-sesiones-bonaerenses-2024-gracias-al-gobierno-actual-hoy-tenemos-el-segundo-salario-minimo-en-dolares-mas-bajo-de-la-region/
axel-kicillof-en-la-apertura-de-sesiones-bonaerenses-2024-la-provincia-aporta-el-40-de-la-recaudacion-pero-recibe-por-coparticipacion-cerca-del-22,"La Provincia aporta el 40% de la recaudación, pero recibe por coparticipación cerca del 22%",verdadero,entrenamiento,Verdadero,https://chequeado.com/ultimas-noticias/axel-kicillof-en-la-apertura-de-sesiones-bonaerenses-2024-la-provincia-aporta-el-40-de-la-recaudacion-pero-recibe-por-coparticipacion-cerca-del-22/
axel-kicillof-en-la-apertura-de-sesiones-bonaerenses-2026-el-ultimo-ano-se-triplico-la-morosidad-de-las-familias,El último año se triplicó la morosidad de las familias,verdadero,entrenamiento,Verdadero,https://chequeado.com/ultimas-noticias/axel-kicillof-en-la-apertura-de-sesiones-bonaerenses-2026-el-ultimo-ano-se-triplico-la-morosidad-de-las-familias/
axel-kicillof-en-la-apertura-de-sesiones-bonaerenses-2026-en-argentina-ya-son-21-938-las-empresas-cerradas-de-las-cuales-5-832-corresponden-a-nuestra-provincia,"Ya son 21.938 las empresas cerradas, de las cuales 5.832 corresponden a nuestra provincia",verdadero,entrenamiento,Verdadero,https://chequeado.com/ultimas-noticias/axel-kicillof-en-la-apertura-de-sesiones-bonaerenses-2026-en-argentina-ya-son-21-938-las-empresas-cerradas-de-las-cuales-5-832-corresponden-a-nuestra-provincia/
axel-kicillof-en-la-apertura-de-sesiones-bonaerenses-2026-en-los-6-anos-de-gestion-la-provincia-registro-niveles-de-homicidios-inferiores-a-los-25-anos-anteriores,"En los 6 años de gestión, la Provincia registró niveles de homicidios inferiores a los 25 años anteriores",verdadero,entrenamiento,Verdadero,https://chequeado.com/ultimas-noticias/axel-kicillof-en-la-apertura-de-sesiones-bonaerenses-2026-en-los-6-anos-de-gestion-la-provincia-registro-niveles-de-homicidios-inferiores-a-los-25-anos-anteriores/
axel-kicillof-en-la-apertura-de-sesiones-bonaerenses-2026la-inversion-extranjera-directa-tuvo-el-ano-pasado-un-saldo-negativo,La inversión extranjera directa tuvo el año pasado un saldo negativo,verdadero,entrenamiento,"Verdadero, pero…",https://chequeado.com/ultimas-noticias/axel-kicillof-en-la-apertura-de-sesiones-bonaerenses-2026la-inversion-extranjera-directa-tuvo-el-ano-pasado-un-saldo-negativo/
axel-kicillof-en-la-apertura-de-sesiones-legislativas-2025-la-tasa-de-homicidios-en-la-provincia-de-buenos-aires-esta-en-uno-de-los-valores-mas-bajos-de-los-ultimos-25-anos,La tasa de homicidios en la provincia de Buenos Aires está en uno de los valores más bajos de los últimos 25 años,verdadero,entrenamiento,Verdadero,https://chequeado.com/ultimas-noticias/axel-kicillof-en-la-apertura-de-sesiones-legislativas-2025-la-tasa-de-homicidios-en-la-provincia-de-buenos-aires-esta-en-uno-de-los-valores-mas-bajos-de-los-ultimos-25-anos/
axel-kicillof-en-su-discurso-de-asuncion-aportamos-casi-el-40-de-la-coparticipacion-recibimos-poco-mas-del-20,"Aportamos casi el 40% de la coparticipación, recibimos poco más del 20%",verdadero,entrenamiento,Verdadero,https://chequeado.com/ultimas-noticias/axel-kicillof-en-su-discurso-de-asuncion-aportamos-casi-el-40-de-la-coparticipacion-recibimos-poco-mas-del-20/
axel-kicillof-en-su-discurso-de-asuncion-nuestra-provincia-es-de-lejos-la-que-menos-recursos-gasto-por-habitante-el-ano-pasado,Nuestra provincia es de lejos la que menos recursos gastó por habitante el año pasado,verdadero,entrenamiento,Verdadero,https://chequeado.com/ultimas-noticias/axel-kicillof-en-su-discurso-de-asuncion-nuestra-provincia-es-de-lejos-la-que-menos-recursos-gasto-por-habitante-el-ano-pasado/
axel-kicillof-la-provincia-al-igual-que-la-nacion-esta-en-una-de-las-mejores-situaciones-en-tasa-de-homicidios-de-la-historia,"La provincia, al igual que la Nación, está en una de las mejores situaciones en  tasa de homicidios de la historia",verdadero,validacion,Verdadero,https://chequeado.com/ultimas-noticias/axel-kicillof-la-provincia-al-igual-que-la-nacion-esta-en-una-de-las-mejores-situaciones-en-tasa-de-homicidios-de-la-historia/
axel-kicillof-las-jubilaciones-cayeron-un-30,Las jubilaciones cayeron un 30%,falso,entrenamiento,Falso,https://chequeado.com/ultimas-noticias/axel-kicillof-las-jubilaciones-cayeron-un-30/
axel-kicillof-los-titulos-publicos-que-emite-el-gobierno-generaron-intereses-por-mas-o-menos-29-billones-eso-es-mas-que-lo-que-pago-en-jubilaciones,"Los títulos públicos que emite el Gobierno generaron intereses por más o menos $ 29 billones, eso es más que lo que pagó en jubilaciones",verdadero,entrenamiento,"Verdadero, pero…",https://chequeado.com/ultimas-noticias/axel-kicillof-los-titulos-publicos-que-emite-el-gobierno-generaron-intereses-por-mas-o-menos-29-billones-eso-es-mas-que-lo-que-pago-en-jubilaciones/
axel-kicillof-milei-corto-todos-los-fondos-nacionales-para-seguridad-y-educacion,Milei cortó todos los fondos nacionales para seguridad y educación,falso,entrenamiento,Engañoso,https://chequeado.com/ultimas-noticias/axel-kicillof-milei-corto-todos-los-fondos-nacionales-para-seguridad-y-educacion/
axel-kicillof-milei-puso-el-consumo-de-carne-en-la-argentina-en-los-niveles-mas-bajos-de-los-ultimos-22-anos,Milei puso el consumo de carne en la Argentina en los niveles más bajos de los últimos 22 años,verdadero,entrenamiento,Verdadero,https://chequeado.com/ultimas-noticias/axel-kicillof-milei-puso-el-consumo-de-carne-en-la-argentina-en-los-niveles-mas-bajos-de-los-ultimos-22-anos/
axel-kicillof-recibimos-la-policia-en-una-situacion-de-ajuste-salarial-de-29,Recibimos la policía en una situación de ajuste salarial del 29%,verdadero,entrenamiento,Verdadero,https://chequeado.com/ultimas-noticias/axel-kicillof-recibimos-la-policia-en-una-situacion-de-ajuste-salarial-de-29/
axel-kicillof-sobre-cristina-fernandez-de-kirchner-la-mayor-dirigente-politica-del-pais-esta-proscripta,La mayor dirigente política del país está proscripta,falso,entrenamiento,Falso,https://chequeado.com/ultimas-noticias/axel-kicillof-sobre-cristina-fernandez-de-kirchner-la-mayor-dirigente-politica-del-pais-esta-proscripta/
axel-kicillof-sobre-los-homicidios-dolosos-en-la-provincia-el-ano-pasado-hubo-una-reduccion-con-respecto-al-ano-anterior-del-10-y-con-respecto-de-2019-del-22,"El año pasado hubo una reducción con respecto al año anterior del 10% y con respecto de 2019, del 22%",verdadero,entrenamiento,Verdadero,https://chequeado.com/ultimas-noticias/axel-kicillof-sobre-los-homicidios-dolosos-en-la-provincia-el-ano-pasado-hubo-una-reduccion-con-respecto-al-ano-anterior-del-10-y-con-respecto-de-2019-del-22/
axel-kicillof-tuvimos-un-retroceso-de-casi-20-anos-en-pocos-meses-los-salarios-volvieron-a-niveles-de-abril-de-2006,Tuvimos un retroceso de casi 20 años en pocos meses. Los salarios volvieron a niveles de abril de 2006,falso,entrenamiento,Engañoso,https://chequeado.com/ultimas-noticias/axel-kicillof-tuvimos-un-retroceso-de-casi-20-anos-en-pocos-meses-los-salarios-volvieron-a-niveles-de-abril-de-2006/
baradel-es-mentira-que-el-aumento-del-salario-es-el-31-es-mentira-que-es-para-los-que-menos-ganan,"Es mentira que [el aumento del salario] es el 31%, es mentira que es para los que menos ganan",verdadero,entrenamiento,Verdadero,https://chequeado.com/ultimas-noticias/baradel-es-mentira-que-el-aumento-del-salario-es-el-31-es-mentira-que-es-para-los-que-menos-ganan/
baranao-en-el-conicet-fijamos-un-tope-de-14-mil-investigadores-mas-alto-que-los-consejos-de-investigacion-de-francia-o-espana,"En el Conicet fijamos un tope de 14 mil investigadores, más alto que los consejos de investigación de Francia o España",falso,entrenamiento,Engañoso,https://chequeado.com/ultimas-noticias/baranao-en-el-conicet-fijamos-un-tope-de-14-mil-investigadores-mas-alto-que-los-consejos-de-investigacion-de-francia-o-espana/
baranao-en-la-ciudad-la-ley-plantea-invertir-el-1-en-ciencia-y-tecnologia-y-la-inversion-real-en-2014-fue-del-0001,"En la Ciudad la ley plantea invertir el 1% en Ciencia y Tecnología, y la inversión real en 2014 fue del 0,001%",verdadero,validacion,Verdadero,https://chequeado.com/ultimas-noticias/baranao-en-la-ciudad-la-ley-plantea-invertir-el-1-en-ciencia-y-tecnologia-y-la-inversion-real-en-2014-fue-del-0001/
baranao-la-argentina-es-el-unico-pais-de-america-latina-que-aumento-el-39-la-planta-de-investigadores,La Argentina es el único país de América Latina que aumentó el 39% la planta de investigadores,verdadero,entrenamiento,Verdadero,https://chequeado.com/ultimas-noticias/baranao-la-argentina-es-el-unico-pais-de-america-latina-que-aumento-el-39-la-planta-de-investigadores/
basavilbaso-se-encuentran-por-us-50-mil-departamentos-en-la-mayoria-de-las-ciudades-y-en-zona-sur-en-capital,Se encuentran por US$ 50 mil departamentos en la mayoría de las ciudades [y en zona sur en Capital],falso,entrenamiento,Engañoso,https://chequeado.com/ultimas-noticias/basavilbaso-se-encuentran-por-us-50-mil-departamentos-en-la-mayoria-de-las-ciudades-y-en-zona-sur-en-capital/
batakis-cuando-scioli-asumio-de-cada-100-que-ingresaban-al-tesoro-51-eran-de-origen-provincial-hoy-por-hoy-estamos-en-63-por-ciento,"Cuando Scioli asumió, de cada $ 100 que ingresaban al Tesoro, $ 51 eran de origen provincial. Hoy por hoy (…) estamos en 63 por ciento",verdadero,entrenamiento,Verdadero,https://chequeado.com/ultimas-noticias/batakis-cuando-scioli-asumio-de-cada-100-que-ingresaban-al-tesoro-51-eran-de-origen-provincial-hoy-por-hoy-estamos-en-63-por-ciento/
berni-el-85-de-los-delitos-de-este-tipo-homicidios-dolosos-son-producidos-por-gente-reincidente,El 85% de los delitos de este tipo [homicidios dolosos] son producidos por gente reincidente,falso,validacion,Falso,https://chequeado.com/ultimas-noticias/berni-el-85-de-los-delitos-de-este-tipo-homicidios-dolosos-son-producidos-por-gente-reincidente/
berni-el-85-de-los-delitos-graves-en-la-provincia-son-realizados-por-reincidentes,El 85% de los delitos graves en la Provincia son realizados por reincidentes,falso,entrenamiento,Falso,https://chequeado.com/ultimas-noticias/berni-el-85-de-los-delitos-graves-en-la-provincia-son-realizados-por-reincidentes/
berni-en-la-argentina-no-se-producen-drogas,En la Argentina no se producen drogas,falso,validacion,Engañoso,https://chequeado.com/ultimas-noticias/berni-en-la-argentina-no-se-producen-drogas/
berni-fui-el-primer-secretario-de-seguridad-de-la-historia-que-no-tuvo-un-solo-caso-de-gatillo-facil,[Fui] el primer secretario de Seguridad de la historia que no tuvo un sólo caso de gatillo fácil,falso,entrenamiento,Falso,https://chequeado.com/ultimas-noticias/berni-fui-el-primer-secretario-de-seguridad-de-la-historia-que-no-tuvo-un-solo-caso-de-gatillo-facil/
berni-he-detenido-y-enviado-a-la-carcel-a-mas-de-10-mil-narcotraficantes,He detenido y enviado a la cárcel a más de 10 mil narcotraficantes,falso,entrenamiento,Falso,https://chequeado.com/ultimas-noticias/berni-he-detenido-y-enviado-a-la-carcel-a-mas-de-10-mil-narcotraficantes/
berni-junin-tiene-indices-de-criminalidad-comparables-a-los-de-rosario,Junín tiene índices de criminalidad comparables a los de Rosario,falso,entrenamiento,Falso,https://chequeado.com/ultimas-noticias/berni-junin-tiene-indices-de-criminalidad-comparables-a-los-de-rosario/
berni-objetivamente-en-la-argentina-no-hay-produccion-de-drogas,Objetivamente en la Argentina no hay producción de drogas,falso,validacion,Engañoso,https://chequeado.com/ultimas-noticias/berni-objetivamente-en-la-argentina-no-hay-produccion-de-drogas/
berni-sobre-el-delito-en-la-provincia-lo-hemos-bajado-un-20,Lo hemos bajado un 20%,falso,entrenamiento,Engañoso,https://chequeado.com/ultimas-noticias/berni-sobre-el-delito-en-la-provincia-lo-hemos-bajado-un-20/
berni-sobre-homicidios-dolosos-permanentemente-el-delito-desde-2000-para-aca-viene-bajando,"Permanentemente, el delito, desde 2000 para acá, viene bajando",verdadero,entrenamiento,"Verdadero, pero…",https://chequeado.com/ultimas-noticias/berni-sobre-homicidios-dolosos-permanentemente-el-delito-desde-2000-para-aca-viene-bajando/
bianco-sobre-la-policia-bonaerense-en-los-ultimos-4-anos-habian-perdido-el-29-del-salario-en-terminos-reales,En los últimos 4 años habían perdido el 29% del salario en términos reales,verdadero,validacion,Verdadero,https://chequeado.com/ultimas-noticias/bianco-sobre-la-policia-bonaerense-en-los-ultimos-4-anos-habian-perdido-el-29-del-salario-en-terminos-reales/
bielsa-sobre-el-procrear-durante-el-ultimo-mandato-de-cfk-se-otorgaron-110-mil-creditos-hipotecarios-para-construir-entre-2016-y-2019-solamente-11-mil,"Durante el último mandato de CFK se otorgaron 110 mil créditos hipotecarios [para construir]. Entre 2016 y 2019, solamente 11 mil",verdadero,entrenamiento,Verdadero,https://chequeado.com/ultimas-noticias/bielsa-sobre-el-procrear-durante-el-ultimo-mandato-de-cfk-se-otorgaron-110-mil-creditos-hipotecarios-para-construir-entre-2016-y-2019-solamente-11-mil/
binner-a-las-jurisdicciones-solo-llega-por-coparticipacion-entre-el-25-y-el-28-por-ciento,A las jurisdicciones sólo llega [por coparticipación] entre el 25 y el 28 por ciento,falso,entrenamiento,Falso,https://chequeado.com/ultimas-noticias/binner-a-las-jurisdicciones-solo-llega-por-coparticipacion-entre-el-25-y-el-28-por-ciento/
binner-el-80-de-los-crimenes-en-la-ciudad-de-rosario-no-tiene-que-ver-con-el-narcotrafico,El 80% de los crímenes en la ciudad de Rosario no tiene que ver con el narcotráfico,verdadero,entrenamiento,Verdadero,https://chequeado.com/ultimas-noticias/binner-el-80-de-los-crimenes-en-la-ciudad-de-rosario-no-tiene-que-ver-con-el-narcotrafico/
binner-en-moreno-un-solo-hospital-atiende-a-500-mil-habitantes-mientras-que-un-centro-de-salud-esta-abandonado,"[En Moreno] un solo hospital atiende a 500 mil habitantes, mientras que un centro de salud está abandonado",verdadero,entrenamiento,Verdadero,https://chequeado.com/ultimas-noticias/binner-en-moreno-un-solo-hospital-atiende-a-500-mil-habitantes-mientras-que-un-centro-de-salud-esta-abandonado/
binner-en-un-pais-normal-los-trabajadores-no-pagan-impuesto-a-las-ganancias,En un país normal los trabajadores no pagan impuesto a las ganancias,falso,entrenamiento,Falso,https://chequeado.com/ultimas-noticias/binner-en-un-pais-normal-los-trabajadores-no-pagan-impuesto-a-las-ganancias/
binner-tenemos-la-mortalidad-infantil-y-materna-mas-baja-del-pais,Tenemos la mortalidad infantil y materna más baja del país,falso,validacion,Falso,https://chequeado.com/ultimas-noticias/binner-tenemos-la-mortalidad-infantil-y-materna-mas-baja-del-pais/
binner-un-millon-de-jovenes-no-estudia-ni-trabaja,Un millón de jóvenes no estudia ni trabaja,verdadero,validacion,Verdadero,https://chequeado.com/ultimas-noticias/binner-un-millon-de-jovenes-no-estudia-ni-trabaja/
biro-sobre-el-grupo-latam-antes-del-coronavirus-en-los-ultimos-2-anos-y-medio-gano-cerca-de-us-430-millones,En los últimos 2 años y medio ganó cerca de US$ 430 millones,falso,entrenamiento,Engañoso,https://chequeado.com/ultimas-noticias/biro-sobre-el-grupo-latam-antes-del-coronavirus-en-los-ultimos-2-anos-y-medio-gano-cerca-de-us-430-millones/
bonfatti-lo-que-nos-deben-la-anses-son-1307-millones,Lo que nos debe [la ANSES] son 1.307 millones,verdadero,entrenamiento,Verdadero,https://chequeado.com/ultimas-noticias/bonfatti-lo-que-nos-deben-la-anses-son-1307-millones/
bonfatti-santa-fe-es-una-provincia-que-bajo-en-tres-anos-el-50-de-la-tasa-de-homicidios,Santa Fe es una provincia que bajó en tres años el 50% de la tasa de homicidios,falso,entrenamiento,Engañoso,https://chequeado.com/ultimas-noticias/bonfatti-santa-fe-es-una-provincia-que-bajo-en-tres-anos-el-50-de-la-tasa-de-homicidios/
bonfatti-sobre-los-homicidios-un-16-es-por-disputas-de-narcotrafico,Un 16% es por disputas de narcotráfico,verdadero,entrenamiento,Verdadero,https://chequeado.com/ultimas-noticias/bonfatti-sobre-los-homicidios-un-16-es-por-disputas-de-narcotrafico/
bossio-casi-el-60-de-chicos-del-pais-recibe-fondos-de-la-anses,Casi el 60% de chicos del país recibe fondos de la ANSES,verdadero,validacion,Verdadero,https://chequeado.com/ultimas-noticias/bossio-casi-el-60-de-chicos-del-pais-recibe-fondos-de-la-anses/
bossio-hoy-el-presupuesto-tiene-mas-facultades-extraordinarias-que-el-anterior,Hoy el presupuesto tiene más facultades extraordinarias que el anterior,verdadero,entrenamiento,Verdadero,https://chequeado.com/ultimas-noticias/bossio-hoy-el-presupuesto-tiene-mas-facultades-extraordinarias-que-el-anterior/
bossio-la-argentina-tiene-la-cobertura-previsional-mas-alta-de-la-region,La Argentina tiene la cobertura previsional más alta de la región,verdadero,entrenamiento,"Verdadero, pero…",https://chequeado.com/ultimas-noticias/bossio-la-argentina-tiene-la-cobertura-previsional-mas-alta-de-la-region/
bossio-la-auh-esta-en-el-nivel-mas-alto-en-terminos-de-poder-adquisitivo,La AUH está en el nivel más alto en términos de poder adquisitivo,verdadero,entrenamiento,Verdadero,https://chequeado.com/ultimas-noticias/bossio-la-auh-esta-en-el-nivel-mas-alto-en-terminos-de-poder-adquisitivo/
bossio-la-ley-de-movilidad-jubilatoria-por-primera-vez-en-siete-u-ocho-anos-ha-quedado-por-debajo-de-la-inflacion,La ley de movilidad [jubilatoria] por primera vez en siete u ocho años ha quedado por debajo de la inflación,falso,validacion,Falso,https://chequeado.com/ultimas-noticias/bossio-la-ley-de-movilidad-jubilatoria-por-primera-vez-en-siete-u-ocho-anos-ha-quedado-por-debajo-de-la-inflacion/
boyadjian-hay-tantas-miles-de-personas-que-quieren-adoptar-y-miles-de-ninos-que-quieren-un-hogar,Hay tantas miles de personas que quieren adoptar y miles de niños que quieren un hogar,verdadero,validacion,"Verdadero, pero…",https://chequeado.com/ultimas-noticias/boyadjian-hay-tantas-miles-de-personas-que-quieren-adoptar-y-miles-de-ninos-que-quieren-un-hogar/
bregman-en-la-argentina-van-4-anos-consecutivos-de-caida-del-salario-y-tenemos-un-50-de-inflacion,En la Argentina van 4 años consecutivos de caída del salario y tenemos un 50% de inflación,verdadero,entrenamiento,Verdadero,https://chequeado.com/ultimas-noticias/bregman-en-la-argentina-van-4-anos-consecutivos-de-caida-del-salario-y-tenemos-un-50-de-inflacion/
bregman-manzur-obligo-a-una-nina-de-11-anos-violada-a-parir,Manzur obligó a una niña de 11 años violada a parir,verdadero,entrenamiento,Verdadero,https://chequeado.com/ultimas-noticias/bregman-manzur-obligo-a-una-nina-de-11-anos-violada-a-parir/
bregman-no-puede-ser-que-la-juventud-en-mas-de-un-70-solo-tenga-trabajos-precarizados-y-sin-derechos,No puede ser que la juventud en más de un 70% sólo tenga trabajos precarizados y sin derechos,verdadero,entrenamiento,Verdadero,https://chequeado.com/ultimas-noticias/bregman-no-puede-ser-que-la-juventud-en-mas-de-un-70-solo-tenga-trabajos-precarizados-y-sin-derechos/
bregman-recortaron-el-presupuesto-covid-sacaron-el-ife,Recortaron el presupuesto COVID. Sacaron el IFE,verdadero,entrenamiento,Verdadero,https://chequeado.com/ultimas-noticias/bregman-recortaron-el-presupuesto-covid-sacaron-el-ife/
bullrich-despues-de-10-anos-de-paritarias-estabamos-en-un-salario-minimo-docente-que-estaba-por-debajo-del-minimo-vital-y-movil,"Después de 10 años de paritarias estábamos en un salario [mínimo docente] que estaba por debajo del mínimo, vital y móvil",falso,entrenamiento,Falso,https://chequeado.com/ultimas-noticias/bullrich-despues-de-10-anos-de-paritarias-estabamos-en-un-salario-minimo-docente-que-estaba-por-debajo-del-minimo-vital-y-movil/
bullrich-ecuador-tiene-97-de-la-poblacion-urbana-con-cloacas-nosotros-el-50,"Ecuador tiene 97% de la población urbana con cloacas, nosotros el 50%",falso,entrenamiento,Engañoso,https://chequeado.com/ultimas-noticias/bullrich-ecuador-tiene-97-de-la-poblacion-urbana-con-cloacas-nosotros-el-50/
bullrich-el-99-de-la-gente-que-muere-por-un-arma-de-fuego-en-la-argentina-muere-en-manos-de-un-delincuente-que-la-asesina,El 99% de la gente que muere por un arma de fuego en la Argentina muere en manos de un delincuente que la asesina,falso,entrenamiento,Engañoso,https://chequeado.com/ultimas-noticias/bullrich-el-99-de-la-gente-que-muere-por-un-arma-de-fuego-en-la-argentina-muere-en-manos-de-un-delincuente-que-la-asesina/
bullrich-el-aumento-de-ciencia-y-tecnologia-sera-de-28,El aumento de Ciencia y Tecnología [será] de 28%,falso,entrenamiento,Falso,https://chequeado.com/ultimas-noticias/bullrich-el-aumento-de-ciencia-y-tecnologia-sera-de-28/
bullrich-el-delito-en-manos-de-extranjeros-llega-al-20-de-las-personas-que-estan-detenidas,El delito en manos de extranjeros (…) llega al 20% de las personas que están detenidas,falso,entrenamiento,Engañoso,https://chequeado.com/ultimas-noticias/bullrich-el-delito-en-manos-de-extranjeros-llega-al-20-de-las-personas-que-estan-detenidas/
bullrich-el-gobierno-de-la-ciudad-ha-triplicado-el-salario-docente,El Gobierno de la Ciudad ha triplicado el salario docente,falso,entrenamiento,Engañoso,https://chequeado.com/ultimas-noticias/bullrich-el-gobierno-de-la-ciudad-ha-triplicado-el-salario-docente/
bullrich-el-prestamo-mayor-de-plata-que-tuvo-vicentin-fue-en-la-epoca-del-kirchnerismo-con-mas-de-us-200-millones,"El préstamo mayor de plata que tuvo Vicentin fue en la época del kirchnerismo, con más de US$ 200 millones",falso,entrenamiento,Falso,https://chequeado.com/ultimas-noticias/bullrich-el-prestamo-mayor-de-plata-que-tuvo-vicentin-fue-en-la-epoca-del-kirchnerismo-con-mas-de-us-200-millones/
bullrich-el-presupuesto-para-inversion-social-es-de-los-mas-altos-de-la-democracia-argentina,[El presupuesto para inversión social] es de los más altos de la democracia argentina,verdadero,entrenamiento,Verdadero,https://chequeado.com/ultimas-noticias/bullrich-el-presupuesto-para-inversion-social-es-de-los-mas-altos-de-la-democracia-argentina/
bullrich-el-same-llega-a-siete-millones-de-bonaerenses,El SAME llega a siete millones de bonaerenses,verdadero,entrenamiento,Verdadero,https://chequeado.com/ultimas-noticias/bullrich-el-same-llega-a-siete-millones-de-bonaerenses/
bullrich-el-total-de-la-disminucion-de-secuestros-en-caba-y-la-provincia-es-del-191,"El total de la disminución [de secuestros] en CABA y la Provincia es del 19,1%",verdadero,entrenamiento,Verdadero,https://chequeado.com/ultimas-noticias/bullrich-el-total-de-la-disminucion-de-secuestros-en-caba-y-la-provincia-es-del-191/
bullrich-en-15-meses-el-salario-minimo-docente-aumento-un-73,"En 15 meses, el salario mínimo docente aumentó un 73%",verdadero,validacion,"Verdadero, pero…",https://chequeado.com/ultimas-noticias/bullrich-en-15-meses-el-salario-minimo-docente-aumento-un-73/
bullrich-en-el-tema-de-las-drogas-los-extranjeros-suben-del-6-de-los-presos-al-33,"En el tema de las drogas, los extranjeros suben del 6% de los presos al 33%",falso,entrenamiento,Engañoso,https://chequeado.com/ultimas-noticias/bullrich-en-el-tema-de-las-drogas-los-extranjeros-suben-del-6-de-los-presos-al-33/
bullrich-en-la-argentina-hoy-hay-638-000-ninos-de-3-a-5-anos-que-no-van-a-la-escuela,En la Argentina hoy hay 638 mil niños de 3 a 5 años que no van a la escuela,verdadero,entrenamiento,Verdadero,https://chequeado.com/ultimas-noticias/bullrich-en-la-argentina-hoy-hay-638-000-ninos-de-3-a-5-anos-que-no-van-a-la-escuela/
bullrich-en-la-provincia-de-buenos-aires-bajo-la-participacion-de-los-menores-en-el-delito,En la Provincia de Buenos Aires bajó la participación de los menores en el delito,falso,entrenamiento,Engañoso,https://chequeado.com/ultimas-noticias/bullrich-en-la-provincia-de-buenos-aires-bajo-la-participacion-de-los-menores-en-el-delito/
bullrich-en-los-ultimos-doce-meses-el-salario-docente-universitario-crecio-el-5186,"En los últimos doce meses el salario docente [universitario] creció el 51,86%",falso,entrenamiento,Engañoso,https://chequeado.com/ultimas-noticias/bullrich-en-los-ultimos-doce-meses-el-salario-docente-universitario-crecio-el-5186/
bullrich-en-los-ultimos-dos-anos-hemos-bajado-el-23-los-homicidios,En los últimos dos años hemos bajado el 23% [los homicidios],verdadero,entrenamiento,Verdadero,https://chequeado.com/ultimas-noticias/bullrich-en-los-ultimos-dos-anos-hemos-bajado-el-23-los-homicidios/
bullrich-estamos-cubriendo-el-100-por-ciento-de-las-vacantes-para-los-chicos-que-tienen-4-anos-o-mas-por-encima-del-promedio-de-la-ocde,"Estamos cubriendo el 100% de las vacantes para los chicos que tienen 4 años o más, por encima del promedio de la OCDE",verdadero,entrenamiento,"Verdadero, pero…",https://chequeado.com/ultimas-noticias/bullrich-estamos-cubriendo-el-100-por-ciento-de-las-vacantes-para-los-chicos-que-tienen-4-anos-o-mas-por-encima-del-promedio-de-la-ocde/
bullrich-hemos-reducido-el-gasto-en-terminos-reales-un-20-en-estos-cuatro-anos,Hemos reducido el gasto en términos reales un 20% en estos cuatro años,verdadero,entrenamiento,"Verdadero, pero…",https://chequeado.com/ultimas-noticias/bullrich-hemos-reducido-el-gasto-en-terminos-reales-un-20-en-estos-cuatro-anos/
bullrich-hoy-un-trabajador-promedio-necesita-341-sueldos-para-comprarse-un-departamento-en-2003-era-la-mitad,"Hoy un trabajador promedio necesita 341 sueldos para comprarse un departamento. En 2003, era la mitad",falso,entrenamiento,Falso,https://chequeado.com/ultimas-noticias/bullrich-hoy-un-trabajador-promedio-necesita-341-sueldos-para-comprarse-un-departamento-en-2003-era-la-mitad/
bullrich-mandamos-de-nuevo-a-10-mil-profugos-a-la-carcel,Mandamos de nuevo a 10 mil prófugos a la cárcel,falso,entrenamiento,Engañoso,https://chequeado.com/ultimas-noticias/bullrich-mandamos-de-nuevo-a-10-mil-profugos-a-la-carcel/
bullrich-montevideo-tiene-mas-asesinatos-que-en-la-argentina,Montevideo tiene más asesinatos que en la Argentina,verdadero,validacion,Verdadero,https://chequeado.com/ultimas-noticias/bullrich-montevideo-tiene-mas-asesinatos-que-en-la-argentina/
bullrich-sobre-el-aborto-y-la-mortalidad-materna-las-estadisticas-muestran-que-hay-otros-factores-que-la-reducen-chile-tiene-una-mortalidad-menor-a-la-argentina-con-una-ley-mucho-mas-restr,Las estadísticas muestran que hay otros factores que la reducen. Chile tiene una mortalidad menor a la argentina con una ley mucho más restrictiva,falso,entrenamiento,Engañoso,https://chequeado.com/ultimas-noticias/bullrich-sobre-el-aborto-y-la-mortalidad-materna-las-estadisticas-muestran-que-hay-otros-factores-que-la-reducen-chile-tiene-una-mortalidad-menor-a-la-argentina-con-una-ley-mucho-mas-restr/
buryaile-argentina-era-el-tercer-exportador-mundial-de-carne-hoy-somos-el-14,"Argentina era el tercer exportador mundial de carne, hoy somos el 14°",verdadero,validacion,Verdadero,https://chequeado.com/ultimas-noticias/buryaile-argentina-era-el-tercer-exportador-mundial-de-carne-hoy-somos-el-14/
burzaco-estamos-en-un-ano-record-en-todo-lo-que-es-incautacion-de-cocaina-extasis-y-metanfetaminas,"Estamos en un año récord en todo lo que es incautación de cocaína, éxtasis y metanfetaminas",verdadero,entrenamiento,"Verdadero, pero…",https://chequeado.com/ultimas-noticias/burzaco-estamos-en-un-ano-record-en-todo-lo-que-es-incautacion-de-cocaina-extasis-y-metanfetaminas/
burzaco-han-habido-mas-de-siete-mil-cortes-en-los-ultimos-12-anos,[Ha habido] más de siete mil cortes en los últimos 12 años,verdadero,entrenamiento,Verdadero,https://chequeado.com/ultimas-noticias/burzaco-han-habido-mas-de-siete-mil-cortes-en-los-ultimos-12-anos/
c-fernandez-nunca-tuvimos-una-economia-con-el-grado-de-participacion-a-nivel-internacional-como-el-que-hoy-tiene-argentina,"Nunca tuvimos una economía con el grado de participación a nivel internacional, como el que hoy tiene Argentina",falso,entrenamiento,Falso,https://chequeado.com/ultimas-noticias/c-fernandez-nunca-tuvimos-una-economia-con-el-grado-de-participacion-a-nivel-internacional-como-el-que-hoy-tiene-argentina/
c-fernandez-santa-fe-ha-crecido-por-debajo-de-la-media-nacional,Santa Fe ha crecido por debajo de la media nacional,verdadero,entrenamiento,"Verdadero, pero…",https://chequeado.com/ultimas-noticias/c-fernandez-santa-fe-ha-crecido-por-debajo-de-la-media-nacional/
c5n-la-mayoria-de-los-paises-de-europa-son-mas-desiguales-que-los-argentinos,La mayoría de los países de Europa son más desiguales que la Argentina,falso,entrenamiento,Falso,https://chequeado.com/ultimas-noticias/c5n-la-mayoria-de-los-paises-de-europa-son-mas-desiguales-que-los-argentinos/
cabandie-con-la-mitad-del-presupuesto-de-lo-que-salio-este-metrobus-se-podria-haber-acelerado-la-frecuencia-de-la-linea-c,Con la mitad del presupuesto de lo que salió este Metrobus se podría haber acelerado la frecuencia de la Línea C,falso,entrenamiento,Engañoso,https://chequeado.com/ultimas-noticias/cabandie-con-la-mitad-del-presupuesto-de-lo-que-salio-este-metrobus-se-podria-haber-acelerado-la-frecuencia-de-la-linea-c/
cabandie-despues-de-6-meses-de-fuego-en-el-delta-del-parana-no-tenemos-un-detenido,Después de 6 meses de fuego en el Delta del Paraná no tenemos un detenido,verdadero,entrenamiento,"Verdadero, pero…",https://chequeado.com/ultimas-noticias/cabandie-despues-de-6-meses-de-fuego-en-el-delta-del-parana-no-tenemos-un-detenido/
cabandie-el-pais-construyo-en-los-ultimos-ocho-anos-1150-escuelas,El país construyó en los últimos ocho años 1150 escuelas,verdadero,entrenamiento,"Verdadero, pero…",https://chequeado.com/ultimas-noticias/cabandie-el-pais-construyo-en-los-ultimos-ocho-anos-1150-escuelas/
cabrera-la-argentina-es-el-pais-mas-cerrado-del-planeta,La Argentina es el país más cerrado del planeta,verdadero,entrenamiento,Verdadero,https://chequeado.com/ultimas-noticias/cabrera-la-argentina-es-el-pais-mas-cerrado-del-planeta/
cada-ano-mas-de-100-mil-chicas-menores-de-19-anos-quedan-embarazadas-y-siete-de-cada-diez-embarazos-adolescentes-no-son-intencionales,Cada año más de 100 mil chicas menores de 19 años quedan embarazadas y siete de cada diez embarazos [adolescentes] no son intencionales,verdadero,entrenamiento,Verdadero,https://chequeado.com/ultimas-noticias/cada-ano-mas-de-100-mil-chicas-menores-de-19-anos-quedan-embarazadas-y-siete-de-cada-diez-embarazos-adolescentes-no-son-intencionales/
cadena-3-a-macri-le-detectaron-un-quiste-benigno-en-el-pancreas,A Macri le detectaron un quiste benigno en el páncreas,verdadero,entrenamiento,Verdadero,https://chequeado.com/verificacionfb/cadena-3-a-macri-le-detectaron-un-quiste-benigno-en-el-pancreas/
cafiero-el-presupuesto-en-terminos-reales-del-2021-crece-en-8-puntos,El Presupuesto en términos reales del 2021 crece en 8 puntos,falso,entrenamiento,Falso,https://chequeado.com/ultimas-noticias/cafiero-el-presupuesto-en-terminos-reales-del-2021-crece-en-8-puntos/
cafiero-hace-por-lo-menos-4-anos-donde-los-jubilados-no-le-ganaban-a-la-inflacion,Hace por lo menos 4 años donde los jubilados no le ganaban a la inflación,falso,entrenamiento,Falso,https://chequeado.com/ultimas-noticias/cafiero-hace-por-lo-menos-4-anos-donde-los-jubilados-no-le-ganaban-a-la-inflacion/
cafiero-hoy-la-actividad-industrial-esta-mejor-que-con-macri-y-sin-pandemia,Hoy la actividad industrial está mejor que con Macri y sin pandemia,falso,entrenamiento,Engañoso,https://chequeado.com/ultimas-noticias/cafiero-hoy-la-actividad-industrial-esta-mejor-que-con-macri-y-sin-pandemia/
cafiero-la-argentina-es-uno-de-los-12-paises-en-el-mundo-que-produce-vacunas,La Argentina es uno de los 12 países en el mundo que produce vacunas,verdadero,entrenamiento,Verdadero,https://chequeado.com/ultimas-noticias/cafiero-la-argentina-es-uno-de-los-12-paises-en-el-mundo-que-produce-vacunas/
cafiero-sobre-el-gobierno-de-macri-230-mil-puestos-de-trabajo-privado-se-perdieron-durante-esos-cuatro-anos,230 mil puestos de trabajo privado se perdieron durante esos 4 años,falso,entrenamiento,Engañoso,https://chequeado.com/ultimas-noticias/cafiero-sobre-el-gobierno-de-macri-230-mil-puestos-de-trabajo-privado-se-perdieron-durante-esos-cuatro-anos/
cafiero-sobre-el-gobierno-de-macri-la-desocupacion-se-habia-agravado-y-habia-llegado-al-98,"La desocupación se había agravado y había llegado al 9,8%",verdadero,entrenamiento,Verdadero,https://chequeado.com/ultimas-noticias/cafiero-sobre-el-gobierno-de-macri-la-desocupacion-se-habia-agravado-y-habia-llegado-al-98/
cafiero-sobre-el-proyecto-de-presupuesto-2021-estamos-duplicando-los-fondos-del-ultimo-ano-del-gobierno-anterior-para-motorizar-la-obra-publica,Estamos duplicando los fondos del último año del gobierno anterior para motorizar la obra pública,verdadero,entrenamiento,Verdadero,https://chequeado.com/ultimas-noticias/cafiero-sobre-el-proyecto-de-presupuesto-2021-estamos-duplicando-los-fondos-del-ultimo-ano-del-gobierno-anterior-para-motorizar-la-obra-publica/
cafiero-sobre-europa-ee-uu-y-brasil-el-coronavirus-es-democratico-para-expandirse-pero-clasista-cuando-hay-que-contar-los-muertos,Cuando vemos los muertos en su gran mayoría son de trabajadores populares,verdadero,entrenamiento,Verdadero,https://chequeado.com/ultimas-noticias/cafiero-sobre-europa-ee-uu-y-brasil-el-coronavirus-es-democratico-para-expandirse-pero-clasista-cuando-hay-que-contar-los-muertos/
cafiero-sobre-la-cuarentena-argentina-tiene-abierta-el-87-de-la-capacidad-comercial-y-productiva,Argentina tiene abierta el 87% de la capacidad comercial y productiva,verdadero,validacion,"Verdadero, pero…",https://chequeado.com/ultimas-noticias/cafiero-sobre-la-cuarentena-argentina-tiene-abierta-el-87-de-la-capacidad-comercial-y-productiva/
cafiero-sobre-la-derrota-del-frente-de-todos-en-las-paso-a-la-gran-mayoria-de-los-oficialismos-en-el-mundo-les-paso-esto,A la gran mayoría de los oficialismos en el mundo les pasó esto,falso,entrenamiento,Falso,https://chequeado.com/ultimas-noticias/cafiero-sobre-la-derrota-del-frente-de-todos-en-las-paso-a-la-gran-mayoria-de-los-oficialismos-en-el-mundo-les-paso-esto/
cafiero-sobre-pfizer-30-mil-vacunas-llegaron-a-chile-y-despues-por-eso-tuvo-que-salir-a-comprar-de-urgencia,"30 mil vacunas llegaron a Chile, y después por eso tuvo que salir a comprar de urgencia",falso,entrenamiento,Falso,https://chequeado.com/ultimas-noticias/cafiero-sobre-pfizer-30-mil-vacunas-llegaron-a-chile-y-despues-por-eso-tuvo-que-salir-a-comprar-de-urgencia/
cafiero-sobre-vicentin-hasta-2015-era-una-empresa-que-ganaba-plata,Hasta 2015 era una empresa que ganaba plata,falso,validacion,Falso,https://chequeado.com/ultimas-noticias/cafiero-sobre-vicentin-hasta-2015-era-una-empresa-que-ganaba-plata/
camano-despues-de-la-visita-de-moreno-a-angola-el-comercio-externo-con-angola-bajo-el-37,Después de [la visita de Moreno a] Angola el comercio externo con Angola bajó el 37%,verdadero,entrenamiento,"Verdadero, pero…",https://chequeado.com/ultimas-noticias/camano-despues-de-la-visita-de-moreno-a-angola-el-comercio-externo-con-angola-bajo-el-37/
camano-el-gobierno-de-macri-es-el-que-mas-ministerios-ha-creado,[El gobierno de Macri] es el que más ministerios ha creado,verdadero,validacion,"Verdadero, pero…",https://chequeado.com/ultimas-noticias/camano-el-gobierno-de-macri-es-el-que-mas-ministerios-ha-creado/
campanella-el-50-de-los-chicos-no-termina-la-escuela-en-nuestro-pais,El 50% de los chicos no termina la escuela,verdadero,validacion,Verdadero,https://chequeado.com/ultimas-noticias/campanella-el-50-de-los-chicos-no-termina-la-escuela-en-nuestro-pais/
cano-manzur-es-el-ministro-mas-rico-de-la-decada-kirchnerista,Manzur es el ministro más rico de la década kirchnerista,verdadero,validacion,Verdadero,https://chequeado.com/ultimas-noticias/cano-manzur-es-el-ministro-mas-rico-de-la-decada-kirchnerista/
caparros-qse-producen-alimentos-para-12-mil-millones-de-personas-y-somos-7-milq,Se producen alimentos para 12 mil millones de personas y somos 7 mil,verdadero,validacion,Verdadero,https://chequeado.com/ultimas-noticias/caparros-qse-producen-alimentos-para-12-mil-millones-de-personas-y-somos-7-milq/
capitanich-477-es-el-crecimiento-de-la-economia-de-chaco-en-4-anos-versus-508-en-57-anos-anteriores,"47,7 es el crecimiento de la economía [de Chaco] en 4 años, versus 50,8 en 57 años anteriores",verdadero,entrenamiento,"Verdadero, pero…",https://chequeado.com/ultimas-noticias/capitanich-477-es-el-crecimiento-de-la-economia-de-chaco-en-4-anos-versus-508-en-57-anos-anteriores/
capitanich-el-credito-duplico-su-participacion-en-el-pbi-entre-2003-y-2013,El crédito duplicó su participación en el PBI entre 2003 y 2013,falso,entrenamiento,Engañoso,https://chequeado.com/ultimas-noticias/capitanich-el-credito-duplico-su-participacion-en-el-pbi-entre-2003-y-2013/
capitanich-el-gobierno-nacional-ha-incorporado-casi-10-mil-megavatios-en-los-ultimos-10-anos,El gobierno nacional ha incorporado casi 10 mil megavatios en los últimos 10 años,falso,entrenamiento,Engañoso,https://chequeado.com/ultimas-noticias/capitanich-el-gobierno-nacional-ha-incorporado-casi-10-mil-megavatios-en-los-ultimos-10-anos/
capitanich-hoy-el-poder-judicial-tiene-el-mayor-presupuesto-desde-el-10-de-diciembre-de-1983-a-la-fecha,Hoy el Poder Judicial tiene el mayor presupuesto desde el 10 de diciembre de 1983 a la fecha,falso,entrenamiento,Engañoso,https://chequeado.com/ultimas-noticias/capitanich-hoy-el-poder-judicial-tiene-el-mayor-presupuesto-desde-el-10-de-diciembre-de-1983-a-la-fecha/
capitanich-la-argentina-practicamente-ha-erradicado-los-niveles-de-indigencia,La Argentina prácticamente ha erradicado los niveles de indigencia,falso,entrenamiento,Falso,https://chequeado.com/ultimas-noticias/capitanich-la-argentina-practicamente-ha-erradicado-los-niveles-de-indigencia/
capitanich-las-convenciones-colectivas-de-trabajo-eran-200-en-el-ano-2002-y-ahora-son-aproximadamente-1500,Las convenciones colectivas de trabajo eran 200 en el año 2002 y ahora son aproximadamente 1500,verdadero,validacion,Verdadero,https://chequeado.com/ultimas-noticias/capitanich-las-convenciones-colectivas-de-trabajo-eran-200-en-el-ano-2002-y-ahora-son-aproximadamente-1500/
capitanich-sobre-el-fallo-de-la-corte-la-justicia-deberia-tambien-obligar-a-los-medios-a-divulgar-los-actos-de-gobierno-como-cuando-se-inaugura-una-vivienda,"La Justicia debería también obligar a los medios a divulgar los actos de gobierno, como cuando se inaugura una vivienda",falso,entrenamiento,Falso,https://chequeado.com/ultimas-noticias/capitanich-sobre-el-fallo-de-la-corte-la-justicia-deberia-tambien-obligar-a-los-medios-a-divulgar-los-actos-de-gobierno-como-cuando-se-inaugura-una-vivienda/
capitanich-somos-una-provincia-record-en-materia-de-reduccion-de-mortalidad-infantil,Somos una provincia récord en materia de reducción de mortalidad infantil,verdadero,entrenamiento,Verdadero,https://chequeado.com/ultimas-noticias/capitanich-somos-una-provincia-record-en-materia-de-reduccion-de-mortalidad-infantil/
carignano-habia-una-disposicion-que-permitia-que-una-determinada-nacionalidad-venezolana-pueda-ingresar-a-la-argentina-y-entraron-mas-de-600-000-sin-documentos-con-documentos-vencidos-y,"Había una disposición que permitía que una determinada nacionalidad [venezolana] pueda ingresar al país, y entraron más de 600 mil, sin documentos, con documentos vencidos y sin verificar antecedentes penales",falso,entrenamiento,Engañoso,https://chequeado.com/ultimas-noticias/carignano-habia-una-disposicion-que-permitia-que-una-determinada-nacionalidad-venezolana-pueda-ingresar-a-la-argentina-y-entraron-mas-de-600-000-sin-documentos-con-documentos-vencidos-y/
carles-nadie-paga-el-impuesto-a-las-ganancias-en-el-poder-judicial,Nadie paga el impuesto a las ganancias en el Poder Judicial,verdadero,entrenamiento,"Verdadero, pero…",https://chequeado.com/ultimas-noticias/carles-nadie-paga-el-impuesto-a-las-ganancias-en-el-poder-judicial/
carlos-bianco-en-todos-estos-anos-la-provincia-de-buenos-aires-tuvo-equilibrio-fiscal,En todos estos años la provincia de Buenos Aires tuvo equilibrio fiscal,falso,entrenamiento,Falso,https://chequeado.com/ultimas-noticias/carlos-bianco-en-todos-estos-anos-la-provincia-de-buenos-aires-tuvo-equilibrio-fiscal/
carrio-el-70-de-los-ninos-en-la-argentina-son-pobres,El 70% de los niños en la Argentina son pobres,falso,entrenamiento,Falso,https://chequeado.com/ultimas-noticias/carrio-el-70-de-los-ninos-en-la-argentina-son-pobres/
carrio-el-80-de-las-personas-matan-por-ira-intrafamiliar,El 80% de las personas matan por ira intrafamiliar,falso,validacion,Falso,https://chequeado.com/ultimas-noticias/carrio-el-80-de-las-personas-matan-por-ira-intrafamiliar/
carrio-la-unica-vez-que-la-argentina-pudo-sostener-un-crecimiento-economico-sostenido-fue-desde-el-ano-1860-a-1930,La única vez que la Argentina pudo sostener un crecimiento económico sostenido fue desde el año 1860 a 1930,verdadero,entrenamiento,"Verdadero, pero…",https://chequeado.com/ultimas-noticias/carrio-la-unica-vez-que-la-argentina-pudo-sostener-un-crecimiento-economico-sostenido-fue-desde-el-ano-1860-a-1930/
carrio-reutemann-se-saca-fotos-con-massa-pero-vota-siempre-con-el-oficialismo,Reutemann se saca fotos con Massa pero vota con el oficialismo,falso,entrenamiento,Falso,https://chequeado.com/ultimas-noticias/carrio-reutemann-se-saca-fotos-con-massa-pero-vota-siempre-con-el-oficialismo/
carrio-scioli-pago-por-publicidad-oficial-1-500-millones-en-2015,Scioli pagó por publicidad oficial $1.500 millones [en 2015],verdadero,entrenamiento,"Verdadero, pero…",https://chequeado.com/ultimas-noticias/carrio-scioli-pago-por-publicidad-oficial-1-500-millones-en-2015/
carrizo-el-10-del-presupuesto-total-de-salud-debe-estar-destinado-a-salud-mental-ninguno-de-los-9-presupuestos-paso-el-3-en-2022-es-147,"El 10% del presupuesto total de Salud debe estar destinado a salud mental. Ninguno de los 9 presupuestos pasó el 3%. En 2022 es 1,47%",verdadero,entrenamiento,Verdadero,https://chequeado.com/ultimas-noticias/carrizo-el-10-del-presupuesto-total-de-salud-debe-estar-destinado-a-salud-mental-ninguno-de-los-9-presupuestos-paso-el-3-en-2022-es-147/
casanello-en-las-causas-de-corrupcion-el-tiempo-promedio-de-la-instruccion-es-de-siete-anos,[En las causas de corrupción] el tiempo promedio de la instrucción es de siete años,verdadero,entrenamiento,Verdadero,https://chequeado.com/ultimas-noticias/casanello-en-las-causas-de-corrupcion-el-tiempo-promedio-de-la-instruccion-es-de-siete-anos/
cavallo-estamos-con-una-moneda-mas-sobrevaluada-que-en-la-epoca-del-uno-a-uno,Estamos con una moneda más sobrevaluada que en la época del uno a uno,falso,entrenamiento,Falso,https://chequeado.com/ultimas-noticias/cavallo-estamos-con-una-moneda-mas-sobrevaluada-que-en-la-epoca-del-uno-a-uno/
cerruti-la-estadistica-de-la-inseguridad-en-la-ciudad-de-buenos-aires-subio-y-en-la-provincia-no,"La estadística de la inseguridad en la Ciudad de Buenos Aires subió y en la Provincia, no",falso,entrenamiento,Engañoso,https://chequeado.com/ultimas-noticias/cerruti-la-estadistica-de-la-inseguridad-en-la-ciudad-de-buenos-aires-subio-y-en-la-provincia-no/
cfk-argentina-es-el-quinto-pais-en-formacion-de-activos-externos,Argentina es el quinto país en formación de activos externos,verdadero,entrenamiento,Verdadero,https://chequeado.com/ultimas-noticias/cfk-argentina-es-el-quinto-pais-en-formacion-de-activos-externos/
cfk-argentina-tiene-la-mayor-cantidad-de-cientificos-3-por-cada-mil-habitantes-de-la-region,Somos en América Latina los que más científicos tenemos por cada 1.000 habitantes,falso,validacion,Engañoso,https://chequeado.com/ultimas-noticias/cfk-argentina-tiene-la-mayor-cantidad-de-cientificos-3-por-cada-mil-habitantes-de-la-region/
cfk-argentina-tuvo-en-2012-la-inversion-extranjera-directa-mas-importante-de-toda-la-decada,Argentina tuvo [en 2012] la Inversión Extranjera Directa más importante de toda la década,verdadero,entrenamiento,"Verdadero, pero…",https://chequeado.com/ultimas-noticias/cfk-argentina-tuvo-en-2012-la-inversion-extranjera-directa-mas-importante-de-toda-la-decada/
cfk-bonadio-el-juez-que-sobrevivio-a-50-denuncias-en-el-consejo-de-la-magistratura,[Bonadio es] el juez que sobrevivió a 50 denuncias en el Consejo de la Magistratura,verdadero,entrenamiento,Verdadero,https://chequeado.com/ultimas-noticias/cfk-bonadio-el-juez-que-sobrevivio-a-50-denuncias-en-el-consejo-de-la-magistratura/
cfk-cambiemos-contrajo-una-deuda-superior-en-dos-anos-y-medio-a-la-de-la-dictadura-militar-durante-todo-su-gobierno,"[Cambiemos contrajo] una deuda superior, en dos años y medio, a la de la dictadura militar durante todo su gobierno",verdadero,entrenamiento,Verdadero,https://chequeado.com/ultimas-noticias/cfk-cambiemos-contrajo-una-deuda-superior-en-dos-anos-y-medio-a-la-de-la-dictadura-militar-durante-todo-su-gobierno/
cfk-cuando-llegamos-al-gobierno-teniamos-en-el-calendario-seis-vacunas-y-hoy-tenemos-16-y-ahora-incorporamos-tres-nuevas,Cuando llegamos al gobierno teníamos en el calendario seis vacunas y hoy tenemos 16 (…) y ahora incorporamos tres nuevas,verdadero,entrenamiento,Verdadero,https://chequeado.com/ultimas-noticias/cfk-cuando-llegamos-al-gobierno-teniamos-en-el-calendario-seis-vacunas-y-hoy-tenemos-16-y-ahora-incorporamos-tres-nuevas/
cfk-cuando-nestor-kirchner-llego-al-gobierno-los-jubilados-representaban-el-66,Cuando Néstor [Kirchner] llegó al Gobierno (…) los jubilados representaban el 66%,verdadero,validacion,Verdadero,https://chequeado.com/ultimas-noticias/cfk-cuando-nestor-kirchner-llego-al-gobierno-los-jubilados-representaban-el-66/
cfk-cuando-termine-mi-gestion-el-10-de-diciembre-de-2015-la-inflacion-medida-por-el-gobierno-de-la-ciudad-de-buenos-aires-no-superaba-el-25-anual,"Cuando terminé mi gestión el 10 de diciembre de 2015 (…) la inflación, medida por el Gobierno de la Ciudad de Buenos Aires, no superaba el 25% anual",verdadero,entrenamiento,"Verdadero, pero…",https://chequeado.com/ultimas-noticias/cfk-cuando-termine-mi-gestion-el-10-de-diciembre-de-2015-la-inflacion-medida-por-el-gobierno-de-la-ciudad-de-buenos-aires-no-superaba-el-25-anual/
cfk-de-aquellos-200-pesos-a-estos-2875-el-aumento-del-salario-minimo-vital-y-movil-significa-un-1338,"De aquellos 200 pesos a estos 2875 [el aumento del salario mínimo, vital y móvil] significa un 1338%",falso,entrenamiento,Engañoso,https://chequeado.com/ultimas-noticias/cfk-de-aquellos-200-pesos-a-estos-2875-el-aumento-del-salario-minimo-vital-y-movil-significa-un-1338/
cfk-desde-hace-50-o-60-anos-que-no-habia-nuevas-formaciones-en-la-republica-argentina,Desde hace 50 o 60 años que no había nuevas formaciones en la República Argentina,falso,entrenamiento,Falso,https://chequeado.com/ultimas-noticias/cfk-desde-hace-50-o-60-anos-que-no-habia-nuevas-formaciones-en-la-republica-argentina/
cfk-despues-de-china-la-argentina-es-el-pais-que-mas-ha-hecho-crecer-su-economia,"Después de China, [la Argentina] es el país  que más ha hecho crecer su economía",falso,entrenamiento,Falso,https://chequeado.com/ultimas-noticias/cfk-despues-de-china-la-argentina-es-el-pais-que-mas-ha-hecho-crecer-su-economia/
cfk-el-45-de-la-poblacion-argentina-esta-en-las-universidades-y-35-estan-en-las-universidades-publicas-y-gratuitas,"El 4,5% de la población argentina está en las universidades y 3,5% está en las universidades públicas y gratuitas",verdadero,entrenamiento,"Verdadero, pero…",https://chequeado.com/ultimas-noticias/cfk-el-45-de-la-poblacion-argentina-esta-en-las-universidades-y-35-estan-en-las-universidades-publicas-y-gratuitas/
cfk-el-66-es-la-tasa-de-desempleo-mas-baja-registrada-desde-1991,"El 6,6% es la tasa de desempleo más baja registrada desde 1991",verdadero,entrenamiento,"Verdadero, pero…",https://chequeado.com/ultimas-noticias/cfk-el-66-es-la-tasa-de-desempleo-mas-baja-registrada-desde-1991/
cfk-el-ano-pasado-contrajimos-mas-deuda-que-china,El año pasado contrajimos más deuda que China,verdadero,entrenamiento,"Verdadero, pero…",https://chequeado.com/ultimas-noticias/cfk-el-ano-pasado-contrajimos-mas-deuda-que-china/
cfk-el-codigo-se-aplica-a-partir-de-su-sancion-y-de-su-implementacion-para-los-casos-futuros,El Código se aplica a partir de su sanción y de su implementación para los casos futuros,verdadero,entrenamiento,"Verdadero, pero…",https://chequeado.com/ultimas-noticias/cfk-el-codigo-se-aplica-a-partir-de-su-sancion-y-de-su-implementacion-para-los-casos-futuros/
cfk-el-crecimiento-realizado-por-la-argentina-entre-2004-y-2011-es-el-tercero-a-nivel-global-en-calidad-de-crecimiento,El crecimiento realizado por la Argentina entre 2004 y 2011 es el tercero a nivel global en calidad de crecimiento,falso,entrenamiento,Engañoso,https://chequeado.com/ultimas-noticias/cfk-el-crecimiento-realizado-por-la-argentina-entre-2004-y-2011-es-el-tercero-a-nivel-global-en-calidad-de-crecimiento/
cfk-el-gobierno-ya-lleva-importado-un-57-mas-de-petroleo-del-total-importado-entre-los-anos-2008-y-2015,El Gobierno ya lleva importado un 57% más de petróleo del total importado entre los años 2008 y 2015,falso,entrenamiento,Engañoso,https://chequeado.com/ultimas-noticias/cfk-el-gobierno-ya-lleva-importado-un-57-mas-de-petroleo-del-total-importado-entre-los-anos-2008-y-2015/
cfk-el-proyecto-de-cambiemos-establece-una-quita-de-entre-el-30-y-el-60-para-los-jubilados-que-tienen-juicio,[El proyecto de Cambiemos] establece una quita de entre el 30% y el 60% para los jubilados que tienen juicio,falso,entrenamiento,Engañoso,https://chequeado.com/ultimas-noticias/cfk-el-proyecto-de-cambiemos-establece-una-quita-de-entre-el-30-y-el-60-para-los-jubilados-que-tienen-juicio/
cfk-en-2011-la-argentina-tuvo-el-record-historico-de-inversion-de-toda-la-serie,[En 2011] la Argentina tuvo el récord histórico de inversión de toda la serie,verdadero,entrenamiento,"Verdadero, pero…",https://chequeado.com/ultimas-noticias/cfk-en-2011-la-argentina-tuvo-el-record-historico-de-inversion-de-toda-la-serie/
cfk-en-2016-la-inversion-extranjera-directa-fue-menos-de-la-mitad-de-la-que-tuvimos-en-2015,En 2016 la inversión extranjera directa fue menos de la mitad de la que tuvimos en 2015,falso,entrenamiento,Engañoso,https://chequeado.com/ultimas-noticias/cfk-en-2016-la-inversion-extranjera-directa-fue-menos-de-la-mitad-de-la-que-tuvimos-en-2015/
cfk-en-estos-diez-anos-el-egreso-de-las-universidades-crecio-un-68-en-la-argentina,"En estos diez años, el egreso de las universidades creció un 68% en la Argentina",verdadero,entrenamiento,"Verdadero, pero…",https://chequeado.com/ultimas-noticias/cfk-en-estos-diez-anos-el-egreso-de-las-universidades-crecio-un-68-en-la-argentina/
cfk-en-la-argentina-hay-una-diferencia-abismal-entre-la-inversion-estatal-en-investigacion-y-desarrollo-y-la-que-hacen-los-privados,"En la Argentina hay una diferencia abismal entre la inversión estatal en investigación y desarrollo, y la que hacen los privados",verdadero,validacion,Verdadero,https://chequeado.com/ultimas-noticias/cfk-en-la-argentina-hay-una-diferencia-abismal-entre-la-inversion-estatal-en-investigacion-y-desarrollo-y-la-que-hacen-los-privados/
cfk-en-la-ciudad-de-buenos-aires-y-en-toda-la-campana-la-mitad-de-la-poblacion-segun-el-censo-de-1778-eran-negros,"En la ciudad de Buenos Aires y en toda la campaña, según el censo de 1778, la mitad de la población eran negros",falso,entrenamiento,Falso,https://chequeado.com/ultimas-noticias/cfk-en-la-ciudad-de-buenos-aires-y-en-toda-la-campana-la-mitad-de-la-poblacion-segun-el-censo-de-1778-eran-negros/
cfk-en-la-ciudad-en-algunos-lugares-piden-dni-para-ver-si-te-atienden-o-no-a-un-chiquito-enfermo,"En la Ciudad, en algunos lugares piden DNI para ver si te atienden o no a un chiquito enfermo",falso,entrenamiento,Falso,https://chequeado.com/ultimas-noticias/cfk-en-la-ciudad-en-algunos-lugares-piden-dni-para-ver-si-te-atienden-o-no-a-un-chiquito-enfermo/
cfk-en-la-justicia-es-imposible-acceder-a-la-declaracion-jurada-de-nadieq,En la Justicia es imposible acceder a la declaración jurada de nadie,falso,entrenamiento,Engañoso,https://chequeado.com/ultimas-noticias/cfk-en-la-justicia-es-imposible-acceder-a-la-declaracion-jurada-de-nadieq/
cfk-en-los-estados-unidos-para-medir-la-inflacion-no-los-toman-a-los-alimentos-y-a-la-energia,En [los] Estados Unidos para medir la inflación no los toman [a los alimentos y a la energía],falso,entrenamiento,Falso,https://chequeado.com/ultimas-noticias/cfk-en-los-estados-unidos-para-medir-la-inflacion-no-los-toman-a-los-alimentos-y-a-la-energia/
cfk-en-todo-el-mundo-estan-abandonando-el-voto-electronico,En todo el mundo están abandonando el voto electrónico,verdadero,entrenamiento,Verdadero,https://chequeado.com/ultimas-noticias/cfk-en-todo-el-mundo-estan-abandonando-el-voto-electronico/
cfk-en-un-ranking-de-las-50-ciudades-mas-violentas-brasil-fue-incluida-en-17-ciudades-nosotros-no-tenemos-ni-una-sola-ciudad-incluida,"En un ránking de las 50 ciudades más violentas, Brasil fue incluida en 17 ciudades. Nosotros no tenemos ni una sola ciudad incluida",verdadero,entrenamiento,Verdadero,https://chequeado.com/ultimas-noticias/cfk-en-un-ranking-de-las-50-ciudades-mas-violentas-brasil-fue-incluida-en-17-ciudades-nosotros-no-tenemos-ni-una-sola-ciudad-incluida/
cfk-estamos-ante-el-deficit-comercial-mas-grande-desde-1910,Estamos ante el déficit comercial más grande desde 1910,falso,entrenamiento,Falso,https://chequeado.com/ultimas-noticias/cfk-estamos-ante-el-deficit-comercial-mas-grande-desde-1910/
cfk-este-gobierno-ha-destruido-mas-armas-que-ningun-otro,Este Gobierno ha destruido más armas que ningún otro,verdadero,entrenamiento,Verdadero,https://chequeado.com/ultimas-noticias/cfk-este-gobierno-ha-destruido-mas-armas-que-ningun-otro/
cfk-fuimos-nosotros-tambien-los-que-llevamos-de-6-vacunas-que-habia-a-16-vacunas,Fuimos nosotros también los que llevamos de 6 vacunas que había a 16 vacunas,verdadero,entrenamiento,Verdadero,https://chequeado.com/ultimas-noticias/cfk-fuimos-nosotros-tambien-los-que-llevamos-de-6-vacunas-que-habia-a-16-vacunas/
cfk-hemos-batido-record-de-produccion-mas-de-105-millones-de-toneladas-de-produccion-granaria-de-la-argentina,Hemos batido récord de producción: más de 105 millones de toneladas de producción granaria de la Argentina,falso,entrenamiento,Engañoso,https://chequeado.com/ultimas-noticias/cfk-hemos-batido-record-de-produccion-mas-de-105-millones-de-toneladas-de-produccion-granaria-de-la-argentina/
cfk-hemos-pasado-de-un-364-del-pbi-en-educacion-a-un-65-en-2012,"Hemos pasado de un 3,64% del PBI en educación a un 6,5% en 2012",verdadero,entrenamiento,Verdadero,https://chequeado.com/ultimas-noticias/cfk-hemos-pasado-de-un-364-del-pbi-en-educacion-a-un-65-en-2012/
cfk-hemos-permitido-que-todos-los-partidos-politicos-tuvieran-el-mismo-e-igualitario-acceso-a-la-publicidad-electoral,Hemos permitido que todos los partidos políticos (…) tuvieran el mismo e igualitario acceso a la publicidad electoral,falso,entrenamiento,Engañoso,https://chequeado.com/ultimas-noticias/cfk-hemos-permitido-que-todos-los-partidos-politicos-tuvieran-el-mismo-e-igualitario-acceso-a-la-publicidad-electoral/
cfk-hoy-con-la-comida-estamos-igual-que-venezuela,Hoy con la comida estamos igual que Venezuela,falso,entrenamiento,Falso,https://chequeado.com/ultimas-noticias/cfk-hoy-con-la-comida-estamos-igual-que-venezuela/
cfk-hoy-estamos-cubriendo-al-65-de-la-poblacion-argentina-con-la-tv-digital-abierta-y-gratuita-para-todos,Hoy estamos cubriendo al 65% de la población argentina con la TV digital abierta,verdadero,entrenamiento,"Verdadero, pero…",https://chequeado.com/ultimas-noticias/cfk-hoy-estamos-cubriendo-al-65-de-la-poblacion-argentina-con-la-tv-digital-abierta-y-gratuita-para-todos/
cfk-hoy-la-argentina-tiene-en-el-mundo-me-atrevo-a-decir-el-mejor-grado-de-productividad-por-hectarea-sembrada,Hoy la Argentina tiene en el mundo el mejor grado de productividad por hectárea sembrada,verdadero,entrenamiento,Verdadero,https://chequeado.com/ultimas-noticias/cfk-hoy-la-argentina-tiene-en-el-mundo-me-atrevo-a-decir-el-mejor-grado-de-productividad-por-hectarea-sembrada/
cfk-invertimos-mas-de-us1-200-en-trenes-para-pasajeros-en-todo-el-amba,[Invertimos] más de US$1.200 millones en trenes para pasajeros en todo el AMBA,verdadero,validacion,Verdadero,https://chequeado.com/ultimas-noticias/cfk-invertimos-mas-de-us1-200-en-trenes-para-pasajeros-en-todo-el-amba/
cfk-la-actividad-inmobiliaria-ha-repuntado-durante-el-mes-de-junio-en-un-casi-20-por-ciento,"[La actividad inmobiliaria] ha repuntado, durante el mes de junio, en un casi 20 por ciento",falso,entrenamiento,Engañoso,https://chequeado.com/ultimas-noticias/cfk-la-actividad-inmobiliaria-ha-repuntado-durante-el-mes-de-junio-en-un-casi-20-por-ciento/
cfk-la-argentina-es-el-pais-que-mas-se-ha-desendeudado-del-mundo,La Argentina es el país que más se ha desendeudado del mundo,falso,entrenamiento,Falso,https://chequeado.com/ultimas-noticias/cfk-la-argentina-es-el-pais-que-mas-se-ha-desendeudado-del-mundo/
cfk-la-argentina-tiene-la-cobertura-mas-alta-en-jubilaciones-de-la-region,La Argentina tiene la cobertura más alta [en jubilaciones de la región],verdadero,entrenamiento,Verdadero,https://chequeado.com/ultimas-noticias/cfk-la-argentina-tiene-la-cobertura-mas-alta-en-jubilaciones-de-la-region/
cfk-la-auh-aerolineas-e-ypf-cada-vez-que-votamos-una-de-estas-leyes-en-el-congreso-lo-hicimos-en-absoluta-soledad,"[La AUH, Aerolíneas e YPF], cada vez que votamos una de estas leyes en el Congreso lo hicimos en absoluta soledad",falso,entrenamiento,Falso,https://chequeado.com/ultimas-noticias/cfk-la-auh-aerolineas-e-ypf-cada-vez-que-votamos-una-de-estas-leyes-en-el-congreso-lo-hicimos-en-absoluta-soledad/
cfk-la-cobertura-previsional-habia-superado-con-creces-el-90-de-la-poblacion,La cobertura previsional había superado con creces el 90% de la población,verdadero,entrenamiento,Verdadero,https://chequeado.com/ultimas-noticias/cfk-la-cobertura-previsional-habia-superado-con-creces-el-90-de-la-poblacion/
cfk-la-inversion-en-salud-publica-crecio-10-veces-en-el-presupuesto,La inversión en salud pública creció 10 veces en el Presupuesto,falso,entrenamiento,Engañoso,https://chequeado.com/ultimas-noticias/cfk-la-inversion-en-salud-publica-crecio-10-veces-en-el-presupuesto/
cfk-la-mitad-practicamente-de-los-que-hoy-cobran-una-pension-o-una-jubilacion-es-por-las-moratorias-previsionales,"La mitad, prácticamente, de los que hoy cobran una pensión o una jubilación es por las moratorias previsionales",verdadero,entrenamiento,Verdadero,https://chequeado.com/ultimas-noticias/cfk-la-mitad-practicamente-de-los-que-hoy-cobran-una-pension-o-una-jubilacion-es-por-las-moratorias-previsionales/
cfk-la-proporcion-de-la-publicidad-del-estado-frente-a-la-publicidad-privada-es-infima,La proporción de la publicidad del Estado frente a la publicidad privada es ínfima,falso,entrenamiento,Engañoso,https://chequeado.com/ultimas-noticias/cfk-la-proporcion-de-la-publicidad-del-estado-frente-a-la-publicidad-privada-es-infima/
cfk-los-jueces-nunca-se-condenan-a-si-mismos,Los jueces nunca se condenan a sí mismos,falso,entrenamiento,Falso,https://chequeado.com/ultimas-noticias/cfk-los-jueces-nunca-se-condenan-a-si-mismos/
cfk-los-medicamentos-mas-consumidos-por-los-jubilados-en-los-ultimos-dos-anos-tuvieron-un-aumento-promedio-de-99-2,Los medicamentos más consumidos por los jubilados en los últimos dos años tuvieron un aumento promedio de 99%,verdadero,entrenamiento,"Verdadero, pero…",https://chequeado.com/ultimas-noticias/cfk-los-medicamentos-mas-consumidos-por-los-jubilados-en-los-ultimos-dos-anos-tuvieron-un-aumento-promedio-de-99-2/
cfk-los-rendimientos-de-los-plazos-fijos-y-el-merval-se-ubicaron-muy-por-encima-de-los-de-la-compra-de-dolares-inclusive-el-ilegal,Los rendimientos de los plazos fijos y el Merval se ubicaron muy por encima del de la compra de dólares (inclusive el ilegal),falso,entrenamiento,Engañoso,https://chequeado.com/ultimas-noticias/cfk-los-rendimientos-de-los-plazos-fijos-y-el-merval-se-ubicaron-muy-por-encima-de-los-de-la-compra-de-dolares-inclusive-el-ilegal/
cfk-macri-tuvo-que-reestablecer-el-denominado-cepo-cambiario-pero-con-una-restriccion-mucho-mayor-solo-podian-comprarse-para-ahorro-us-200-por-mes-menos-del-10-de-aquell,Macri tuvo que reestablecer el denominado ‘cepo’ cambiario pero con una restricción mucho mayor: sólo podían comprarse para ahorro US$ 200 por mes -menos del 10% de aquellos tan cuestionados US$ 2.500-,falso,entrenamiento,Engañoso,https://chequeado.com/ultimas-noticias/cfk-macri-tuvo-que-reestablecer-el-denominado-cepo-cambiario-pero-con-una-restriccion-mucho-mayor-solo-podian-comprarse-para-ahorro-us-200-por-mes-menos-del-10-de-aquell/
cfk-no-fuimos-anti-estadounidenses-durante-los-90-la-balanza-comercial-era-deficitaria-para-los-estados-unidos-durante-nuestro-gobierno-fue-superavitaria,[No fuimos anti-estadounidenses] Durante los ‘90 la balanza comercial era deficitaria para los EE.UU. Durante nuestro gobierno fue superavitaria,falso,entrenamiento,Falso,https://chequeado.com/ultimas-noticias/cfk-no-fuimos-anti-estadounidenses-durante-los-90-la-balanza-comercial-era-deficitaria-para-los-estados-unidos-durante-nuestro-gobierno-fue-superavitaria/
cfk-no-habia-desaparecidos-en-santa-cruz,No había desaparecidos en Santa Cruz,falso,validacion,Falso,https://chequeado.com/ultimas-noticias/cfk-no-habia-desaparecidos-en-santa-cruz/
cfk-no-hay-ningun-alumno-ni-docente-que-no-cuente-con-una-computadora-de-conectar-igualdad,No hay ningún alumno ni docente que no cuente con una computadora de ‘Conectar Igualdad’,verdadero,validacion,Verdadero,https://chequeado.com/ultimas-noticias/cfk-no-hay-ningun-alumno-ni-docente-que-no-cuente-con-una-computadora-de-conectar-igualdad/
cfk-no-hay-ningun-sector-en-el-que-todos-sus-insumos-sean-importados-salvo-el-tema-de-celulares-y-electrodomesticos,"No hay ningún sector en el que todos sus insumos sean importados, salvo el tema de celulares y electrodomésticos",falso,entrenamiento,Engañoso,https://chequeado.com/ultimas-noticias/cfk-no-hay-ningun-sector-en-el-que-todos-sus-insumos-sean-importados-salvo-el-tema-de-celulares-y-electrodomesticos/
cfk-nuestro-pais-es-el-mejor-de-latinoamerica-para-ser-madre,Nuestro país es el mejor de Latinoamérica para ser madre,verdadero,entrenamiento,Verdadero,https://chequeado.com/ultimas-noticias/cfk-nuestro-pais-es-el-mejor-de-latinoamerica-para-ser-madre/
cfk-para-los-invisibles-y-los-pobres-no-hay-ni-cautelares-ni-inconstitucionalidades-ni-nada,"Para los invisibles y los pobres no hay ni cautelares, ni inconstitucionalidades, ni nada",falso,validacion,Falso,https://chequeado.com/ultimas-noticias/cfk-para-los-invisibles-y-los-pobres-no-hay-ni-cautelares-ni-inconstitucionalidades-ni-nada/
cfk-qel-proyecto-politico-que-ha-generado-mas-de-cinco-millones-y-medio-de-puestos-de-trabajoq,[Este] proyecto político ha generado más de cinco millones y medio de puestos de trabajo,falso,entrenamiento,Engañoso,https://chequeado.com/ultimas-noticias/cfk-qel-proyecto-politico-que-ha-generado-mas-de-cinco-millones-y-medio-de-puestos-de-trabajoq/
cfk-qhoy-las-emisiones-de-dioxido-de-carbono-de-los-paises-avanzados-de-altos-ingresos-son-mas-de-35-veces-que-los-paises-de-menores-ingresosq,Hoy las emisiones de dióxido de carbono de los países avanzados (…) son más de 35 veces las de los países de menores ingresos,verdadero,entrenamiento,"Verdadero, pero…",https://chequeado.com/ultimas-noticias/cfk-qhoy-las-emisiones-de-dioxido-de-carbono-de-los-paises-avanzados-de-altos-ingresos-son-mas-de-35-veces-que-los-paises-de-menores-ingresosq/
cfk-qse-ha-aumentado-un-total-del-2054-el-haber-de-los-jubiladosq,Desde que Kirchner asumió se ha aumentado un 2.054% el haber de los jubilados,falso,entrenamiento,Falso,https://chequeado.com/ultimas-noticias/cfk-qse-ha-aumentado-un-total-del-2054-el-haber-de-los-jubiladosq/
cfk-quisieron-montar-que-habia-una-suerte-de-espionaje-de-la-gendarmeria-proyecto-x-inexistente,"Quisieron montar (…) que había una suerte de espionaje de la Gendarmería, Proyecto X, inexistente",falso,entrenamiento,Falso,https://chequeado.com/ultimas-noticias/cfk-quisieron-montar-que-habia-una-suerte-de-espionaje-de-la-gendarmeria-proyecto-x-inexistente/
cfk-sobre-el-pbi-crecimos-en-2013-y-2015-terminemos-con-el-mito-este-de-que-hace-10-anos-que-nadie-crece,Crecimos en 2013 y 2015. Terminemos con el mito este de que hace 10 años que nadie crece,falso,entrenamiento,Engañoso,https://chequeado.com/ultimas-noticias/cfk-sobre-el-pbi-crecimos-en-2013-y-2015-terminemos-con-el-mito-este-de-que-hace-10-anos-que-nadie-crece/
cfk-sobre-la-inversion-en-embarazo-no-intencional-si-uno-mira-el-presupuesto-de-este-ano-ha-sido-solamente-ejecutado-en-un-12-por-ciento,"Si uno mira el presupuesto de este año, ha sido solamente ejecutado en un 12%",verdadero,entrenamiento,"Verdadero, pero…",https://chequeado.com/ultimas-noticias/cfk-sobre-la-inversion-en-embarazo-no-intencional-si-uno-mira-el-presupuesto-de-este-ano-ha-sido-solamente-ejecutado-en-un-12-por-ciento/
cfk-sobre-la-mortalidad-materna-entre-2009-y-2013-la-hemos-reducido-a-la-mitad,[Entre 2009 y 2013] la hemos reducido a la mitad,falso,validacion,Engañoso,https://chequeado.com/ultimas-noticias/cfk-sobre-la-mortalidad-materna-entre-2009-y-2013-la-hemos-reducido-a-la-mitad/
cfk-sobre-la-reparacion-historica-a-los-jubilados-el-numero-de-beneficiarios-alcanzados-no-llega-a-un-tercio-de-lo-que-se-anuncio,El número de beneficiarios alcanzados no llega a un tercio de lo que se anunció,falso,entrenamiento,Engañoso,https://chequeado.com/ultimas-noticias/cfk-sobre-la-reparacion-historica-a-los-jubilados-el-numero-de-beneficiarios-alcanzados-no-llega-a-un-tercio-de-lo-que-se-anuncio/
cfk-somos-el-pais-que-mas-celulares-por-habitante-tiene-de-toda-america,Somos el país que más celulares por habitante tiene de toda América,falso,entrenamiento,Falso,https://chequeado.com/ultimas-noticias/cfk-somos-el-pais-que-mas-celulares-por-habitante-tiene-de-toda-america/
cfk-somos-el-pais-que-mayor-cobertura-tiene-en-materia-provisional,Somos el país que mayor cobertura tiene en materia previsional,verdadero,entrenamiento,Verdadero,https://chequeado.com/ultimas-noticias/cfk-somos-el-pais-que-mayor-cobertura-tiene-en-materia-provisional/
cfk-somos-el-unico-pais-de-latinoamerica-que-no-maneja-sus-recursos-naturales,Somos el único país de Latinoamérica que no maneja sus recursos naturales,verdadero,entrenamiento,"Verdadero, pero…",https://chequeado.com/ultimas-noticias/cfk-somos-el-unico-pais-de-latinoamerica-que-no-maneja-sus-recursos-naturales/
cfk-tenemos-la-peor-caida-de-la-industria-desde-el-2002-previo-al-kirchnerismo,"Tenemos la peor caída de la industria desde el 2002, previo al kirchnerismo",falso,entrenamiento,Falso,https://chequeado.com/ultimas-noticias/cfk-tenemos-la-peor-caida-de-la-industria-desde-el-2002-previo-al-kirchnerismo/
cfk-tenemos-un-pais-donde-se-permite-realizar-tareas-de-cabotaje-a-empresas-extranjeras-cosa-que-no-es-reciproca,"Tenemos un país donde se permite (…) realizar tareas de cabotaje a empresas  extranjeras, cosa que no es recíproca",falso,validacion,Falso,https://chequeado.com/ultimas-noticias/cfk-tenemos-un-pais-donde-se-permite-realizar-tareas-de-cabotaje-a-empresas-extranjeras-cosa-que-no-es-reciproca/
cfk-terminamos-nuestro-gobierno-con-casi-el-97-de-la-poblacion-en-condiciones-de-acceder-a-una-jubilacion-o-a-una-pension-con-cobertura,Terminamos nuestro gobierno con casi el 97% de la población en condiciones de acceder a una jubilación o a una pensión con cobertura,verdadero,entrenamiento,Verdadero,https://chequeado.com/ultimas-noticias/cfk-terminamos-nuestro-gobierno-con-casi-el-97-de-la-poblacion-en-condiciones-de-acceder-a-una-jubilacion-o-a-una-pension-con-cobertura/
cfk-todas-las-lineas-aereas-del-mundo-absolutamente-todas-son-deficitarias,"Todas las líneas aéreas del mundo, absolutamente todas, son deficitarias",falso,entrenamiento,Falso,https://chequeado.com/ultimas-noticias/cfk-todas-las-lineas-aereas-del-mundo-absolutamente-todas-son-deficitarias/
cfk-ypf-este-ano-ha-tenido-el-primer-resultado-negativo-en-los-ultimos-20-anos,YPF este año ha tenido el primer resultado negativo en los últimos 20 años,falso,entrenamiento,Engañoso,https://chequeado.com/ultimas-noticias/cfk-ypf-este-ano-ha-tenido-el-primer-resultado-negativo-en-los-ultimos-20-anos/
cgt-el-salario-no-es-una-ganancia,El salario no es una ganancia,falso,entrenamiento,Engañoso,https://chequeado.com/ultimas-noticias/cgt-el-salario-no-es-una-ganancia/
chequeadomacri-estamos-cada-dia-mas-cerca-de-cumplir-los-objetivos-de-la-ley-de-basura-cero,Estamos cada día más cerca de cumplir los objetivos de la Ley de Basura Cero,falso,entrenamiento,Engañoso,https://chequeado.com/ultimas-noticias/chequeadomacri-estamos-cada-dia-mas-cerca-de-cumplir-los-objetivos-de-la-ley-de-basura-cero/
chequeadomacri-son-250-mil-chicos-de-los-primarios-portenos-que-han-recibido-su-netbook,Son 250 mil chicos de los primarios porteños que han recibido su netbook,verdadero,validacion,Verdadero,https://chequeado.com/ultimas-noticias/chequeadomacri-son-250-mil-chicos-de-los-primarios-portenos-que-han-recibido-su-netbook/
chequeadoscioli-alcanzamos-la-tasa-de-mortalidad-infantil-mas-baja-de-la-historia,Alcanzamos la tasa de mortalidad infantil más baja de la historia,verdadero,entrenamiento,Verdadero,https://chequeado.com/ultimas-noticias/chequeadoscioli-alcanzamos-la-tasa-de-mortalidad-infantil-mas-baja-de-la-historia/
christine-lagarde-no-dijo-los-ancianos-viven-demasiado-y-eso-es-un-riesgo-para-la-economia-global,Los ancianos viven demasiado y eso es un riesgo para la economía global,falso,entrenamiento,Falso,https://chequeado.com/verificacionfb/christine-lagarde-no-dijo-los-ancianos-viven-demasiado-y-eso-es-un-riesgo-para-la-economia-global/
clarin-a-fines-de-2017-el-8-de-la-matriz-electrica-debera-usar-fuentes-renovables-hoy-apenas-supera-el-1,"A fines de 2017, el 8% de la matriz eléctrica deberá usar fuentes renovables. Hoy apenas supera el 1%",verdadero,entrenamiento,Verdadero,https://chequeado.com/ultimas-noticias/clarin-a-fines-de-2017-el-8-de-la-matriz-electrica-debera-usar-fuentes-renovables-hoy-apenas-supera-el-1/
clarin-aprenden-menos-los-alumnos-del-norte-del-pais,Aprenden menos los alumnos del Norte del país,verdadero,entrenamiento,Verdadero,https://chequeado.com/ultimas-noticias/clarin-aprenden-menos-los-alumnos-del-norte-del-pais/
clarin-argentina-entre-los-paises-con-mas-desercion-en-la-secundaria,"Argentina, entre los países con más deserción en la secundaria",verdadero,entrenamiento,"Verdadero, pero…",https://chequeado.com/ultimas-noticias/clarin-argentina-entre-los-paises-con-mas-desercion-en-la-secundaria/
clarin-bajo-la-mortalidad-infantil-en-la-provincia-y-es-la-menor-de-toda-la-historia,Bajó la mortalidad infantil en la Provincia y es la menor de toda la historia,verdadero,entrenamiento,Verdadero,https://chequeado.com/ultimas-noticias/clarin-bajo-la-mortalidad-infantil-en-la-provincia-y-es-la-menor-de-toda-la-historia/
clarin-cada-5-minutos-una-chica-menor-de-20-anos-es-mama,Cada 5 minutos una chica menor de 20 años es mamá,verdadero,entrenamiento,Verdadero,https://chequeado.com/ultimas-noticias/clarin-cada-5-minutos-una-chica-menor-de-20-anos-es-mama/
clarin-cinco-trans-por-dia-tramitan-un-documento-acorde-con-su-aspecto-fisico,Cinco trans por día tramitan un documento acorde con su aspecto físico,verdadero,entrenamiento,Verdadero,https://chequeado.com/ultimas-noticias/clarin-cinco-trans-por-dia-tramitan-un-documento-acorde-con-su-aspecto-fisico/
clarin-con-cristina-se-toco-el-piso-de-leyes-votadas-por-ano-desde-1983,"Con Cristina, se tocó el piso de leyes votadas por año desde 1983",verdadero,entrenamiento,"Verdadero, pero…",https://chequeado.com/ultimas-noticias/clarin-con-cristina-se-toco-el-piso-de-leyes-votadas-por-ano-desde-1983/
clarin-de-las-32-leyes-votadas-desde-diciembre-23-las-envio-el-gobierno,"De las 32 leyes votadas desde diciembre, 23 las envió el Gobierno",verdadero,entrenamiento,"Verdadero, pero…",https://chequeado.com/ultimas-noticias/clarin-de-las-32-leyes-votadas-desde-diciembre-23-las-envio-el-gobierno/
clarin-el-40-de-los-argentinos-gana-menos-de-800,El 40% de los argentinos gana menos de $800,falso,entrenamiento,Engañoso,https://chequeado.com/ultimas-noticias/clarin-el-40-de-los-argentinos-gana-menos-de-800/
clarin-el-desempleo-en-la-argentina-esta-entre-los-mas-altos-de-la-region,El desempleo en la Argentina está entre los más altos de la región,verdadero,entrenamiento,Verdadero,https://chequeado.com/ultimas-noticias/clarin-el-desempleo-en-la-argentina-esta-entre-los-mas-altos-de-la-region/
clarin-el-gobierno-empezo-a-dar-de-baja-pensiones-por-discapacidad,El Gobierno empezó a dar de baja pensiones por discapacidad,verdadero,entrenamiento,Verdadero,https://chequeado.com/ultimas-noticias/clarin-el-gobierno-empezo-a-dar-de-baja-pensiones-por-discapacidad/
clarin-el-gobierno-genero-la-mitad-de-los-empleos-que-dice-haber-creado,El Gobierno generó la mitad de los empleos que dice haber creado,falso,entrenamiento,Engañoso,https://chequeado.com/ultimas-noticias/clarin-el-gobierno-genero-la-mitad-de-los-empleos-que-dice-haber-creado/
clarin-en-el-ultimo-ano-se-fueron-de-las-escuelas-publicas-casi-50-mil-alumnos,En el último año se fueron de las escuelas públicas casi 50 mil alumnos,verdadero,entrenamiento,"Verdadero, pero…",https://chequeado.com/ultimas-noticias/clarin-en-el-ultimo-ano-se-fueron-de-las-escuelas-publicas-casi-50-mil-alumnos/
clarin-hay-que-trabajar-medio-ano-para-el-estado,Hay que trabajar medio año para el Estado,falso,entrenamiento,Falso,https://chequeado.com/ultimas-noticias/clarin-hay-que-trabajar-medio-ano-para-el-estado/
clarin-no-habra-mas-aplazos-y-los-chicos-podran-llevarse-previas,En las primarias de la Provincia no habrá más aplazos,falso,entrenamiento,Falso,https://chequeado.com/ultimas-noticias/clarin-no-habra-mas-aplazos-y-los-chicos-podran-llevarse-previas/
cobos-sobre-aerolineas-qno-hay-una-relacion-logica-entre-empleados-y-cantidad-de-vuelosq,[No hay] una relación lógica entre empleados y cantidad de vuelos,verdadero,entrenamiento,Verdadero,https://chequeado.com/ultimas-noticias/cobos-sobre-aerolineas-qno-hay-una-relacion-logica-entre-empleados-y-cantidad-de-vuelosq/
cobos-usaria-las-reservas-para-hacer-viviendas,Usaría las reservas para hacer viviendas,falso,entrenamiento,Engañoso,https://chequeado.com/ultimas-noticias/cobos-usaria-las-reservas-para-hacer-viviendas/
combustible,Las principales importaciones fueron de combustibles,falso,entrenamiento,Falso,https://chequeado.com/ultimas-noticias/combustible/
cornejo-desde-2010-la-argentina-tiene-su-mismo-producto-bruto-interno,Desde 2010 la Argentina tiene su mismo Producto Bruto Interno,verdadero,entrenamiento,Verdadero,https://chequeado.com/ultimas-noticias/cornejo-desde-2010-la-argentina-tiene-su-mismo-producto-bruto-interno/
cornejo-hoy-el-85-del-subsidio-de-transporte-queda-en-el-amba,Hoy el 85% del subsidio de transporte queda en el AMBA,verdadero,entrenamiento,Verdadero,https://chequeado.com/ultimas-noticias/cornejo-hoy-el-85-del-subsidio-de-transporte-queda-en-el-amba/
costa-el-50-de-la-poblacion-en-la-provincia-de-santa-cruz-no-tiene-agua-corriente,El 50% de la población en la provincia de Santa Cruz no tiene agua corriente,falso,entrenamiento,Falso,https://chequeado.com/ultimas-noticias/costa-el-50-de-la-poblacion-en-la-provincia-de-santa-cruz-no-tiene-agua-corriente/
costa-la-inflacion-acumulada-enero-octubre-estaba-en-el-orden-del-10,La inflación acumulada enero-octubre estaba en el orden del 10%,falso,entrenamiento,Falso,https://chequeado.com/ultimas-noticias/costa-la-inflacion-acumulada-enero-octubre-estaba-en-el-orden-del-10/
costa-ucr-es-el-presupuesto-de-mayor-inversion-social-de-los-ultimos-50-anos-de-la-republica-argentina,Es el presupuesto de mayor inversión social de los últimos 50 años de la República Argentina,verdadero,entrenamiento,"Verdadero, pero…",https://chequeado.com/ultimas-noticias/costa-ucr-es-el-presupuesto-de-mayor-inversion-social-de-los-ultimos-50-anos-de-la-republica-argentina/
costantini-son-12-200-empleados-en-aerolineas-argentinas-hay-un-exceso,Son 12.200 [empleados en Aerolíneas Argentinas] (…) Hay un exceso,verdadero,validacion,Verdadero,https://chequeado.com/ultimas-noticias/costantini-son-12-200-empleados-en-aerolineas-argentinas-hay-un-exceso/
cristian-ritondo-cual-es-el-presupuesto-que-mas-aumento-en-la-provincia-de-buenos-aires-el-de-publicidad,¿Cuál es el Presupuesto que más aumentó en la provincia de Buenos Aires? El de publicidad,falso,entrenamiento,Falso,https://chequeado.com/ultimas-noticias/cristian-ritondo-cual-es-el-presupuesto-que-mas-aumento-en-la-provincia-de-buenos-aires-el-de-publicidad/
cristina-fernandez-de-kirchner-cuando-me-despedi-el-9-de-diciembre-el-riesgo-pais-del-que-tanto-hablan-estaba-en-600-puntos,"Cuando me despedí el 9 de diciembre, (…) el riesgo país del que tanto hablan estaba en 600 puntos",verdadero,entrenamiento,Verdadero,https://chequeado.com/ultimas-noticias/cristina-fernandez-de-kirchner-cuando-me-despedi-el-9-de-diciembre-el-riesgo-pais-del-que-tanto-hablan-estaba-en-600-puntos/
cristina-fernandez-de-kirchner-cuando-yo-era-presidenta-y-surgio-lo-que-la-prensa-bautizo-con-el-nombre-de-cepo-se-podian-comprar-us-2500-hoy-son-200,"Cuando yo era Presidenta, y surgió lo que la prensa bautizó con el nombre de ‘cepo’, se podían comprar US$ 2500. Hoy son 200",falso,entrenamiento,Engañoso,https://chequeado.com/ultimas-noticias/cristina-fernandez-de-kirchner-cuando-yo-era-presidenta-y-surgio-lo-que-la-prensa-bautizo-con-el-nombre-de-cepo-se-podian-comprar-us-2500-hoy-son-200/
cristina-fernandez-de-kirchner-cuando-yo-me-fui-en-el-2015-los-trabajadores-participaban-en-el-513-o-517-del-pbi,"Cuando yo me fui en el 2015, los trabajadores participaban en el 51,3% o 51,7% del PBI",verdadero,entrenamiento,Verdadero,https://chequeado.com/ultimas-noticias/cristina-fernandez-de-kirchner-cuando-yo-me-fui-en-el-2015-los-trabajadores-participaban-en-el-513-o-517-del-pbi/
cristina-fernandez-de-kirchner-de-todos-los-paises-del-mundo-solamente-3-tienen-superavit-fiscal-dinamarca-noruega-y-australia,"De todos los países del mundo solamente 3 tienen superávit fiscal: Dinamarca, Noruega y Australia",falso,entrenamiento,Falso,https://chequeado.com/ultimas-noticias/cristina-fernandez-de-kirchner-de-todos-los-paises-del-mundo-solamente-3-tienen-superavit-fiscal-dinamarca-noruega-y-australia/
cristina-fernandez-de-kirchner-en-12-anos-y-medio-logramos-la-participacion-de-los-trabajadores-mas-alta-en-toda-la-historia-del-pbi-nacional,En 12 años y medio logramos la participación de los trabajadores más alta en toda la historia del PBI nacional,verdadero,entrenamiento,Verdadero,https://chequeado.com/ultimas-noticias/cristina-fernandez-de-kirchner-en-12-anos-y-medio-logramos-la-participacion-de-los-trabajadores-mas-alta-en-toda-la-historia-del-pbi-nacional/
cristina-fernandez-de-kirchner-en-el-ano-2015-la-inflacion-medida-por-la-ciudad-fue-del-24,En 2015 la inflación medida por la Ciudad fue del 24%,verdadero,entrenamiento,"Verdadero, pero…",https://chequeado.com/ultimas-noticias/cristina-fernandez-de-kirchner-en-el-ano-2015-la-inflacion-medida-por-la-ciudad-fue-del-24/
cristina-fernandez-de-kirchner-en-el-ano-2015-teniamos-el-salario-mas-alto-en-dolares-en-america-latina,En 2015 teníamos el salario más alto en dólares en América Latina,verdadero,validacion,Verdadero,https://chequeado.com/ultimas-noticias/cristina-fernandez-de-kirchner-en-el-ano-2015-teniamos-el-salario-mas-alto-en-dolares-en-america-latina/
cristina-fernandez-de-kirchner-hasta-el-10-de-diciembre-de-2015-los-argentinos-podian-comprar-us-2-500-por-mes,Hasta el 10 de diciembre de 2015 los argentinos podían comprar US$ 2.500 por mes,falso,validacion,Engañoso,https://chequeado.com/ultimas-noticias/cristina-fernandez-de-kirchner-hasta-el-10-de-diciembre-de-2015-los-argentinos-podian-comprar-us-2-500-por-mes/
cristina-fernandez-de-kirchner-hay-mas-dolares-en-el-colchon-que-nunca,Hay más dólares en el colchón que nunca,falso,entrenamiento,Falso,https://chequeado.com/ultimas-noticias/cristina-fernandez-de-kirchner-hay-mas-dolares-en-el-colchon-que-nunca/
cristina-fernandez-de-kirchner-hay-un-segmento-de-los-trabajadores-en-relacion-de-dependencia-que-son-pobres-esto-nunca-habia-pasado,Hay un segmento de los trabajadores en relación de dependencia que son pobres. Esto nunca había pasado,falso,validacion,Engañoso,https://chequeado.com/ultimas-noticias/cristina-fernandez-de-kirchner-hay-un-segmento-de-los-trabajadores-en-relacion-de-dependencia-que-son-pobres-esto-nunca-habia-pasado/
cristina-fernandez-de-kirchner-nunca-ha-habido-una-participacion-tan-baja-de-los-trabajadores-en-el-pbi-como-la-que-estamos-teniendo-hoy,Nunca ha habido una participación tan baja de los trabajadores en el PBI como la que estamos teniendo hoy,falso,entrenamiento,Falso,https://chequeado.com/ultimas-noticias/cristina-fernandez-de-kirchner-nunca-ha-habido-una-participacion-tan-baja-de-los-trabajadores-en-el-pbi-como-la-que-estamos-teniendo-hoy/
cristina-fernandez-de-kirchner-sobre-el-gobierno-del-frente-de-todos-veniamos-de-trabajadores-registrados-que-por-primera-vez-en-un-gobierno-peronista-eran-pobres,Veníamos de trabajadores registrados que por primera vez en un gobierno peronista eran pobres,falso,entrenamiento,Falso,https://chequeado.com/ultimas-noticias/cristina-fernandez-de-kirchner-sobre-el-gobierno-del-frente-de-todos-veniamos-de-trabajadores-registrados-que-por-primera-vez-en-un-gobierno-peronista-eran-pobres/
cristina-fernandez-de-kirchner-sobre-la-renegociacion-con-bonistas-privados-no-obtuvimos-ni-una-sola-quita-ni-un-solo-dolar-de-capital-y-de-intereses,"No obtuvimos ni una sola quita, ni un solo dólar de capital y de intereses",falso,entrenamiento,Falso,https://chequeado.com/ultimas-noticias/cristina-fernandez-de-kirchner-sobre-la-renegociacion-con-bonistas-privados-no-obtuvimos-ni-una-sola-quita-ni-un-solo-dolar-de-capital-y-de-intereses/
cristina-fernandez-de-kirchner-teniamos-el-mejor-salario-de-america-latina,Teníamos el mejor salario de América Latina,verdadero,entrenamiento,Verdadero,https://chequeado.com/ultimas-noticias/cristina-fernandez-de-kirchner-teniamos-el-mejor-salario-de-america-latina/
cristina-fernandez-de-kirchneren-este-pais-en-los-6-anos-que-hubo-superavit-fiscal-gobernaba-nestor-kirchner-y-en-2008-quien-les-habla,"En este país, en los 6 años que hubo superávit fiscal gobernaba Néstor Kirchner y en 2008, quien les habla",verdadero,entrenamiento,"Verdadero, pero…",https://chequeado.com/ultimas-noticias/cristina-fernandez-de-kirchneren-este-pais-en-los-6-anos-que-hubo-superavit-fiscal-gobernaba-nestor-kirchner-y-en-2008-quien-les-habla/
cristina-fernandez-es-la-performance-de-desempleo-mas-baja-que-hemos-tenido-en-estos-8-anos,Es la performance [de desempleo] más baja que hemos tenido en estos 8 años,verdadero,entrenamiento,Verdadero,https://chequeado.com/ultimas-noticias/cristina-fernandez-es-la-performance-de-desempleo-mas-baja-que-hemos-tenido-en-estos-8-anos/
cristina-fernandez-hemos-aumentado-la-productividad-un-5-anual,Hemos aumentado la productividad un 5% anual,verdadero,entrenamiento,"Verdadero, pero…",https://chequeado.com/ultimas-noticias/cristina-fernandez-hemos-aumentado-la-productividad-un-5-anual/
cristina-fernandez-la-argentina-tiene-el-mejor-salario-minimo-vital-y-movil-de-toda-la-region,La Argentina tiene el mejor salario mínimo vital y móvil de toda la región,verdadero,entrenamiento,"Verdadero, pero…",https://chequeado.com/ultimas-noticias/cristina-fernandez-la-argentina-tiene-el-mejor-salario-minimo-vital-y-movil-de-toda-la-region/
cristina-fernandez-la-reduccion-de-las-salideras-bancarias-esta-en-el-orden-del-80,La reducción de las salideras bancarias está en el orden del 80%,verdadero,entrenamiento,"Verdadero, pero…",https://chequeado.com/ultimas-noticias/cristina-fernandez-la-reduccion-de-las-salideras-bancarias-esta-en-el-orden-del-80/
cristina-fernandez-somos-el-gobierno-que-mas-viviendas-construyo-en-la-historia-de-la-argentina,Somos el Gobierno que más viviendas construyó en la historia de la Argentina,falso,entrenamiento,Falso,https://chequeado.com/ultimas-noticias/cristina-fernandez-somos-el-gobierno-que-mas-viviendas-construyo-en-la-historia-de-la-argentina/
cristina-kirchner-la-argentina-tiene-el-salario-minimo-vital-y-movil-mas-alto-de-latinoamerica,La Argentina tiene el salario mínimo vital y móvil más alto de Latinoamérica,verdadero,entrenamiento,"Verdadero, pero…",https://chequeado.com/ultimas-noticias/cristina-kirchner-la-argentina-tiene-el-salario-minimo-vital-y-movil-mas-alto-de-latinoamerica/
cronica-cerro-el-super-mayorista-makro-mas-de-1000-empleados-en-la-calle,Cerró el super mayorista Makro. Más de 1000 empleados en la calle,falso,entrenamiento,Falso,https://chequeado.com/ultimas-noticias/cronica-cerro-el-super-mayorista-makro-mas-de-1000-empleados-en-la-calle/
cuando-macri-llego-al-gobierno-la-deuda-estaba-en-el-38-del-producto-hoy-es-el-100,"Cuando [Macri] llegó al gobierno la deuda externa era el 38% del producto, hoy es el 100%",falso,entrenamiento,Falso,https://chequeado.com/ultimas-noticias/cuando-macri-llego-al-gobierno-la-deuda-estaba-en-el-38-del-producto-hoy-es-el-100/
cuando-yo-iba-a-la-escuela-secundaria-asistia-menos-del-40-de-los-jovenes-de-mi-edad-hoy-asisten-el-82,"Cuando yo iba a la escuela secundaria asistía menos del 40% de los jóvenes de mi edad, hoy asisten el 82%",verdadero,entrenamiento,"Verdadero, pero…",https://chequeado.com/ultimas-noticias/cuando-yo-iba-a-la-escuela-secundaria-asistia-menos-del-40-de-los-jovenes-de-mi-edad-hoy-asisten-el-82/
daer-perdimos-8-meses-y-no-se-crearon-puestos-de-trabajo,Perdimos ocho meses y no se crearon puestos de trabajo,verdadero,entrenamiento,Verdadero,https://chequeado.com/ultimas-noticias/daer-perdimos-8-meses-y-no-se-crearon-puestos-de-trabajo/
daniel-scioli-sobre-los-juegos-paralimpicos-2024-es-la-segunda-delegacion-argentina-mas-importante-de-la-historia,Es la segunda delegación argentina más importante de la historia,verdadero,entrenamiento,Verdadero,https://chequeado.com/ultimas-noticias/daniel-scioli-sobre-los-juegos-paralimpicos-2024-es-la-segunda-delegacion-argentina-mas-importante-de-la-historia/
darin-la-ley-de-bosques-no-se-esta-cumpliendo-sobre-todo-en-salta,"La Ley de Bosques no se está cumpliendo, sobre todo en Salta",verdadero,entrenamiento,Verdadero,https://chequeado.com/ultimas-noticias/darin-la-ley-de-bosques-no-se-esta-cumpliendo-sobre-todo-en-salta/
de-angeli-en-el-uruguay-se-despenalizo-el-aborto-pero-no-resolvio-el-problema-de-la-mortalidad-materna-siguen-con-ese-mismo-problema,En el Uruguay se despenalizó [el aborto] pero no resolvió el problema de la mortalidad materna. Siguen con ese mismo problema,falso,entrenamiento,Falso,https://chequeado.com/ultimas-noticias/de-angeli-en-el-uruguay-se-despenalizo-el-aborto-pero-no-resolvio-el-problema-de-la-mortalidad-materna-siguen-con-ese-mismo-problema/
de-angeli-este-presupuesto-tiene-mas-del-60-en-cuestiones-sociales,Este presupuesto tiene más del 60% en cuestiones sociales,verdadero,entrenamiento,Verdadero,https://chequeado.com/ultimas-noticias/de-angeli-este-presupuesto-tiene-mas-del-60-en-cuestiones-sociales/
de-la-rua-en-europa-han-caido-10-o-12-gobiernos-desde-que-se-inicia-esta-crisis-porque-el-factor-economico-es-decisivo-para-la-permanencia-de-un-gobierno,En Europa han caído 10 ó 12 gobiernos,falso,entrenamiento,Engañoso,https://chequeado.com/ultimas-noticias/de-la-rua-en-europa-han-caido-10-o-12-gobiernos-desde-que-se-inicia-esta-crisis-porque-el-factor-economico-es-decisivo-para-la-permanencia-de-un-gobierno/
de-la-sota-en-1999-la-deuda-que-recibi-equivalia-a-tres-presupuestos-cuando-me-fui-equivalia-a-11-meses,"En 1999, la deuda que recibí equivalía a tres presupuestos. Cuando me fui, equivalía a 11 meses",falso,entrenamiento,Falso,https://chequeado.com/ultimas-noticias/de-la-sota-en-1999-la-deuda-que-recibi-equivalia-a-tres-presupuestos-cuando-me-fui-equivalia-a-11-meses/
de-la-sota-yo-gane-en-cordoba-rebajando-el-30-de-los-impuestos-y-los-mantuve-a-lo-largo-de-17-anos,Yo gané en Córdoba rebajando el 30% de los impuestos y los mantuve a lo largo de 17 años,falso,entrenamiento,Engañoso,https://chequeado.com/ultimas-noticias/de-la-sota-yo-gane-en-cordoba-rebajando-el-30-de-los-impuestos-y-los-mantuve-a-lo-largo-de-17-anos/
de-mendiguren-desde-la-crisis-hasta-hoy-el-salario-basico-del-sector-industrial-subio-10-veces-mientras-que-la-inflacion-subio-seis-veces,"Desde la crisis hasta hoy el salario básico del sector industrial subió 10 veces, [mientras que] la inflación (…) subió seis veces",verdadero,entrenamiento,"Verdadero, pero…",https://chequeado.com/ultimas-noticias/de-mendiguren-desde-la-crisis-hasta-hoy-el-salario-basico-del-sector-industrial-subio-10-veces-mientras-que-la-inflacion-subio-seis-veces/
de-mendiguren-hoy-paga-lo-mismo-de-impuesto-a-las-ganancias-quien-gana-5-millones-por-ano-que-el-que-gana-250-mil,Hoy paga lo mismo [de impuesto a las Ganancias] quien gana $5 millones por año que el que gana 250 mil,falso,validacion,Falso,https://chequeado.com/ultimas-noticias/de-mendiguren-hoy-paga-lo-mismo-de-impuesto-a-las-ganancias-quien-gana-5-millones-por-ano-que-el-que-gana-250-mil/
de-mendiguren-la-relacion-con-china-implica-90-de-exportacion-en-commodities-contra-90-de-importacion-en-manufacturas,La relación con China implica 90% de exportación en commodities contra 90% de importación en manufacturas,verdadero,entrenamiento,Verdadero,https://chequeado.com/ultimas-noticias/de-mendiguren-la-relacion-con-china-implica-90-de-exportacion-en-commodities-contra-90-de-importacion-en-manufacturas/
de-mendiguren-por-cada-punto-que-crece-el-producto-industrial-sube-tres-puntos-el-nivel-de-importaciones,"Por cada punto que crece el producto industrial, sube tres puntos el nivel de importaciones",verdadero,entrenamiento,Verdadero,https://chequeado.com/ultimas-noticias/de-mendiguren-por-cada-punto-que-crece-el-producto-industrial-sube-tres-puntos-el-nivel-de-importaciones/
de-narvaez-en-la-plata-todos-los-dias-hay-una-dos-o-tres-personas-muertas-por-la-inseguridad,"En la Plata todos los días hay una, dos o tres personas muertas por la inseguridad",falso,validacion,Falso,https://chequeado.com/ultimas-noticias/de-narvaez-en-la-plata-todos-los-dias-hay-una-dos-o-tres-personas-muertas-por-la-inseguridad/
de-narvaez-la-provincia-de-buenos-aires-recibe-menos-plata-en-coparticipacion-que-cordoba-y-santa-fe,La provincia de Buenos Aires recibe menos plata [en coparticipación] que Córdoba y Santa Fe,verdadero,entrenamiento,Verdadero,https://chequeado.com/ultimas-noticias/de-narvaez-la-provincia-de-buenos-aires-recibe-menos-plata-en-coparticipacion-que-cordoba-y-santa-fe/
de-pedro-sobre-la-reforma-del-ministerio-publico-fiscal-es-el-mismo-proyecto-que-se-presento-en-el-senado-en-2017,Es el mismo proyecto que se presentó en el Senado en 2017,falso,entrenamiento,Engañoso,https://chequeado.com/ultimas-noticias/de-pedro-sobre-la-reforma-del-ministerio-publico-fiscal-es-el-mismo-proyecto-que-se-presento-en-el-senado-en-2017/
de-vido-hoy-el-75-de-la-poblacion-esta-en-condiciones-de-recibir-la-television-digital,Hoy el 75% de la población está en condiciones de recibir la televisión digital,verdadero,entrenamiento,"Verdadero, pero…",https://chequeado.com/ultimas-noticias/de-vido-hoy-el-75-de-la-poblacion-esta-en-condiciones-de-recibir-la-television-digital/
de-vido-la-argentina-solo-tuvo-autoabastecimiento-energetico-en-la-decada-del-90-y-un-poco-con-los-militares,[La Argentina sólo tuvo autoabastecimiento energético] en la década del ’90 y un poco con los militares,falso,entrenamiento,Engañoso,https://chequeado.com/ultimas-noticias/de-vido-la-argentina-solo-tuvo-autoabastecimiento-energetico-en-la-decada-del-90-y-un-poco-con-los-militares/
de-vido-la-argentina-tiene-las-tarifas-y-precios-de-energia-ampliamente-mas-competitivos-de-la-region,La Argentina tiene las tarifas y precios de energía ampliamente más competitivos de la región,falso,entrenamiento,Engañoso,https://chequeado.com/ultimas-noticias/de-vido-la-argentina-tiene-las-tarifas-y-precios-de-energia-ampliamente-mas-competitivos-de-la-region/
de-vido-qla-importacion-de-energia-no-representa-mas-del-8-por-ciento-de-la-demanda-de-nuestro-paisq,[La importación de energía] no representa más del 8% de la demanda de nuestro país,falso,validacion,Engañoso,https://chequeado.com/ultimas-noticias/de-vido-qla-importacion-de-energia-no-representa-mas-del-8-por-ciento-de-la-demanda-de-nuestro-paisq/
debora-giorgi-las-exportaciones-industriales-superan-a-las-agropecuarias,Las exportaciones industriales superan a las agropecuarias,falso,validacion,Engañoso,https://chequeado.com/ultimas-noticias/debora-giorgi-las-exportaciones-industriales-superan-a-las-agropecuarias/
del-cano-aproximadamente-el-60-de-la-juventud-esta-precarizada-con-distintas-formas-de-precarizacion,"Aproximadamente el 60% de la juventud está precarizada, con distintas formas de precarización",verdadero,entrenamiento,Verdadero,https://chequeado.com/ultimas-noticias/del-cano-aproximadamente-el-60-de-la-juventud-esta-precarizada-con-distintas-formas-de-precarizacion/
del-cano-el-fiscal-delgado-informo-que-el-65-de-las-causas-que-estan-a-su-cargo-son-para-perseguir-a-pibes-o-pibas-por-consumo-de-drogas,El fiscal Delgado informó que el 65% de las causas que están a su cargo son para perseguir a pibes o pibas por consumo de drogas,verdadero,entrenamiento,Verdadero,https://chequeado.com/ultimas-noticias/del-cano-el-fiscal-delgado-informo-que-el-65-de-las-causas-que-estan-a-su-cargo-son-para-perseguir-a-pibes-o-pibas-por-consumo-de-drogas/
del-cano-en-el-gobierno-anterior-se-veto-la-ley-de-glaciares-este-gobierno-apenas-asumio-le-quito-las-retenciones-a-las-mineras,"En el gobierno anterior se vetó la ley de glaciares (…) Este gobierno, apenas asumió, le quitó las retenciones a las mineras",verdadero,validacion,"Verdadero, pero…",https://chequeado.com/ultimas-noticias/del-cano-en-el-gobierno-anterior-se-veto-la-ley-de-glaciares-este-gobierno-apenas-asumio-le-quito-las-retenciones-a-las-mineras/
del-cano-en-la-cuarentena-organizaban-cumpleanos-en-olivos-y-en-la-casa-de-carrio,En la cuarentena organizaban cumpleaños en Olivos y en la casa de Carrió,verdadero,entrenamiento,Verdadero,https://chequeado.com/ultimas-noticias/del-cano-en-la-cuarentena-organizaban-cumpleanos-en-olivos-y-en-la-casa-de-carrio/
del-cano-los-intendentes-de-juntos-y-del-frente-de-todos-ganan-entre-600-mil-y-12-millones,"Los intendentes de Juntos y del Frente de Todos ganan entre $ 600 mil y $ 1,2 millones",falso,entrenamiento,Falso,https://chequeado.com/ultimas-noticias/del-cano-los-intendentes-de-juntos-y-del-frente-de-todos-ganan-entre-600-mil-y-12-millones/
del-cano-macri-nos-deja-mas-de-2-millones-de-desocupados,Macri nos deja más de 2 millones de desocupados,verdadero,entrenamiento,Verdadero,https://chequeado.com/ultimas-noticias/del-cano-macri-nos-deja-mas-de-2-millones-de-desocupados/
del-cano-sabemos-que-hoy-las-mujeres-estan-sometidas-a-cargar-con-el-trabajo-domestico-no-remunerado,Sabemos que hoy las mujeres están sometidas (…) a cargar con el trabajo doméstico no remunerado,verdadero,entrenamiento,Verdadero,https://chequeado.com/ultimas-noticias/del-cano-sabemos-que-hoy-las-mujeres-estan-sometidas-a-cargar-con-el-trabajo-domestico-no-remunerado/
del-cano-veto-las-leyes-la-que-prohibia-los-despidos-y-la-que-limitaba-las-tarifas,[Macri] vetó las leyes (…) que prohibían los despidos y limitaban las tarifas,verdadero,entrenamiento,Verdadero,https://chequeado.com/ultimas-noticias/del-cano-veto-las-leyes-la-que-prohibia-los-despidos-y-la-que-limitaba-las-tarifas/
del-cano-votaron-una-ley-para-permitir-que-las-empresas-puedan-poner-dinero-en-las-campanas-electorales,Votaron una ley para permitir (…) que las empresas puedan poner dinero en las campañas electorales,verdadero,entrenamiento,Verdadero,https://chequeado.com/ultimas-noticias/del-cano-votaron-una-ley-para-permitir-que-las-empresas-puedan-poner-dinero-en-las-campanas-electorales/
del-pla-el-salario-docente-esta-4-000-por-debajo-de-la-linea-de-pobreza-para-el-maestro-de-grado,El salario docente está $4.000 por debajo de la línea de pobreza para el maestro de grado,falso,entrenamiento,Engañoso,https://chequeado.com/ultimas-noticias/del-pla-el-salario-docente-esta-4-000-por-debajo-de-la-linea-de-pobreza-para-el-maestro-de-grado/
del-sel-3-o-4-pibes-de-cada-diez-dejan-la-escuela-y-los-que-abandonan-quedan-fuera,Tres o cuatro pibes de cada 10 dejan la escuela. Y los que abandonan quedan fuera,verdadero,entrenamiento,"Verdadero, pero…",https://chequeado.com/ultimas-noticias/del-sel-3-o-4-pibes-de-cada-diez-dejan-la-escuela-y-los-que-abandonan-quedan-fuera/
di-lello-en-el-fuero-penal-entran-15-mil-causas-al-ano-ahi-arranca-un-sistema-que-per-se-es-perverso-porque-usted-no-puede-cumplir-plazos-y-tiene-que-demorar-causas,"[En el Fuero Penal] entran 15 mil causas. Ahí arranca un sistema perverso, porque usted no puede cumplir plazos y tiene que demorar causas",verdadero,entrenamiento,"Verdadero, pero…",https://chequeado.com/ultimas-noticias/di-lello-en-el-fuero-penal-entran-15-mil-causas-al-ano-ahi-arranca-un-sistema-que-per-se-es-perverso-porque-usted-no-puede-cumplir-plazos-y-tiene-que-demorar-causas/
di-tullio-la-argentina-es-el-octavo-pais-en-el-mundo-que-aporta-capitales-a-paraisos-fiscales,La Argentina es el octavo país en el mundo que aporta capitales a paraísos fiscales,verdadero,entrenamiento,Verdadero,https://chequeado.com/ultimas-noticias/di-tullio-la-argentina-es-el-octavo-pais-en-el-mundo-que-aporta-capitales-a-paraisos-fiscales/
di-zeo-qlas-autoridades-que-tienen-que-velar-por-las-garantias-constitucionales-de-los-argentinos-mandan-a-brasil-listados-de-gente-te-estan-prejuzgando,"Las autoridades que tienen que velar por las garantías constitucionales de los argentinos, mandan a Brasil listados de gente (…) te están prejuzgando",falso,entrenamiento,Falso,https://chequeado.com/ultimas-noticias/di-zeo-qlas-autoridades-que-tienen-que-velar-por-las-garantias-constitucionales-de-los-argentinos-mandan-a-brasil-listados-de-gente-te-estan-prejuzgando/
diario-21-debate-historico-el-no-fue-mayoria-en-el-senado-y-la-legalizacion-del-aborto-fracaso,Debate histórico: El ‘no’ fue mayoría en el Senado y la legalización del aborto fracasó,verdadero,entrenamiento,Verdadero,https://chequeado.com/verificacionfb/diario-21-debate-historico-el-no-fue-mayoria-en-el-senado-y-la-legalizacion-del-aborto-fracaso/
diario-registrado-gerardo-morales-habilito-el-trabajo-infantil-en-jujuy,Gerardo Morales habilitó el trabajo infantil en Jujuy,falso,entrenamiento,Engañoso,https://chequeado.com/ultimas-noticias/diario-registrado-gerardo-morales-habilito-el-trabajo-infantil-en-jujuy/
diego-santilli-este-gobierno-acumula-el-221-de-inflacion-desde-que-asumio,Este gobierno acumula el 221% de inflación desde que asumió,verdadero,entrenamiento,Verdadero,https://chequeado.com/ultimas-noticias/diego-santilli-este-gobierno-acumula-el-221-de-inflacion-desde-que-asumio/
diego-santilli-tenemos-469-de-inflacion-acumulada-en-el-gobierno-de-cambiemos-fue-de-299,"Tenemos 469% de inflación acumulada, en el gobierno de Cambiemos fue de 299%",verdadero,entrenamiento,Verdadero,https://chequeado.com/ultimas-noticias/diego-santilli-tenemos-469-de-inflacion-acumulada-en-el-gobierno-de-cambiemos-fue-de-299/
dietrich-en-noviembre-hubo-un-record-historico-de-empleo-en-la-construccion-en-la-argentina,En noviembre [hubo un] récord histórico de empleo en la construcción en la Argentina,verdadero,entrenamiento,"Verdadero, pero…",https://chequeado.com/ultimas-noticias/dietrich-en-noviembre-hubo-un-record-historico-de-empleo-en-la-construccion-en-la-argentina/
dietrich-hoy-el-transporte-en-el-mundo-esta-subsidiado,Hoy el transporte en el mundo está subsidiado,verdadero,entrenamiento,Verdadero,https://chequeado.com/ultimas-noticias/dietrich-hoy-el-transporte-en-el-mundo-esta-subsidiado/
dilma-entre-2010-y-2013-la-cantidad-invertida-en-educacion-y-salud-en-brasil-fue-de-212-veces-mas-que-la-cantidad-invertida-en-los-estadios,[Entre 2010 y 2013] la cantidad invertida en Educación y Salud en Brasil fue de 212 veces más que la cantidad invertida en los estadios,verdadero,entrenamiento,Verdadero,https://chequeado.com/ultimas-noticias/dilma-entre-2010-y-2013-la-cantidad-invertida-en-educacion-y-salud-en-brasil-fue-de-212-veces-mas-que-la-cantidad-invertida-en-los-estadios/
discurso-de-cfk-en-el-dia-de-la-industria-el-tipo-de-cambio-no-esta-retrasado,El tipo de cambio no está retrasado,falso,entrenamiento,Falso,https://chequeado.com/ultimas-noticias/discurso-de-cfk-en-el-dia-de-la-industria-el-tipo-de-cambio-no-esta-retrasado/
dominguez-casi-el-60-de-los-gases-de-efecto-invernadero-son-emitidos-por-tan-solo-5-paises-argentina-solo-emitio-el-07-del-total,"Casi el 60% de los gases de efecto invernadero son emitidos por tan sólo 5 países. (…) Argentina sólo emitió el 0,7% del total",verdadero,entrenamiento,Verdadero,https://chequeado.com/ultimas-noticias/dominguez-casi-el-60-de-los-gases-de-efecto-invernadero-son-emitidos-por-tan-solo-5-paises-argentina-solo-emitio-el-07-del-total/
dominguez-el-problema-del-acceso-a-la-vivienda-esta-directamente-relacionado-con-la-falta-de-un-reordenamiento-poblacional-en-la-argentina-el-33-de-la-poblacion-se-concentra-en-el-1-del-territorio,El problema del acceso a la vivienda está directamente relacionado con la falta de un reordenamiento poblacional. El 33% de la población se concentra en el 1% del territorio,falso,entrenamiento,Engañoso,https://chequeado.com/ultimas-noticias/dominguez-el-problema-del-acceso-a-la-vivienda-esta-directamente-relacionado-con-la-falta-de-un-reordenamiento-poblacional-en-la-argentina-el-33-de-la-poblacion-se-concentra-en-el-1-del-territorio/
dominguez-en-2020-el-gobierno-del-presidente-fernandez-supero-todos-los-records-de-exportacion-de-carne,"En 2020, el gobierno del presidente Fernández superó todos los récords de exportación de carne",verdadero,entrenamiento,Verdadero,https://chequeado.com/ultimas-noticias/dominguez-en-2020-el-gobierno-del-presidente-fernandez-supero-todos-los-records-de-exportacion-de-carne/
dominguez-este-ano-vamos-a-tener-una-cosecha-record,Este año vamos a tener una cosecha récord,verdadero,entrenamiento,"Verdadero, pero…",https://chequeado.com/ultimas-noticias/dominguez-este-ano-vamos-a-tener-una-cosecha-record/
dominguez-macri-endeudo-a-la-argentina-mas-que-la-dictadura-civico-militar-en-siete-anos,Macri endeudó a la Argentina más que la dictadura cívico-militar en siete años,falso,entrenamiento,Falso,https://chequeado.com/ultimas-noticias/dominguez-macri-endeudo-a-la-argentina-mas-que-la-dictadura-civico-militar-en-siete-anos/
dominguez-seguimos-manteniendo-el-mismo-stock-ganadero,Seguimos manteniendo el mismo stock ganadero,falso,entrenamiento,Falso,https://chequeado.com/ultimas-noticias/dominguez-seguimos-manteniendo-el-mismo-stock-ganadero/
donda-naciones-unidas-ha-recomendado-a-los-estados-miembros-que-consideren-abandonar-el-uso-de-armas-electricas-taser,[Naciones Unidas] ha recomendado a los Estados miembros que consideren abandonar el uso de armas eléctricas Taser,verdadero,entrenamiento,Verdadero,https://chequeado.com/ultimas-noticias/donda-naciones-unidas-ha-recomendado-a-los-estados-miembros-que-consideren-abandonar-el-uso-de-armas-electricas-taser/
dos-de-cada-tres-pesos-de-nuestro-presupuesto-se-destinan-a-la-inversion-social,Dos de cada tres pesos de nuestro presupuesto se destinan a la inversión social,verdadero,entrenamiento,"Verdadero, pero…",https://chequeado.com/ultimas-noticias/dos-de-cada-tres-pesos-de-nuestro-presupuesto-se-destinan-a-la-inversion-social/
duhalde-despues-de-los-aumentos-a-la-policia-bonaerense-los-agentes-representan-solo-el-10-de-los-empleados-provinciales,Los agentes representan [sólo] el 10% de los empleados provinciales,verdadero,entrenamiento,Verdadero,https://chequeado.com/ultimas-noticias/duhalde-despues-de-los-aumentos-a-la-policia-bonaerense-los-agentes-representan-solo-el-10-de-los-empleados-provinciales/
duhalde-durante-mi-gobierno-no-hubo-ni-siquiera-un-herido-por-fuerzas-nacionales,Durante mi gobierno no hubo ni siquiera un herido por fuerzas nacionales,falso,entrenamiento,Falso,https://chequeado.com/ultimas-noticias/duhalde-durante-mi-gobierno-no-hubo-ni-siquiera-un-herido-por-fuerzas-nacionales/
duhalde-solo-la-dictadura-uso-el-canal-del-estado-para-hacer-publicidad-oficial,Sólo la dictadura usó el canal del Estado para hacer publicidad oficial,falso,validacion,Falso,https://chequeado.com/ultimas-noticias/duhalde-solo-la-dictadura-uso-el-canal-del-estado-para-hacer-publicidad-oficial/
dujovne-la-argentina-tiene-un-nivel-de-endeudamiento-muy-bajo-con-el-sector-privado-de-apenas-26-del-pbi,"La Argentina tiene un nivel de endeudamiento muy bajo con el sector privado, de apenas 26% del PBI",verdadero,validacion,"Verdadero, pero…",https://chequeado.com/ultimas-noticias/dujovne-la-argentina-tiene-un-nivel-de-endeudamiento-muy-bajo-con-el-sector-privado-de-apenas-26-del-pbi/
dujovne-la-inversion-en-la-argentina-estuvo-estancada,La inversión en la Argentina estuvo estancada,verdadero,validacion,Verdadero,https://chequeado.com/ultimas-noticias/dujovne-la-inversion-en-la-argentina-estuvo-estancada/
dujovne-las-jubilaciones-promedio-hoy-estan-10-abajo-en-terminos-reales-que-en-agosto-de-2019,Las jubilaciones promedio hoy están 10% abajo en términos reales que en agosto de 2019,verdadero,entrenamiento,"Verdadero, pero…",https://chequeado.com/ultimas-noticias/dujovne-las-jubilaciones-promedio-hoy-estan-10-abajo-en-terminos-reales-que-en-agosto-de-2019/
dujovne-sobre-tarifas-el-proyecto-de-la-oposicion-genera-un-costo-fiscal-superior-a-los-100-mil-millones-por-ano,El proyecto de la oposición genera un costo fiscal superior a los $100 mil millones por año,verdadero,entrenamiento,Verdadero,https://chequeado.com/ultimas-noticias/dujovne-sobre-tarifas-el-proyecto-de-la-oposicion-genera-un-costo-fiscal-superior-a-los-100-mil-millones-por-ano/
dujovne-tenemos-una-tasa-de-inflacion-parecida-a-la-que-tenia-el-kirchnerismo-pero-habiendo-resuelto-todos-los-problemas,"Tenemos una tasa de inflación parecida a la que tenía el kirchnerismo, pero habiendo resuelto todos los problemas",falso,entrenamiento,Falso,https://chequeado.com/ultimas-noticias/dujovne-tenemos-una-tasa-de-inflacion-parecida-a-la-que-tenia-el-kirchnerismo-pero-habiendo-resuelto-todos-los-problemas/
duran-barba-en-el-pro-hay-una-apertura-total-al-matrimonio-igualitario,En el PRO hay una apertura total al matrimonio igualitario,falso,entrenamiento,Engañoso,https://chequeado.com/ultimas-noticias/duran-barba-en-el-pro-hay-una-apertura-total-al-matrimonio-igualitario/
duran-barba-sobre-cfk-para-ser-candidata-a-presidenta-esta-obligada-a-renunciar-a-la-senaduria,Para ser candidata a presidenta está obligada a renunciar a la senaduría,falso,entrenamiento,Falso,https://chequeado.com/ultimas-noticias/duran-barba-sobre-cfk-para-ser-candidata-a-presidenta-esta-obligada-a-renunciar-a-la-senaduria/
durango-segun-el-informe-del-cels-un-total-de-1-532-mujeres-afrontan-causas-penales-por-aborto-en-17-provincias-argentinas,"Según el informe del CELS, un total de 1.532 mujeres (…) afrontan causas penales por aborto en 17 provincias argentinas",verdadero,entrenamiento,Verdadero,https://chequeado.com/ultimas-noticias/durango-segun-el-informe-del-cels-un-total-de-1-532-mujeres-afrontan-causas-penales-por-aborto-en-17-provincias-argentinas/
echegaray-el-uso-de-facturas-apocrifas-o-facturas-falsas-nace-del-sector-privado-y-termina-en-el-sector-privado,El uso de facturas apócrifas o facturas falsas nace del sector privado y termina en el sector privado,falso,entrenamiento,Falso,https://chequeado.com/ultimas-noticias/echegaray-el-uso-de-facturas-apocrifas-o-facturas-falsas-nace-del-sector-privado-y-termina-en-el-sector-privado/
el-argumento-de-javier-milei-sobre-la-mora-si-yo-miro-los-salarios-en-dolares-son-los-mas-altos-desde-2017,"Si yo miro los salarios en dólares, son los más altos desde 2017",falso,entrenamiento,Engañoso,https://chequeado.com/ultimas-noticias/el-argumento-de-javier-milei-sobre-la-mora-si-yo-miro-los-salarios-en-dolares-son-los-mas-altos-desde-2017/
el-chorrillero-acusaron-a-300-curas-catolicos-por-abusar-a-mas-de-mil-menores-en-estados-unidos,Acusaron a 300 curas católicos por abusar a más de mil menores en Estados Unidos,verdadero,entrenamiento,Verdadero,https://chequeado.com/verificacionfb/el-chorrillero-acusaron-a-300-curas-catolicos-por-abusar-a-mas-de-mil-menores-en-estados-unidos/
el-congreso-aprobo-varias-leyes-de-justicia-2020-y-tiene-otras-en-estudio,El Congreso aprobó varias leyes de Justicia 2020 y tiene otras en estudio,verdadero,entrenamiento,Verdadero,https://chequeado.com/ultimas-noticias/el-congreso-aprobo-varias-leyes-de-justicia-2020-y-tiene-otras-en-estudio/
el-cronista-la-argentina-es-el-pais-de-la-region-del-que-mas-profesionales-se-van-para-vivir-mejor,La Argentina es el país de la región del que más profesionales se van para vivir mejor,falso,entrenamiento,Falso,https://chequeado.com/ultimas-noticias/el-cronista-la-argentina-es-el-pais-de-la-region-del-que-mas-profesionales-se-van-para-vivir-mejor/
el-cronista-luis-delia-a-macri-hay-que-fusilarlo-en-la-plaza-de-mayo,Luis D’Elía: ‘A Macri hay que fusilarlo en la Plaza de Mayo’,verdadero,entrenamiento,Verdadero,https://chequeado.com/verificacionfb/el-cronista-luis-delia-a-macri-hay-que-fusilarlo-en-la-plaza-de-mayo/
el-cronista-marcos-pena-no-creemos-estar-frente-a-un-fracaso-economico,Marcos Peña: ‘No creemos estar frente a un fracaso económico’,verdadero,entrenamiento,Verdadero,https://chequeado.com/verificacionfb/el-cronista-marcos-pena-no-creemos-estar-frente-a-un-fracaso-economico/
el-litoral-en-el-primer-semestre-de-2018-se-registraron-450-abortos-en-santa-fe,"En el primer semestre de 2018, se registraron 450 abortos en Santa Fe",verdadero,entrenamiento,Verdadero,https://chequeado.com/verificacionfb/el-litoral-en-el-primer-semestre-de-2018-se-registraron-450-abortos-en-santa-fe/
el-tribuno-desde-hoy-se-haran-vasectomias-gratuitas-en-el-hospital-san-bernardo,Desde hoy se harán vasectomías gratuitas en el hospital San Bernardo,verdadero,entrenamiento,Verdadero,https://chequeado.com/verificacionfb/el-tribuno-desde-hoy-se-haran-vasectomias-gratuitas-en-el-hospital-san-bernardo/
elisa-carrio-sobre-la-pelea-con-nacion-por-la-coparticipacion-los-ciudadanos-de-la-ciudad-aportan-el-20-del-pbi-y-el-26-de-los-impuestos,Los ciudadanos de la Ciudad aportan el 20% del PBI y el 26% de los impuestos,verdadero,validacion,Verdadero,https://chequeado.com/ultimas-noticias/elisa-carrio-sobre-la-pelea-con-nacion-por-la-coparticipacion-los-ciudadanos-de-la-ciudad-aportan-el-20-del-pbi-y-el-26-de-los-impuestos/
en-argentina-uno-de-cada-tres-trabajadores-esta-en-la-informalidad,En Argentina uno de cada tres trabajadores está en la informalidad,verdadero,validacion,"Verdadero, pero…",https://chequeado.com/ultimas-noticias/en-argentina-uno-de-cada-tres-trabajadores-esta-en-la-informalidad/
en-mis-anos-como-presidente-las-provincias-recuperaron-la-autonomia-del-gobierno-central-y-muchas-de-ellas-alcanzaron-el-equilibrio,En mis años como Presidente las provincias recuperaron la autonomía del gobierno central y muchas de ellas alcanzaron el equilibrio,verdadero,entrenamiento,Verdadero,https://chequeado.com/ultimas-noticias/en-mis-anos-como-presidente-las-provincias-recuperaron-la-autonomia-del-gobierno-central-y-muchas-de-ellas-alcanzaron-el-equilibrio/
en-orsai-la-industria-cae-por-un-tobogan-en-junio-se-desplomo-84,"La industria cae por un tobogán: en junio se desplomó 8,4%",verdadero,entrenamiento,Verdadero,https://chequeado.com/verificacionfb/en-orsai-la-industria-cae-por-un-tobogan-en-junio-se-desplomo-84/
enrique-pena-nieto-impulsamos-una-politica-de-seguridad-que-permitio-reducir-los-homicidios-dolosos,Impulsamos una política de seguridad que permitió reducir los homicidios dolosos,verdadero,entrenamiento,"Verdadero, pero…",https://chequeado.com/ultimas-noticias/enrique-pena-nieto-impulsamos-una-politica-de-seguridad-que-permitio-reducir-los-homicidios-dolosos/
es-enganosa-esta-frase-que-se-le-adjudica-a-alberto-fernandez-el-mayor-problema-de-la-economia-son-los-viejos,El mayor problema de la economía son los viejos,falso,entrenamiento,Engañoso,https://chequeado.com/verificacionfb/es-enganosa-esta-frase-que-se-le-adjudica-a-alberto-fernandez-el-mayor-problema-de-la-economia-son-los-viejos/
es-enganosa-la-publicacion-que-dice-que-gerardo-morales-aseguro-vamos-a-traer-enfermos-de-otras-provincias,Vamos a traer enfermos de otras provincias,falso,validacion,Engañoso,https://chequeado.com/verificacionfb/es-enganosa-la-publicacion-que-dice-que-gerardo-morales-aseguro-vamos-a-traer-enfermos-de-otras-provincias/
es-enganoso-que-el-gobierno-de-javier-milei-cerro-la-casa-garrahan-y-la-residencia-de-trabajo-social,el gobierno de Javier Milei cerró la Casa Garrahan y la residencia de Trabajo Social,falso,entrenamiento,Engañoso,https://chequeado.com/ultimas-noticias/es-enganoso-que-el-gobierno-de-javier-milei-cerro-la-casa-garrahan-y-la-residencia-de-trabajo-social/
es-enganoso-que-en-mayo-proximo-un-asteroide-podria-impactar-en-la-tierra-y-destruir-el-planeta,en mayo próximo un asteroide podría impactar en la Tierra y destruir el planeta,falso,entrenamiento,Engañoso (título),https://chequeado.com/verificacionfb/es-enganoso-que-en-mayo-proximo-un-asteroide-podria-impactar-en-la-tierra-y-destruir-el-planeta/
es-enganoso-que-gines-gonzalez-garcia-dijo-que-no-habia-posibilidad-de-que-exista-el-coronavirus-en-la-argentina,Ginés González García dijo que no había posibilidad de que exista el coronavirus en la Argentina,falso,entrenamiento,Engañoso,https://chequeado.com/verificacionfb/es-enganoso-que-gines-gonzalez-garcia-dijo-que-no-habia-posibilidad-de-que-exista-el-coronavirus-en-la-argentina/
es-enganoso-que-una-nina-menor-de-14-anos-puede-abortar-en-colombia-sin-permiso-de-sus-padres-desde-2023-ya-lo-puede-hacer-desde-2006,una niña menor de 14 años puede abortar en Colombia sin permiso de sus padres desde 2023: ya lo puede hacer desde 2006,falso,entrenamiento,Engañoso,https://chequeado.com/ultimas-noticias/es-enganoso-que-una-nina-menor-de-14-anos-puede-abortar-en-colombia-sin-permiso-de-sus-padres-desde-2023-ya-lo-puede-hacer-desde-2006/
es-falsa-la-imagen-del-cartel-de-barrios-de-pie-que-dice-ahora-tambien-hay-que-trabajar-para-comer,Ahora también hay que trabajar para comer,falso,entrenamiento,Falso,https://chequeado.com/verificacionfb/es-falsa-la-imagen-del-cartel-de-barrios-de-pie-que-dice-ahora-tambien-hay-que-trabajar-para-comer/
es-falsa-la-placa-de-clarin-que-indica-que-lali-esposito-dijo-me-da-miedo-que-si-gobierna-javier-milei-los-chicos-aprendan-a-leer-y-escribir-y-ya-no-quieran-consumir-mi-musica,Me da miedo que si gobierna [Javier] Milei los chicos aprendan a leer y escribir y ya no quieran consumir mi música,falso,validacion,Falso,https://chequeado.com/ultimas-noticias/es-falsa-la-placa-de-clarin-que-indica-que-lali-esposito-dijo-me-da-miedo-que-si-gobierna-javier-milei-los-chicos-aprendan-a-leer-y-escribir-y-ya-no-quieran-consumir-mi-musica/
es-falsa-la-placa-de-cristina-fernandez-de-kirchner-que-indica-si-gana-javier-milei-me-mato-de-un-tiro,Si gana [Javier] Milei me mato de un tiro,falso,entrenamiento,Falso,https://chequeado.com/ultimas-noticias/es-falsa-la-placa-de-cristina-fernandez-de-kirchner-que-indica-si-gana-javier-milei-me-mato-de-un-tiro/
es-falsa-la-placa-de-horacio-rodriguez-larreta-en-la-que-declara-el-plan-es-sorpresa-y-se-los-dire-solo-si-me-eligen-como-presidente,"El plan es sorpresa, y se los diré solo si me eligen como presidente",falso,entrenamiento,Falso,https://chequeado.com/ultimas-noticias/es-falsa-la-placa-de-horacio-rodriguez-larreta-en-la-que-declara-el-plan-es-sorpresa-y-se-los-dire-solo-si-me-eligen-como-presidente/
es-falsa-la-placa-de-sergio-massa-que-senala-mi-principal-objetivo-como-presidente-sera-bajar-la-inflacion,Mi principal objetivo como presidente será bajar la inflación,falso,validacion,Falso,https://chequeado.com/ultimas-noticias/es-falsa-la-placa-de-sergio-massa-que-senala-mi-principal-objetivo-como-presidente-sera-bajar-la-inflacion/
es-falsa-la-placa-que-dice-que-juan-grabois-afirmo-los-jubilados-son-el-cancer-de-la-argentina-porque-no-apoyan-a-los-movimientos-populares,Los jubilados son el cáncer de la Argentina porque no apoyan a los movimientos populares,falso,entrenamiento,Falso,https://chequeado.com/ultimas-noticias/es-falsa-la-placa-que-dice-que-juan-grabois-afirmo-los-jubilados-son-el-cancer-de-la-argentina-porque-no-apoyan-a-los-movimientos-populares/
es-falso-el-proyecto-de-interrupcion-voluntaria-del-embarazo-legaliza-el-aborto-hasta-el-noveno-mes,el proyecto de interrupción voluntaria del embarazo legaliza el aborto hasta el noveno mes,falso,entrenamiento,Falso,https://chequeado.com/verificacionfb/es-falso-el-proyecto-de-interrupcion-voluntaria-del-embarazo-legaliza-el-aborto-hasta-el-noveno-mes/
es-falso-que-13-ninos-murieron-en-africa-tras-ser-inoculados-con-la-vacuna-contra-el-coronavirus-de-pfizer,13 niños murieron en África tras ser inoculados con la vacuna contra el coronavirus de Pfizer,falso,entrenamiento,Falso (título),https://chequeado.com/verificacionfb/es-falso-que-13-ninos-murieron-en-africa-tras-ser-inoculados-con-la-vacuna-contra-el-coronavirus-de-pfizer/
es-falso-que-229-misioneros-cristianos-fueron-sentenciados-a-muerte-en-afganistan-esta-desinformacion-circula-desde-2009,229 misioneros cristianos fueron sentenciados a muerte en Afganistán,falso,entrenamiento,Falso,https://chequeado.com/ultimas-noticias/es-falso-que-229-misioneros-cristianos-fueron-sentenciados-a-muerte-en-afganistan-esta-desinformacion-circula-desde-2009/
es-falso-que-350-deportistas-fallecieron-o-sufrieron-lesiones-en-2021-tras-la-vacunacion-contra-el-coronavirus,350 deportistas fallecieron o sufrieron lesiones en 2021 tras la vacunación contra el coronavirus,falso,entrenamiento,Falso,https://chequeado.com/verificacionfb/es-falso-que-350-deportistas-fallecieron-o-sufrieron-lesiones-en-2021-tras-la-vacunacion-contra-el-coronavirus/
es-falso-que-a-los-usuarios-de-billeteras-virtuales-tengan-que-realizar-un-tramite-adicional-en-arca-si-se-superan-los-400-mil-en-transferencias,los usuarios de billeteras virtuales tengan que realizar un trámite adicional en ARCA si se superan los $ 400 mil en transferencias,falso,entrenamiento,Falso,https://chequeado.com/ultimas-noticias/es-falso-que-a-los-usuarios-de-billeteras-virtuales-tengan-que-realizar-un-tramite-adicional-en-arca-si-se-superan-los-400-mil-en-transferencias/
es-falso-que-a24-presento-una-noticia-de-evo-morales-en-un-auto-de-alta-gama-en-buenos-aires,A24 presentó una noticia de Evo Morales en un auto de alta gama en Buenos Aires,falso,entrenamiento,Falso,https://chequeado.com/verificacionfb/es-falso-que-a24-presento-una-noticia-de-evo-morales-en-un-auto-de-alta-gama-en-buenos-aires/
es-falso-que-al-cambiar-la-clave-de-cuenta-dni-te-hackean-la-cuenta-como-afirma-esta-cadena-viral,"al cambiar la clave de Cuenta DNI te hackean la cuenta, como afirma esta cadena viral",falso,validacion,Falso,https://chequeado.com/ultimas-noticias/es-falso-que-al-cambiar-la-clave-de-cuenta-dni-te-hackean-la-cuenta-como-afirma-esta-cadena-viral/
es-falso-que-al-comprar-on-line-desde-el-exterior-con-una-tarjeta-alemana-en-pesos-argentinos-el-banco-central-de-argentina-le-devuelva-al-cliente-el-40,al comprar on line desde el exterior con una tarjeta alemana en pesos argentinos el Banco Central de Argentina le devuelva al cliente el 40%,falso,validacion,Falso,https://chequeado.com/ultimas-noticias/es-falso-que-al-comprar-on-line-desde-el-exterior-con-una-tarjeta-alemana-en-pesos-argentinos-el-banco-central-de-argentina-le-devuelva-al-cliente-el-40/
es-falso-que-al-descargarte-unas-fotos-del-terremoto-de-cariaco-de-venezuela-te-hackean-el-telefono-en-10-segundos,al descargarte unas fotos del terremoto de Cariaco de Venezuela te hackean el teléfono en 10 segundos,falso,entrenamiento,Falso,https://chequeado.com/verificacionfb/es-falso-que-al-descargarte-unas-fotos-del-terremoto-de-cariaco-de-venezuela-te-hackean-el-telefono-en-10-segundos/
es-falso-que-al-descargarte-unas-fotos-del-terremoto-de-marruecos-te-hackean-el-celular-en-10-segundos,al descargarte unas fotos del terremoto de Marruecos te hackean el celular en 10 segundos,falso,entrenamiento,Falso,https://chequeado.com/ultimas-noticias/es-falso-que-al-descargarte-unas-fotos-del-terremoto-de-marruecos-te-hackean-el-celular-en-10-segundos/
es-falso-que-al-descargarte-unas-fotos-del-volcan-chillan-de-chile-te-hackean-el-telefono-en-10-segundos,al descargarte unas fotos del volcán Chillán de Chile te hackean el teléfono en 10 segundos,falso,entrenamiento,Falso,https://chequeado.com/ultimas-noticias/es-falso-que-al-descargarte-unas-fotos-del-volcan-chillan-de-chile-te-hackean-el-telefono-en-10-segundos/
es-falso-que-al-reenviar-esta-cadena-evitas-que-whatsapp-pase-a-ser-pago-seguira-siendo-gratis-sin-tener-que-mandar-nada,al reenviar esta cadena evitás que WhatsApp pase a ser pago: seguirá siendo gratis sin tener que mandar nada,falso,entrenamiento,Falso,https://chequeado.com/verificacionfb/es-falso-que-al-reenviar-esta-cadena-evitas-que-whatsapp-pase-a-ser-pago-seguira-siendo-gratis-sin-tener-que-mandar-nada/
es-falso-que-alberto-fernandez-cito-una-frase-de-marx-al-presidente-de-estados-unidos-en-el-marco-del-g20,Alberto Fernández citó una frase de Marx al presidente de Estados Unidos en el marco del G20,falso,entrenamiento,Falso (título),https://chequeado.com/verificacionfb/es-falso-que-alberto-fernandez-cito-una-frase-de-marx-al-presidente-de-estados-unidos-en-el-marco-del-g20/
es-falso-que-alberto-fernandez-organizo-un-asado-para-60-personas-en-la-quinta-de-olivos-en-junio-de-2021,Alberto Fernández organizó un asado para 60 personas en la Quinta de Olivos en junio de 2021,falso,entrenamiento,Falso,https://chequeado.com/verificacionfb/es-falso-que-alberto-fernandez-organizo-un-asado-para-60-personas-en-la-quinta-de-olivos-en-junio-de-2021/
es-falso-que-alberto-fernandez-se-rapo-la-cabeza-y-se-afeito-el-bigote-para-que-no-lo-reconozcan-en-espana,Alberto Fernández se rapó la cabeza y se afeitó el bigote para que no lo reconozcan en España,falso,entrenamiento,Falso,https://chequeado.com/ultimas-noticias/es-falso-que-alberto-fernandez-se-rapo-la-cabeza-y-se-afeito-el-bigote-para-que-no-lo-reconozcan-en-espana/
es-falso-que-alberto-fernandez-trato-de-chetos-a-los-mendocinos-y-los-amenazo-con-hacerles-pagar-la-crisis-politica,Alberto Fernández trató de chetos a los mendocinos y los amenazó con hacerles pagar la crisis política,falso,entrenamiento,Falso,https://chequeado.com/verificacionfb/es-falso-que-alberto-fernandez-trato-de-chetos-a-los-mendocinos-y-los-amenazo-con-hacerles-pagar-la-crisis-politica/
es-falso-que-alberto-fernandez-y-fabiola-yanez-gastaron-8-millones-en-vestimenta-propia-este-ano,Alberto Fernández y Fabiola Yáñez gastaron $ 8 millones en vestimenta propia este año,falso,entrenamiento,Falso (título),https://chequeado.com/verificacionfb/es-falso-que-alberto-fernandez-y-fabiola-yanez-gastaron-8-millones-en-vestimenta-propia-este-ano/
es-falso-que-alberto-fernandez-ya-dicto-620-dnu-y-que-alcanzo-lo-dictado-por-8-presidentes-en-24-anos,Alberto Fernández ya dictó 620 DNU y que alcanzó lo dictado por 8 presidentes en 24 años,falso,validacion,Falso,https://chequeado.com/verificacionfb/es-falso-que-alberto-fernandez-ya-dicto-620-dnu-y-que-alcanzo-lo-dictado-por-8-presidentes-en-24-anos/
es-falso-que-aparece-la-figura-de-un-perro-en-la-cortina-detras-de-javier-milei-la-foto-fue-editada,aparece la figura de un perro en la cortina detrás de Javier Milei: la foto fue editada,falso,entrenamiento,Falso,https://chequeado.com/ultimas-noticias/es-falso-que-aparece-la-figura-de-un-perro-en-la-cortina-detras-de-javier-milei-la-foto-fue-editada/
es-falso-que-arca-anuncio-un-nuevo-requisito-de-control-para-las-compras-en-shein-o-temu,ARCA anunció un nuevo requisito de control para las compras en Shein o Temu,falso,entrenamiento,Falso,https://chequeado.com/ultimas-noticias/es-falso-que-arca-anuncio-un-nuevo-requisito-de-control-para-las-compras-en-shein-o-temu/
es-falso-que-arca-esta-enviando-mails-con-presuntas-multas-a-contribuyentes-es-phishing,ARCA está enviando mails con presuntas multas a contribuyentes: es phishing,falso,entrenamiento,Falso,https://chequeado.com/ultimas-noticias/es-falso-que-arca-esta-enviando-mails-con-presuntas-multas-a-contribuyentes-es-phishing/
es-falso-que-atraparon-a-jorge-rial-con-drogas-ilegales-en-su-auto,atraparon a Jorge Rial con drogas ilegales en su auto,falso,entrenamiento,Falso,https://chequeado.com/verificacionfb/es-falso-que-atraparon-a-jorge-rial-con-drogas-ilegales-en-su-auto/
es-falso-que-aumento-el-promedio-de-muertes-subitas-de-jugadores-fifa-tras-la-vacunacion-contra-el-coronavirus,aumentó el promedio de muertes súbitas de jugadores FIFA tras la vacunación contra el coronavirus,falso,entrenamiento,Falso (título),https://chequeado.com/verificacionfb/es-falso-que-aumento-el-promedio-de-muertes-subitas-de-jugadores-fifa-tras-la-vacunacion-contra-el-coronavirus/
es-falso-que-australia-retiro-de-circulacion-50-millones-de-vacunas-por-dar-positivo-en-pruebas-de-vih,Australia retiró de circulación 50 millones de vacunas por dar positivo en pruebas de VIH,falso,validacion,Falso (título),https://chequeado.com/verificacionfb/es-falso-que-australia-retiro-de-circulacion-50-millones-de-vacunas-por-dar-positivo-en-pruebas-de-vih/
es-falso-que-babear-al-dormir-significa-que-se-esta-respirando-de-la-forma-correcta,babear al dormir significa que se está respirando de la forma correcta,falso,entrenamiento,Falso,https://chequeado.com/verificacionfb/es-falso-que-babear-al-dormir-significa-que-se-esta-respirando-de-la-forma-correcta/
es-falso-que-baby-etchecopar-fue-designado-como-ministro-de-comunicacion-de-la-nacion,Baby Etchecopar fue designado como ministro de Comunicación de la Nación,falso,entrenamiento,Falso,https://chequeado.com/verificacionfb/es-falso-que-baby-etchecopar-fue-designado-como-ministro-de-comunicacion-de-la-nacion/
es-falso-que-barack-obama-fue-asesinado-por-un-francotirador,Barack Obama fue asesinado por un francotirador,falso,entrenamiento,Falso,https://chequeado.com/verificacionfb/es-falso-que-barack-obama-fue-asesinado-por-un-francotirador/
es-falso-que-beber-agua-alcalina-sirva-para-prevenir-o-curar-el-cancer-como-afirma-un-video-viral,beber agua alcalina sirva para prevenir o curar el cáncer como afirma un video viral,falso,entrenamiento,Falso,https://chequeado.com/ultimas-noticias/es-falso-que-beber-agua-alcalina-sirva-para-prevenir-o-curar-el-cancer-como-afirma-un-video-viral/
es-falso-que-biden-confundio-al-papa-con-un-jugador-de-beisbol-afroamericano,Biden confundió al Papa con un jugador de béisbol afroamericano,falso,entrenamiento,Falso,https://chequeado.com/verificacionfb/es-falso-que-biden-confundio-al-papa-con-un-jugador-de-beisbol-afroamericano/
es-falso-que-biden-se-fue-repentinamente-durante-la-rueda-de-prensa-con-zelenski,Biden se fue  repentinamente durante la rueda de prensa con Zelenski,falso,entrenamiento,Falso,https://chequeado.com/ultimas-noticias/es-falso-que-biden-se-fue-repentinamente-durante-la-rueda-de-prensa-con-zelenski/
es-falso-que-bill-gates-dijo-que-miles-de-personas-moriran-por-la-vacuna-del-coronavirus,Bill Gates dijo que miles de personas morirán por la vacuna del coronavirus,falso,entrenamiento,Falso (título),https://chequeado.com/verificacionfb/es-falso-que-bill-gates-dijo-que-miles-de-personas-moriran-por-la-vacuna-del-coronavirus/
es-falso-que-bill-gates-enfrenta-un-juicio-en-la-india-por-probar-vacunas-ilegalmente,Bill Gates enfrenta un juicio en la India por probar vacunas ilegalmente,falso,entrenamiento,Falso,https://chequeado.com/verificacionfb/es-falso-que-bill-gates-enfrenta-un-juicio-en-la-india-por-probar-vacunas-ilegalmente/
es-falso-que-bill-gates-no-vacuno-a-sus-hijos-cuando-eran-pequenos,Bill Gates no vacunó a sus hijos cuando eran pequeños,falso,entrenamiento,Falso,https://chequeado.com/verificacionfb/es-falso-que-bill-gates-no-vacuno-a-sus-hijos-cuando-eran-pequenos/
es-falso-que-bill-gates-propuso-reducir-la-poblacion-con-vacunas,Bill Gates propuso reducir la población con vacunas,falso,entrenamiento,Falso,https://chequeado.com/ultimas-noticias/es-falso-que-bill-gates-propuso-reducir-la-poblacion-con-vacunas/
es-falso-que-bullrich-recibio-el-premio-europol-porque-durante-su-gestion-ningun-cargamento-de-droga-llego-a-europa-desde-la-argentina,Bullrich recibió el premio Europol porque durante su gestión ningún cargamento de droga llegó a Europa desde la Argentina,falso,validacion,Falso,https://chequeado.com/verificacionfb/es-falso-que-bullrich-recibio-el-premio-europol-porque-durante-su-gestion-ningun-cargamento-de-droga-llego-a-europa-desde-la-argentina/
es-falso-que-camila-sabbatella-cobra-142-mil-por-su-cargo-en-moron,Camila Sabbatella cobra $142 mil por su cargo en Morón,falso,entrenamiento,Falso,https://chequeado.com/verificacionfb/es-falso-que-camila-sabbatella-cobra-142-mil-por-su-cargo-en-moron/
es-falso-que-cantar-y-aplaudir-en-los-balcones-sea-un-riesgo-de-contagio-de-covid-19,cantar y aplaudir en los balcones sea un riesgo de contagio de COVID-19,falso,entrenamiento,Falso,https://chequeado.com/verificacionfb/es-falso-que-cantar-y-aplaudir-en-los-balcones-sea-un-riesgo-de-contagio-de-covid-19/
es-falso-que-captan-a-un-alienigena-en-las-vegas-el-video-se-trata-de-una-animacion-con-efectos-especiales,captan a un alienígena en Las Vegas; el video se trata de una animación con efectos especiales,falso,entrenamiento,Falso,https://chequeado.com/ultimas-noticias/es-falso-que-captan-a-un-alienigena-en-las-vegas-el-video-se-trata-de-una-animacion-con-efectos-especiales/
es-falso-que-carlos-pagni-publico-un-tuit-sobre-florencia-pena-marcelo-tinelli-daddy-brieva-y-jorge-rial,"Carlos Pagni publicó un tuit sobre Florencia Peña, Marcelo Tinelli, Daddy Brieva y Jorge Rial",falso,entrenamiento,Falso,https://chequeado.com/ultimas-noticias/es-falso-que-carlos-pagni-publico-un-tuit-sobre-florencia-pena-marcelo-tinelli-daddy-brieva-y-jorge-rial/
es-falso-que-celeste-burgos-la-pareja-del-ex-diputado-juan-ameri-cobraba-140-mil-pesos-como-asesora-suya,"Celeste Burgos, la pareja del ex diputado Juan Ameri, cobraba $ 140 mil pesos como asesora suya",falso,entrenamiento,Falso,https://chequeado.com/verificacionfb/es-falso-que-celeste-burgos-la-pareja-del-ex-diputado-juan-ameri-cobraba-140-mil-pesos-como-asesora-suya/
es-falso-que-certificar-una-muerte-por-covid-19-sin-autopsia-constituye-un-delito-porque-el-virus-no-fue-aislado,certificar una muerte por COVID-19 sin autopsia constituye un delito porque el virus no fue aislado,falso,entrenamiento,Falso,https://chequeado.com/verificacionfb/es-falso-que-certificar-una-muerte-por-covid-19-sin-autopsia-constituye-un-delito-porque-el-virus-no-fue-aislado/
es-falso-que-cesar-sena-declaro-autopercibirse-mujer-para-evitar-la-condena-por-femicidio-y-ser-trasladado-a-un-penal-de-mujeres,César Sena declaró autopercibirse mujer para evitar la condena por femicidio y ser trasladado a un penal de mujeres,falso,validacion,Falso,https://chequeado.com/ultimas-noticias/es-falso-que-cesar-sena-declaro-autopercibirse-mujer-para-evitar-la-condena-por-femicidio-y-ser-trasladado-a-un-penal-de-mujeres/
es-falso-que-cfk-viajo-a-cuba-con-una-cartera-marca-hermes-de-us-17-mil,CFK viajó a Cuba con una cartera marca Hermès de US$ 17 mil,falso,entrenamiento,Falso,https://chequeado.com/verificacionfb/es-falso-que-cfk-viajo-a-cuba-con-una-cartera-marca-hermes-de-us-17-mil/
es-falso-que-cientificos-que-descubrieron-el-genoma-del-coronavirus-fueron-echados-del-malbran-durante-el-macrismo,científicos que descubrieron el genoma del coronavirus fueron echados del Malbrán durante el macrismo,falso,entrenamiento,Falso,https://chequeado.com/verificacionfb/es-falso-que-cientificos-que-descubrieron-el-genoma-del-coronavirus-fueron-echados-del-malbran-durante-el-macrismo/
es-falso-que-ciervos-se-metieron-en-la-ciudad-de-junin-de-los-andes,ciervos se metieron en la ciudad de Junín de los Andes,falso,entrenamiento,Falso,https://chequeado.com/verificacionfb/es-falso-que-ciervos-se-metieron-en-la-ciudad-de-junin-de-los-andes/
es-falso-que-circule-por-mail-un-virus-informatico-que-proviene-de-la-supuesta-cuenta-de-la-policia-venezolana,circule por mail un virus informático que proviene de la supuesta cuenta de la Policía venezolana,falso,entrenamiento,Falso,https://chequeado.com/verificacionfb/es-falso-que-circule-por-mail-un-virus-informatico-que-proviene-de-la-supuesta-cuenta-de-la-policia-venezolana/
es-falso-que-cirujanos-estadounidenses-operan-gratis-a-personas-con-labio-leporino-en-un-hospital-de-la-provincia-de-buenos-aires,cirujanos estadounidenses operan gratis a personas con labio leporino en un hospital de la provincia de Buenos Aires,falso,entrenamiento,Falso,https://chequeado.com/verificacionfb/es-falso-que-cirujanos-estadounidenses-operan-gratis-a-personas-con-labio-leporino-en-un-hospital-de-la-provincia-de-buenos-aires/
es-falso-que-clarin-publico-una-noticia-sobre-una-supuesta-promesa-de-javier-milei-de-cerrar-el-registro-automotor-y-esa-propuesta-no-figura-en-su-plataforma-electoral,"Clarín publicó una noticia sobre una supuesta promesa de Javier Milei de cerrar el Registro Automotor, y esa propuesta no figura en su plataforma electoral",falso,validacion,Falso,https://chequeado.com/ultimas-noticias/es-falso-que-clarin-publico-una-noticia-sobre-una-supuesta-promesa-de-javier-milei-de-cerrar-el-registro-automotor-y-esa-propuesta-no-figura-en-su-plataforma-electoral/
es-falso-que-cnn-comunico-la-muerte-del-mismo-periodista-en-afganistan-y-en-ucrania,CNN comunicó la muerte del mismo periodista en Afganistán y en Ucrania,falso,entrenamiento,Falso,https://chequeado.com/verificacionfb/es-falso-que-cnn-comunico-la-muerte-del-mismo-periodista-en-afganistan-y-en-ucrania/
es-falso-que-cnn-emitio-una-foto-de-una-explosion-en-2015-como-si-fuera-de-la-guerra-de-2022-en-ucrania,CNN emitió una foto de una explosión en 2015 como si fuera de la guerra de 2022 en Ucrania,falso,entrenamiento,Falso (título),https://chequeado.com/verificacionfb/es-falso-que-cnn-emitio-una-foto-de-una-explosion-en-2015-como-si-fuera-de-la-guerra-de-2022-en-ucrania/
es-falso-que-comer-hojas-de-laurel-o-beber-su-te-sirve-para-combatir-o-curar-la-diabetes,comer hojas de laurel o beber su té sirve para combatir o curar la diabetes,falso,entrenamiento,Falso,https://chequeado.com/ultimas-noticias/es-falso-que-comer-hojas-de-laurel-o-beber-su-te-sirve-para-combatir-o-curar-la-diabetes/
es-falso-que-consumir-dioxido-de-cloro-cura-el-coronavirus,consumir dióxido de cloro cura el coronavirus,falso,entrenamiento,Falso,https://chequeado.com/verificacionfb/es-falso-que-consumir-dioxido-de-cloro-cura-el-coronavirus/
es-falso-que-cristiano-ronaldo-convertira-sus-hoteles-en-hospitales-para-enfermos-de-coronavirus,Cristiano Ronaldo convertirá sus hoteles en hospitales para enfermos de coronavirus,falso,entrenamiento,Falso,https://chequeado.com/verificacionfb/es-falso-que-cristiano-ronaldo-convertira-sus-hoteles-en-hospitales-para-enfermos-de-coronavirus/
es-falso-que-cristiano-ronaldo-flameo-la-bandera-de-palestina-la-imagen-es-de-un-jugador-marroqui-en-2022,Cristiano Ronaldo flameó la bandera de Palestina en este video: la imagen es de un jugador marroquí en 2022,falso,validacion,Falso,https://chequeado.com/ultimas-noticias/es-falso-que-cristiano-ronaldo-flameo-la-bandera-de-palestina-la-imagen-es-de-un-jugador-marroqui-en-2022/
es-falso-que-cristiano-ronaldo-murio-en-un-accidente-de-auto-el-15-de-enero-de-2025,Cristiano Ronaldo murió en un accidente de auto el 15 de enero de 2025,falso,entrenamiento,Falso,https://chequeado.com/ultimas-noticias/es-falso-que-cristiano-ronaldo-murio-en-un-accidente-de-auto-el-15-de-enero-de-2025/
es-falso-que-cristina-fernandez-de-kirchner-anuncio-en-2012-la-compra-de-26-aviones-para-incendios-y-no-llego-ninguno,Cristina Fernández de Kirchner anunció en 2012 la compra de 26 aviones para incendios y no llegó ninguno,falso,entrenamiento,Falso,https://chequeado.com/verificacionfb/es-falso-que-cristina-fernandez-de-kirchner-anuncio-en-2012-la-compra-de-26-aviones-para-incendios-y-no-llego-ninguno/
es-falso-que-cristina-fernandez-de-kirchner-fue-vacunada-contra-el-coronavirus-sin-barbijo-y-sin-aguja,Cristina Fernández de Kirchner fue vacunada contra el coronavirus sin barbijo y sin aguja,falso,entrenamiento,Falso,https://chequeado.com/verificacionfb/es-falso-que-cristina-fernandez-de-kirchner-fue-vacunada-contra-el-coronavirus-sin-barbijo-y-sin-aguja/
es-falso-que-cristina-fernandez-de-kirchner-no-es-abogada-y-debe-22-materias,Cristina Fernández de Kirchner no es abogada y debe 22 materias,falso,entrenamiento,Falso,https://chequeado.com/verificacionfb/es-falso-que-cristina-fernandez-de-kirchner-no-es-abogada-y-debe-22-materias/
es-falso-que-cucurella-lleva-en-esta-bolsa-la-copa-del-mundo-oficial-de-la-fifa,Cucurella lleva en esta bolsa la Copa del Mundo oficial de la FIFA,falso,entrenamiento,Falso,https://chequeado.com/ultimas-noticias/es-falso-que-cucurella-lleva-en-esta-bolsa-la-copa-del-mundo-oficial-de-la-fifa/
es-falso-que-decapitaron-a-la-activista-arabe-samar-badawi,decapitaron a la activista árabe Samar Badawi,falso,entrenamiento,Falso,https://chequeado.com/verificacionfb/es-falso-que-decapitaron-a-la-activista-arabe-samar-badawi/
es-falso-que-dejar-manzanas-en-la-puerta-de-la-casa-para-que-las-tomen-quienes-las-necesiten-sea-un-practica-comun-en-noruega,dejar manzanas en la puerta de la casa para que las tomen quienes las necesiten sea un práctica común en Noruega,falso,validacion,Falso,https://chequeado.com/verificacionfb/es-falso-que-dejar-manzanas-en-la-puerta-de-la-casa-para-que-las-tomen-quienes-las-necesiten-sea-un-practica-comun-en-noruega/
es-falso-que-dejara-de-circular-el-billete-de-100-que-tiene-la-cara-de-julio-roca,dejará de circular el billete de $100 que tiene la cara de Julio Roca,falso,entrenamiento,Falso,https://chequeado.com/verificacionfb/es-falso-que-dejara-de-circular-el-billete-de-100-que-tiene-la-cara-de-julio-roca/
es-falso-que-detuvieron-a-17-militantes-de-la-campora-por-los-incendios-en-cordoba,detuvieron a 17 militantes de La Cámpora por los incendios en Córdoba,falso,entrenamiento,Falso,https://chequeado.com/ultimas-noticias/es-falso-que-detuvieron-a-17-militantes-de-la-campora-por-los-incendios-en-cordoba/
es-falso-que-detuvieron-a-dos-sospechosos-por-el-incendio-en-notre-dame,detuvieron a dos sospechosos por el incendio en Notre Dame,falso,entrenamiento,Falso,https://chequeado.com/verificacionfb/es-falso-que-detuvieron-a-dos-sospechosos-por-el-incendio-en-notre-dame/
es-falso-que-detuvieron-al-hijo-del-diputado-entrerriano-ricardo-troncoso-con-22-panes-de-marihuana-en-marzo-de-2019,detuvieron al hijo del diputado entrerriano Ricardo Troncoso con 22 panes de marihuana en marzo de 2019,falso,entrenamiento,Falso,https://chequeado.com/verificacionfb/es-falso-que-detuvieron-al-hijo-del-diputado-entrerriano-ricardo-troncoso-con-22-panes-de-marihuana-en-marzo-de-2019/
es-falso-que-diego-maradona-fue-declarado-persona-no-grata-en-la-argentina,Diego Maradona fue declarado persona no grata en la Argentina,falso,entrenamiento,Falso,https://chequeado.com/verificacionfb/es-falso-que-diego-maradona-fue-declarado-persona-no-grata-en-la-argentina/
es-falso-que-donald-trump-anuncio-que-volvera-a-twitter-y-que-felicito-a-elon-musk-por-comprar-esa-red-social,Donald Trump anunció que volverá a Twitter y que felicitó a Elon Musk por comprar esa red social,falso,entrenamiento,Falso,https://chequeado.com/verificacionfb/es-falso-que-donald-trump-anuncio-que-volvera-a-twitter-y-que-felicito-a-elon-musk-por-comprar-esa-red-social/
es-falso-que-donald-trump-fue-abatido-por-espias-sirios,Donald Trump fue abatido por espías sirios,falso,entrenamiento,Falso,https://chequeado.com/verificacionfb/es-falso-que-donald-trump-fue-abatido-por-espias-sirios/
es-falso-que-donald-trump-murio-el-ultimo-1-de-noviembre,Donald Trump murió el último 1 de noviembre,falso,entrenamiento,Falso,https://chequeado.com/ultimas-noticias/es-falso-que-donald-trump-murio-el-ultimo-1-de-noviembre/
es-falso-que-donda-dijo-que-es-inhumano-tener-a-los-violadores-en-la-precariedad-de-las-carceles,Donda dijo que es inhumano tener a los violadores en la precariedad de las cárceles,falso,entrenamiento,Falso,https://chequeado.com/verificacionfb/es-falso-que-donda-dijo-que-es-inhumano-tener-a-los-violadores-en-la-precariedad-de-las-carceles/
es-falso-que-echaron-al-director-del-garrahan-esta-semana,echaron al director del Garrahan esta semana,falso,entrenamiento,Falso,https://chequeado.com/verificacionfb/es-falso-que-echaron-al-director-del-garrahan-esta-semana/
es-falso-que-el-23-de-abril-habra-una-tormenta-solar-sin-precedentes-que-podria-llevar-a-la-humanidad-a-la-edad-de-piedra,el 23 de abril habrá una tormenta solar sin precedentes que podría llevar a la humanidad a la Edad de Piedra,falso,entrenamiento,Falso,https://chequeado.com/ultimas-noticias/es-falso-que-el-23-de-abril-habra-una-tormenta-solar-sin-precedentes-que-podria-llevar-a-la-humanidad-a-la-edad-de-piedra/
es-falso-que-el-actor-rodrigo-noya-denuncio-por-abuso-sexual-a-daddy-brieva,el actor Rodrigo Noya denunció por abuso sexual a Daddy Brieva,falso,entrenamiento,Falso,https://chequeado.com/ultimas-noticias/es-falso-que-el-actor-rodrigo-noya-denuncio-por-abuso-sexual-a-daddy-brieva/
es-falso-que-el-adenovirus-de-chimpance-que-usa-la-vacuna-de-astrazeneca-tiene-relacion-con-la-viruela-del-mono,el adenovirus de chimpancé que usa la vacuna de AstraZeneca tiene relación con la viruela del mono,falso,entrenamiento,Falso (título),https://chequeado.com/verificacionfb/es-falso-que-el-adenovirus-de-chimpance-que-usa-la-vacuna-de-astrazeneca-tiene-relacion-con-la-viruela-del-mono/
es-falso-que-el-adrenocromo-sea-una-droga-que-hace-ver-mas-joven-a-las-personas-como-afirmo-el-actor-jim-caviezel,"el adrenocromo sea una droga que hace ver más joven a las personas, como afirmó el actor Jim Caviezel",falso,entrenamiento,Falso,https://chequeado.com/verificacionfb/es-falso-que-el-adrenocromo-sea-una-droga-que-hace-ver-mas-joven-a-las-personas-como-afirmo-el-actor-jim-caviezel/
es-falso-que-el-arbitro-del-partido-de-la-argentina-contra-francia-era-chileno,el árbitro del partido de la Argentina contra Francia era chileno,falso,entrenamiento,Falso,https://chequeado.com/verificacionfb/es-falso-que-el-arbitro-del-partido-de-la-argentina-contra-francia-era-chileno/
es-falso-que-el-banco-central-emitio-un-billete-de-100-mil-con-la-imagen-de-messi,el Banco Central emitió un billete de $ 100 mil con la imagen de Messi,falso,entrenamiento,Falso,https://chequeado.com/ultimas-noticias/es-falso-que-el-banco-central-emitio-un-billete-de-100-mil-con-la-imagen-de-messi/
es-falso-que-el-banco-central-propuso-que-en-los-billetes-de-1000-aparezca-la-imagen-de-messi,el Banco Central propuso que en los billetes de $ 1000 aparezca la imagen de Messi,falso,entrenamiento,Falso,https://chequeado.com/ultimas-noticias/es-falso-que-el-banco-central-propuso-que-en-los-billetes-de-1000-aparezca-la-imagen-de-messi/
es-falso-que-el-barbijo-no-protege-y-que-provoca-aspirar-dioxido-de-carbono,el barbijo no protege y que provoca aspirar dióxido de carbono,falso,entrenamiento,Falso,https://chequeado.com/verificacionfb/es-falso-que-el-barbijo-no-protege-y-que-provoca-aspirar-dioxido-de-carbono/
es-falso-que-el-barbijo-ya-no-es-obligatorio-en-la-argentina-como-senala-un-posteo-en-facebook,el barbijo ya no es obligatorio en la Argentina como señala un posteo en Facebook,falso,entrenamiento,Falso,https://chequeado.com/verificacionfb/es-falso-que-el-barbijo-ya-no-es-obligatorio-en-la-argentina-como-senala-un-posteo-en-facebook/
es-falso-que-el-black-friday-esta-relacionado-con-el-comercio-de-esclavos,el Black Friday está relacionado con el comercio de esclavos,falso,validacion,Falso,https://chequeado.com/verificacionfb/es-falso-que-el-black-friday-esta-relacionado-con-el-comercio-de-esclavos/
es-falso-que-el-cafe-sirva-para-curar-el-coronavirus,el café sirva para curar el coronavirus,falso,entrenamiento,Falso,https://chequeado.com/verificacionfb/es-falso-que-el-cafe-sirva-para-curar-el-coronavirus/
es-falso-que-el-calendario-de-febrero-de-2022-se-repetira-de-nuevo-dentro-de-823-anos,el calendario de febrero de 2022 se repetirá de nuevo dentro de 823 años,falso,validacion,Falso (título),https://chequeado.com/verificacionfb/es-falso-que-el-calendario-de-febrero-de-2022-se-repetira-de-nuevo-dentro-de-823-anos/
es-falso-que-el-cels-pidio-la-absolucion-de-la-madre-de-lucio-dupuy,el CELS pidió la absolución de la madre de Lucio Dupuy,falso,entrenamiento,Falso,https://chequeado.com/ultimas-noticias/es-falso-que-el-cels-pidio-la-absolucion-de-la-madre-de-lucio-dupuy/
es-falso-que-el-ceo-de-biontech-no-se-vacuno,el CEO de BioNTech no se vacunó,falso,entrenamiento,Falso (título),https://chequeado.com/verificacionfb/es-falso-que-el-ceo-de-biontech-no-se-vacuno/
es-falso-que-el-chapo-guzman-escapo-nuevamente-de-prision-en-2018,el Chapo Guzmán escapó nuevamente de prisión en 2018,falso,entrenamiento,Falso,https://chequeado.com/verificacionfb/es-falso-que-el-chapo-guzman-escapo-nuevamente-de-prision-en-2018/
es-falso-que-el-consejo-nacional-electoral-de-venezuela-informo-que-el-total-de-votos-emitidos-suma-un-132,el Consejo Nacional Electoral de Venezuela informó que el total de votos emitidos suma un 132%,falso,entrenamiento,Falso,https://chequeado.com/ultimas-noticias/es-falso-que-el-consejo-nacional-electoral-de-venezuela-informo-que-el-total-de-votos-emitidos-suma-un-132/
es-falso-que-el-contenido-en-whatsapp-y-facebook-dejara-de-ser-privado,el contenido en WhatsApp y Facebook dejará de ser privado,falso,entrenamiento,Falso,https://chequeado.com/verificacionfb/es-falso-que-el-contenido-en-whatsapp-y-facebook-dejara-de-ser-privado/
es-falso-que-el-coronavirus-se-combate-solo-con-tratamientos-contra-la-trombosis-como-circula-por-whatsapp,"el coronavirus se combate sólo con tratamientos contra la trombosis, como circula por WhatsApp",falso,entrenamiento,Falso,https://chequeado.com/verificacionfb/es-falso-que-el-coronavirus-se-combate-solo-con-tratamientos-contra-la-trombosis-como-circula-por-whatsapp/
es-falso-que-el-creador-de-los-test-pcr-dijo-que-no-detectan-el-nuevo-coronavirus,el creador de los test PCR dijo que no detectan el nuevo coronavirus,falso,entrenamiento,Falso,https://chequeado.com/verificacionfb/es-falso-que-el-creador-de-los-test-pcr-dijo-que-no-detectan-el-nuevo-coronavirus/
es-falso-que-el-cuerpo-envia-senales-un-mes-antes-de-ocurrir-un-derrame-cerebral,el cuerpo envía señales un mes antes de ocurrir un derrame cerebral,falso,entrenamiento,Falso,https://chequeado.com/ultimas-noticias/es-falso-que-el-cuerpo-envia-senales-un-mes-antes-de-ocurrir-un-derrame-cerebral/
es-falso-que-el-decreto-que-establece-la-cuarentena-fuera-planeado-para-durar-1-ano,el decreto que establece la cuarentena fuera planeado para durar 1 año,falso,entrenamiento,Falso,https://chequeado.com/verificacionfb/es-falso-que-el-decreto-que-establece-la-cuarentena-fuera-planeado-para-durar-1-ano/
es-falso-que-el-dengue-sea-consecuencia-del-5g-o-de-la-radiacion-de-las-antenas-de-telefonia,el dengue sea consecuencia del 5G o de la radiación de las antenas de telefonía,falso,entrenamiento,Falso,https://chequeado.com/ultimas-noticias/es-falso-que-el-dengue-sea-consecuencia-del-5g-o-de-la-radiacion-de-las-antenas-de-telefonia/
es-falso-que-el-diario-la-nacion-publico-una-nota-sobre-la-anulacion-de-la-educacion-sexual-integral-tras-la-asuncion-de-javier-milei,el diario La Nación publicó una nota sobre la anulación de la educación sexual integral tras la asunción de Javier Milei,falso,entrenamiento,Falso,https://chequeado.com/ultimas-noticias/es-falso-que-el-diario-la-nacion-publico-una-nota-sobre-la-anulacion-de-la-educacion-sexual-integral-tras-la-asuncion-de-javier-milei/
es-falso-que-el-dioxido-de-cloro-se-utilice-para-la-desinfeccion-de-sangre-en-las-transfusiones,el dióxido de cloro se utilice para la desinfección de sangre en las transfusiones,falso,entrenamiento,Falso,https://chequeado.com/verificacionfb/es-falso-que-el-dioxido-de-cloro-se-utilice-para-la-desinfeccion-de-sangre-en-las-transfusiones/
es-falso-que-el-director-de-la-organizacion-mundial-de-la-salud-oms-fue-arrestado-por-crimenes-de-lesa-humanidad,el director de la Organización Mundial de la Salud fue arrestado por crímenes de lesa humanidad,falso,validacion,Falso,https://chequeado.com/verificacionfb/es-falso-que-el-director-de-la-organizacion-mundial-de-la-salud-oms-fue-arrestado-por-crimenes-de-lesa-humanidad/
es-falso-que-el-director-de-una-clinica-de-alemania-se-suicido-luego-de-admitir-que-las-vacunas-son-una-estafa,el director de una clínica de Alemania se suicidó luego de admitir que las vacunas son una estafa,falso,entrenamiento,Falso (título),https://chequeado.com/verificacionfb/es-falso-que-el-director-de-una-clinica-de-alemania-se-suicido-luego-de-admitir-que-las-vacunas-son-una-estafa/
es-falso-que-el-director-ejecutivo-de-biontech-no-se-vacuno-contra-el-covid-19,el director ejecutivo de BioNTech no se vacunó contra el COVID-19,falso,entrenamiento,Falso,https://chequeado.com/verificacionfb/es-falso-que-el-director-ejecutivo-de-biontech-no-se-vacuno-contra-el-covid-19/
es-falso-que-el-dnu-de-javier-milei-derogo-la-ley-de-manejo-del-fuego,el DNU de Javier Milei derogó la Ley de Manejo del Fuego,falso,entrenamiento,Falso,https://chequeado.com/ultimas-noticias/es-falso-que-el-dnu-de-javier-milei-derogo-la-ley-de-manejo-del-fuego/
es-falso-que-el-dnu-de-javier-milei-reduce-la-cantidad-de-dias-totales-de-licencia-por-maternidad,el DNU de Javier Milei reduce la cantidad de días totales  de licencia por maternidad,falso,entrenamiento,Falso,https://chequeado.com/ultimas-noticias/es-falso-que-el-dnu-de-javier-milei-reduce-la-cantidad-de-dias-totales-de-licencia-por-maternidad/
es-falso-que-el-estado-argentino-ofrece-pagarle-us-30-mil-a-evo-morales-por-ser-refugiado,el Estado argentino ofrece pagarle US$ 30 mil a Evo Morales por ser refugiado,falso,entrenamiento,Falso,https://chequeado.com/verificacionfb/es-falso-que-el-estado-argentino-ofrece-pagarle-us-30-mil-a-evo-morales-por-ser-refugiado/
es-falso-que-el-fisicoculturista-doug-brignole-murio-a-causa-de-la-vacuna-contra-la-covid-19,el fisicoculturista Doug Brignole murió a causa de la vacuna contra la COVID-19,falso,entrenamiento,Falso,https://chequeado.com/ultimas-noticias/es-falso-que-el-fisicoculturista-doug-brignole-murio-a-causa-de-la-vacuna-contra-la-covid-19/
es-falso-que-el-fmi-exige-liquidar-la-anses-y-vender-las-acciones-del-fondo-de-garantia,el FMI exige liquidar la ANSES y vender las acciones del Fondo de Garantía,falso,validacion,Falso,https://chequeado.com/verificacionfb/es-falso-que-el-fmi-exige-liquidar-la-anses-y-vender-las-acciones-del-fondo-de-garantia/
es-falso-que-el-gasoducto-nestor-kirchner-no-este-transportando-gas,el gasoducto Néstor Kirchner no esté transportando gas,falso,entrenamiento,Falso,https://chequeado.com/ultimas-noticias/es-falso-que-el-gasoducto-nestor-kirchner-no-este-transportando-gas/
es-falso-que-el-gobierno-bonaerense-impulsa-un-impuesto-para-recuperar-bienes-robados,el gobierno bonaerense impulsa un impuesto para recuperar bienes robados,falso,validacion,Falso,https://chequeado.com/ultimas-noticias/es-falso-que-el-gobierno-bonaerense-impulsa-un-impuesto-para-recuperar-bienes-robados/
es-falso-que-el-gobierno-de-japon-decidio-deshacerse-de-todos-los-hornos-de-microondas-de-ese-pais,el Gobierno de Japón decidió deshacerse de todos los hornos de microondas de ese país,falso,entrenamiento,Falso,https://chequeado.com/verificacionfb/es-falso-que-el-gobierno-de-japon-decidio-deshacerse-de-todos-los-hornos-de-microondas-de-ese-pais/
es-falso-que-el-gobierno-de-san-luis-construira-una-replica-de-la-catedral-de-notre-dame,el Gobierno de San Luis construirá una réplica de la catedral de Notre Dame,falso,entrenamiento,Falso,https://chequeado.com/verificacionfb/es-falso-que-el-gobierno-de-san-luis-construira-una-replica-de-la-catedral-de-notre-dame/
es-falso-que-el-gobierno-elimino-por-decreto-las-becas-progresar-al-8-de-octubre-de-2024,el Gobierno eliminó por decreto las Becas Progresar al 8 de octubre de 2024,falso,entrenamiento,Falso,https://chequeado.com/ultimas-noticias/es-falso-que-el-gobierno-elimino-por-decreto-las-becas-progresar-al-8-de-octubre-de-2024/
es-falso-que-el-gobierno-instalo-un-nuevo-corralito-no-hay-restricciones-para-que-las-personas-retiren-su-dinero-de-los-bancos,el Gobierno instaló un nuevo corralito: no hay restricciones para que las personas retiren su dinero de los bancos,falso,validacion,Falso,https://chequeado.com/ultimas-noticias/es-falso-que-el-gobierno-instalo-un-nuevo-corralito-no-hay-restricciones-para-que-las-personas-retiren-su-dinero-de-los-bancos/
es-falso-que-el-gobierno-ruso-libero-leones-para-mantener-a-la-gente-en-su-casa,el gobierno ruso liberó leones para mantener a la gente en su casa,falso,entrenamiento,Falso,https://chequeado.com/verificacionfb/es-falso-que-el-gobierno-ruso-libero-leones-para-mantener-a-la-gente-en-su-casa/
es-falso-que-el-hijo-del-senador-bonaerense-luis-vivona-fue-detenido-con-250-kilos-de-marihuana-en-misiones,el hijo del senador bonaerense Luis Vivona fue detenido con 250 kilos de marihuana en Misiones,falso,entrenamiento,Falso,https://chequeado.com/verificacionfb/es-falso-que-el-hijo-del-senador-bonaerense-luis-vivona-fue-detenido-con-250-kilos-de-marihuana-en-misiones/
es-falso-que-el-hombre-agredido-en-un-video-viral-es-un-intendente-que-impuso-el-pase-sanitario-y-la-vacunacion-obligatoria-a-ninos,el hombre agredido en un video viral es un intendente que impuso el pase sanitario y la vacunación obligatoria a niños,falso,entrenamiento,Falso (título),https://chequeado.com/verificacionfb/es-falso-que-el-hombre-agredido-en-un-video-viral-es-un-intendente-que-impuso-el-pase-sanitario-y-la-vacunacion-obligatoria-a-ninos/
es-falso-que-el-inadi-quiere-prohibir-el-juramento-de-la-bandera,el INADI quiere prohibir el juramento de la bandera,falso,validacion,Falso,https://chequeado.com/verificacionfb/es-falso-que-el-inadi-quiere-prohibir-el-juramento-de-la-bandera/
es-falso-que-el-instituto-patria-paso-a-la-orbita-del-estado,el Instituto Patria pasó a la órbita del Estado,falso,entrenamiento,Falso,https://chequeado.com/verificacionfb/es-falso-que-el-instituto-patria-paso-a-la-orbita-del-estado/
es-falso-que-el-laboratorio-de-wuhan-es-de-glaxo-y-que-esta-empresa-es-duena-de-pfizer,el laboratorio de Wuhan es de Glaxo y que esta empresa es dueña de Pfizer,falso,entrenamiento,Falso,https://chequeado.com/verificacionfb/es-falso-que-el-laboratorio-de-wuhan-es-de-glaxo-y-que-esta-empresa-es-duena-de-pfizer/
es-falso-que-el-lider-de-hezbollah-amenazo-al-presidente-javier-milei-en-este-video,el líder de Hezbollah amenazó al presidente Javier Milei en este video,falso,entrenamiento,Falso,https://chequeado.com/ultimas-noticias/es-falso-que-el-lider-de-hezbollah-amenazo-al-presidente-javier-milei-en-este-video/
es-falso-que-el-micro-de-la-seleccion-de-japon-pincho-una-rueda-apenas-llego-a-mexico-para-disputar-el-mundial-la-imagen-esta-hecha-con-ia,el micro de la Selección de Japón pinchó una rueda apenas llegó a México para disputar el Mundial: la imagen está hecha con IA,falso,entrenamiento,Falso,https://chequeado.com/ultimas-noticias/es-falso-que-el-micro-de-la-seleccion-de-japon-pincho-una-rueda-apenas-llego-a-mexico-para-disputar-el-mundial-la-imagen-esta-hecha-con-ia/
es-falso-que-el-ministerio-de-salud-alerto-sobre-una-nueva-cepa-de-coronavirus-mas-contagiosa-y-dificil-de-detectar,el Ministerio de Salud alertó sobre una nueva cepa de coronavirus más contagiosa y difícil de detectar,falso,entrenamiento,Falso,https://chequeado.com/ultimas-noticias/es-falso-que-el-ministerio-de-salud-alerto-sobre-una-nueva-cepa-de-coronavirus-mas-contagiosa-y-dificil-de-detectar/
es-falso-que-el-ministerio-de-seguridad-nacional-ordeno-modificar-los-emblemas-de-gendarmeria,el Ministerio de Seguridad nacional ordenó modificar los emblemas de Gendarmería,falso,entrenamiento,Falso,https://chequeado.com/verificacionfb/es-falso-que-el-ministerio-de-seguridad-nacional-ordeno-modificar-los-emblemas-de-gendarmeria/
es-falso-que-el-ministro-guzman-impulse-eliminar-el-ejercito-argentino-por-falta-de-presupuesto,el ministro Guzmán impulse eliminar el Ejército argentino por falta de presupuesto,falso,entrenamiento,Falso,https://chequeado.com/verificacionfb/es-falso-que-el-ministro-guzman-impulse-eliminar-el-ejercito-argentino-por-falta-de-presupuesto/
es-falso-que-el-nuevo-presidente-de-mexico-murio-en-un-atentado,el nuevo presidente de México murió en un atentado,falso,entrenamiento,Falso,https://chequeado.com/verificacionfb/es-falso-que-el-nuevo-presidente-de-mexico-murio-en-un-atentado/
es-falso-que-el-nuevo-tratamiento-de-pfizer-contra-el-coronavirus-sea-ivermectina,el nuevo tratamiento de Pfizer contra el coronavirus sea ivermectina,falso,entrenamiento,Falso,https://chequeado.com/verificacionfb/es-falso-que-el-nuevo-tratamiento-de-pfizer-contra-el-coronavirus-sea-ivermectina/
es-falso-que-el-oxido-de-grafeno-sea-un-componente-de-las-vacunas-contra-el-coronavirus,el óxido de grafeno sea un componente de las vacunas contra el coronavirus,falso,entrenamiento,Falso,https://chequeado.com/verificacionfb/es-falso-que-el-oxido-de-grafeno-sea-un-componente-de-las-vacunas-contra-el-coronavirus/
es-falso-que-el-papa-francisco-abuso-de-un-chico-mexicano-de-11-anos-en-la-decada-del-90,el papa Francisco abusó de un chico mexicano de 11 años en la década del 90,falso,validacion,Falso,https://chequeado.com/verificacionfb/es-falso-que-el-papa-francisco-abuso-de-un-chico-mexicano-de-11-anos-en-la-decada-del-90/
es-falso-que-el-papa-francisco-pidio-despedirse-de-su-perro-esta-foto-esta-hecha-con-inteligencia-artificial,el Papa Francisco pidió despedirse de su perro: esta foto está hecha con inteligencia artificial,falso,entrenamiento,Falso,https://chequeado.com/ultimas-noticias/es-falso-que-el-papa-francisco-pidio-despedirse-de-su-perro-esta-foto-esta-hecha-con-inteligencia-artificial/
es-falso-que-el-papa-francisco-pronostica-que-los-negacionistas-iran-al-infierno-por-no-vacunarse,el papa Francisco pronostica que los negacionistas irán al infierno por no vacunarse,falso,entrenamiento,Falso (título),https://chequeado.com/verificacionfb/es-falso-que-el-papa-francisco-pronostica-que-los-negacionistas-iran-al-infierno-por-no-vacunarse/
es-falso-que-el-presidente-de-mexico-sufrio-un-atentado,el presidente de México sufrió un atentado,falso,entrenamiento,Falso,https://chequeado.com/verificacionfb/es-falso-que-el-presidente-de-mexico-sufrio-un-atentado/
es-falso-que-el-presidente-de-ucrania-aparece-cantando-en-este-video-junto-a-su-esposa,el Presidente de Ucrania aparece cantando en este video junto a su esposa,falso,entrenamiento,Falso (título),https://chequeado.com/verificacionfb/es-falso-que-el-presidente-de-ucrania-aparece-cantando-en-este-video-junto-a-su-esposa/
es-falso-que-el-proyecto-de-reforma-penal-reduce-penas-de-delitos-como-homicidio-trata-de-menores-y-narcotrafico,"el proyecto de reforma penal reduce penas de delitos como homicidio, trata de menores y narcotráfico",falso,entrenamiento,Falso,https://chequeado.com/verificacionfb/es-falso-que-el-proyecto-de-reforma-penal-reduce-penas-de-delitos-como-homicidio-trata-de-menores-y-narcotrafico/
es-falso-que-el-publico-se-fue-de-la-fiesta-nacional-de-la-manzana-en-rio-negro-cuando-empezo-a-cantar-lali-esposito,el público se fue de la Fiesta Nacional de la Manzana en Río Negro cuando empezó a cantar Lali,falso,entrenamiento,Falso,https://chequeado.com/ultimas-noticias/es-falso-que-el-publico-se-fue-de-la-fiesta-nacional-de-la-manzana-en-rio-negro-cuando-empezo-a-cantar-lali-esposito/
es-falso-que-el-rey-carlos-iii-fallecio-el-18-de-marzo-de-2024,el rey Carlos III falleció el 18 de marzo de 2024,falso,entrenamiento,Falso,https://chequeado.com/ultimas-noticias/es-falso-que-el-rey-carlos-iii-fallecio-el-18-de-marzo-de-2024/
es-falso-que-el-rey-de-espana-critico-el-discurso-del-presidente-peruano-pedro-castillo,el Rey de España criticó el discurso del presidente peruano Pedro Castillo,falso,entrenamiento,Falso,https://chequeado.com/verificacionfb/es-falso-que-el-rey-de-espana-critico-el-discurso-del-presidente-peruano-pedro-castillo/
es-falso-que-el-shopping-unicenter-esta-en-crisis-como-se-afirma-en-un-video-viral-lo-que-se-ve-es-un-local-en-remodelacion,"el shopping Unicenter está en crisis, como se afirma en un video viral; lo que se ve es un local en remodelación",falso,entrenamiento,Falso,https://chequeado.com/verificacionfb/es-falso-que-el-shopping-unicenter-esta-en-crisis-como-se-afirma-en-un-video-viral-lo-que-se-ve-es-un-local-en-remodelacion/
es-falso-que-el-sospechoso-del-tiroteo-a-trump-tiene-un-buzo-del-ejercito-israeli-en-esta-foto-la-imagen-fue-hecha-con-ia,el sospechoso del tiroteo a Trump tiene un buzo del Ejército israelí en esta foto: la imagen fue hecha con IA,falso,entrenamiento,Falso,https://chequeado.com/ultimas-noticias/es-falso-que-el-sospechoso-del-tiroteo-a-trump-tiene-un-buzo-del-ejercito-israeli-en-esta-foto-la-imagen-fue-hecha-con-ia/
es-falso-que-el-tapabocas-cultive-hongos-y-bacterias-que-bloquean-el-oxigeno-y-provocan-neumonia,el tapabocas cultive hongos y bacterias que bloquean el oxígeno y provocan neumonía,falso,entrenamiento,Falso,https://chequeado.com/verificacionfb/es-falso-que-el-tapabocas-cultive-hongos-y-bacterias-que-bloquean-el-oxigeno-y-provocan-neumonia/
es-falso-que-el-te-de-agujas-de-pino-previene-el-coronavirus-o-sirve-para-combatir-los-supuestos-efectos-adversos-de-las-vacunas,el té de agujas de pino previene el coronavirus o sirve para combatir los supuestos efectos adversos de las vacunas,falso,entrenamiento,Falso (título),https://chequeado.com/verificacionfb/es-falso-que-el-te-de-agujas-de-pino-previene-el-coronavirus-o-sirve-para-combatir-los-supuestos-efectos-adversos-de-las-vacunas/
es-falso-que-el-temporal-en-bahia-blanca-fue-provocado-por-el-proyecto-haarp-se-trata-de-una-teoria-conspirativa,el temporal en Bahía Blanca fue provocado por el proyecto HAARP: se trata de una teoría conspirativa,falso,entrenamiento,Falso,https://chequeado.com/ultimas-noticias/es-falso-que-el-temporal-en-bahia-blanca-fue-provocado-por-el-proyecto-haarp-se-trata-de-una-teoria-conspirativa/
es-falso-que-el-terremoto-de-rusia-fue-causado-por-el-proyecto-haarp,el terremoto de Rusia fue causado por el proyecto HAARP,falso,entrenamiento,Falso,https://chequeado.com/ultimas-noticias/es-falso-que-el-terremoto-de-rusia-fue-causado-por-el-proyecto-haarp/
es-falso-que-el-titular-de-la-oms-anuncio-una-nueva-pandemia-y-anticipo-nuevos-confinamientos,el titular de la OMS anunció una nueva pandemia y anticipó nuevos confinamientos,falso,entrenamiento,Falso (título),https://chequeado.com/verificacionfb/es-falso-que-el-titular-de-la-oms-anuncio-una-nueva-pandemia-y-anticipo-nuevos-confinamientos/
es-falso-que-el-tribunal-de-derechos-humanos-de-estrasburgo-anulo-el-matrimonio-homosexual,el Tribunal de Derechos Humanos de Estrasburgo anuló el matrimonio homosexual,falso,entrenamiento,Falso,https://chequeado.com/ultimas-noticias/es-falso-que-el-tribunal-de-derechos-humanos-de-estrasburgo-anulo-el-matrimonio-homosexual/
es-falso-que-el-tribunal-de-justicia-de-la-ue-responsabilizo-penalmente-a-medicos-por-efectos-de-las-vacunas-covid,el Tribunal de Justicia de la UE responsabilizó penalmente a médicos por efectos de las vacunas COVID,falso,entrenamiento,Falso,https://chequeado.com/ultimas-noticias/es-falso-que-el-tribunal-de-justicia-de-la-ue-responsabilizo-penalmente-a-medicos-por-efectos-de-las-vacunas-covid/
es-falso-que-el-uso-de-barbijo-hace-respirar-dioxido-de-carbono,el uso de barbijo hace respirar dióxido de carbono,falso,validacion,Falso (título),https://chequeado.com/verificacionfb/es-falso-que-el-uso-de-barbijo-hace-respirar-dioxido-de-carbono/
es-falso-que-el-uso-de-barbijos-produzca-hipoxia-y-pleuresia,el uso de barbijos produzca hipoxia y pleuresía,falso,entrenamiento,Falso,https://chequeado.com/verificacionfb/es-falso-que-el-uso-de-barbijos-produzca-hipoxia-y-pleuresia/
es-falso-que-el-uso-del-barbijo-produce-hipoxia,el uso del barbijo produce hipoxia,falso,validacion,Falso,https://chequeado.com/verificacionfb/es-falso-que-el-uso-del-barbijo-produce-hipoxia/
es-falso-que-el-uso-o-abuso-de-la-mascarilla-produce-hipercapnia-o-hipoxia,el uso o abuso de la mascarilla produce hipercapnia o hipoxia,falso,validacion,Falso,https://chequeado.com/verificacionfb/es-falso-que-el-uso-o-abuso-de-la-mascarilla-produce-hipercapnia-o-hipoxia/
es-falso-que-el-uso-o-abuso-de-la-mascarilla-produzca-hipercapnia-o-hipoxia,el uso o abuso de la mascarilla produzca hipercapnia o hipoxia,falso,entrenamiento,Falso,https://chequeado.com/verificacionfb/es-falso-que-el-uso-o-abuso-de-la-mascarilla-produzca-hipercapnia-o-hipoxia/
es-falso-que-el-uso-o-abuso-del-tapabocas-produce-hipoxia-e-hipercapnia,el uso o abuso del tapabocas produce hipoxia e hipercapnia,falso,entrenamiento,Falso,https://chequeado.com/verificacionfb/es-falso-que-el-uso-o-abuso-del-tapabocas-produce-hipoxia-e-hipercapnia/
es-falso-que-el-vicepresidente-de-pfizer-fue-arrestado,el vicepresidente de Pfizer fue arrestado,falso,entrenamiento,Falso (título),https://chequeado.com/verificacionfb/es-falso-que-el-vicepresidente-de-pfizer-fue-arrestado/
es-falso-que-el-video-viral-en-donde-se-ve-un-cortocircuito-esta-relacionado-con-el-apagon-del-ultimo-domingo,el video viral en donde se ve un cortocircuito está relacionado con el apagón del último domingo,falso,entrenamiento,Falso,https://chequeado.com/verificacionfb/es-falso-que-el-video-viral-en-donde-se-ve-un-cortocircuito-esta-relacionado-con-el-apagon-del-ultimo-domingo/
es-falso-que-el-vih-se-transmite-por-consumir-alimentos-contaminados,el VIH se transmite por consumir alimentos contaminados,falso,validacion,Falso,https://chequeado.com/ultimas-noticias/es-falso-que-el-vih-se-transmite-por-consumir-alimentos-contaminados/
es-falso-que-en-australia-aumentaron-un-40-los-ataques-cardiacos-por-la-vacuna-contra-el-covid-19,en Australia aumentaron un 40% los ataques cardíacos por la vacuna contra el COVID-19,falso,validacion,Falso,https://chequeado.com/verificacionfb/es-falso-que-en-australia-aumentaron-un-40-los-ataques-cardiacos-por-la-vacuna-contra-el-covid-19/
es-falso-que-en-avellaneda-regalan-bicicletas-por-las-elecciones-es-un-programa-municipal-que-se-realiza-todos-los-anos-desde-2018,en Avellaneda regalan bicicletas por las elecciones: es un programa municipal que se realiza todos los años desde 2018,falso,entrenamiento,Falso,https://chequeado.com/ultimas-noticias/es-falso-que-en-avellaneda-regalan-bicicletas-por-las-elecciones-es-un-programa-municipal-que-se-realiza-todos-los-anos-desde-2018/
es-falso-que-en-dinamarca-las-personas-que-reciben-una-ayuda-social-estan-inhabilitadas-para-votar-en-las-elecciones,en Dinamarca las personas que reciben una ayuda social están inhabilitadas para votar en las elecciones,falso,validacion,Falso,https://chequeado.com/ultimas-noticias/es-falso-que-en-dinamarca-las-personas-que-reciben-una-ayuda-social-estan-inhabilitadas-para-votar-en-las-elecciones/
es-falso-que-en-espana-se-suicidan-dos-mil-hombres-al-ano-por-denuncias-falsas-de-sus-ex-mujeres,en España se suicidan dos mil hombres al año por denuncias falsas de sus ex mujeres,falso,entrenamiento,Falso,https://chequeado.com/verificacionfb/es-falso-que-en-espana-se-suicidan-dos-mil-hombres-al-ano-por-denuncias-falsas-de-sus-ex-mujeres/
es-falso-que-en-estados-unidos-se-retiro-el-uso-del-pcr-porque-las-pruebas-no-diferencian-gripe-de-covid-19,en Estados Unidos se retiró el uso del PCR porque las pruebas no diferencian gripe de COVID-19,falso,entrenamiento,Falso (título),https://chequeado.com/verificacionfb/es-falso-que-en-estados-unidos-se-retiro-el-uso-del-pcr-porque-las-pruebas-no-diferencian-gripe-de-covid-19/
es-falso-que-en-este-video-cristina-fernandez-de-kirchner-saluda-a-un-paredon,en este video Cristina Fernández de Kirchner saluda a un paredón,falso,entrenamiento,Falso,https://chequeado.com/ultimas-noticias/es-falso-que-en-este-video-cristina-fernandez-de-kirchner-saluda-a-un-paredon/
es-falso-que-en-este-video-nicolas-maduro-reconoce-que-podria-perder-las-presidenciales-venezolanas-esta-editado,en este video Nicolás Maduro reconoce que podría perder las presidenciales venezolanas: está editado,falso,validacion,Falso,https://chequeado.com/ultimas-noticias/es-falso-que-en-este-video-nicolas-maduro-reconoce-que-podria-perder-las-presidenciales-venezolanas-esta-editado/
es-falso-que-en-este-video-viral-sergio-massa-recibe-una-bolsa-con-cocaina-lo-que-le-arrojan-son-cartas,"en este video viral Sergio Massa recibe una bolsa con cocaína, lo que le arrojan son cartas",falso,validacion,Falso,https://chequeado.com/ultimas-noticias/es-falso-que-en-este-video-viral-sergio-massa-recibe-una-bolsa-con-cocaina-lo-que-le-arrojan-son-cartas/
es-falso-que-en-febrero-de-2026-los-dias-de-la-semana-se-repiten-4-veces-por-un-fenomeno-que-ocurre-solo-cada-823-anos,en febrero de 2026 los días de la semana se repiten 4 veces por un fenómeno que ocurre sólo cada 823 años,falso,entrenamiento,Falso,https://chequeado.com/ultimas-noticias/es-falso-que-en-febrero-de-2026-los-dias-de-la-semana-se-repiten-4-veces-por-un-fenomeno-que-ocurre-solo-cada-823-anos/
es-falso-que-en-francia-hicieron-pasar-a-un-maniqui-como-un-paciente-covid,en Francia hicieron pasar a un maniquí como un paciente COVID,falso,entrenamiento,Falso (título),https://chequeado.com/verificacionfb/es-falso-que-en-francia-hicieron-pasar-a-un-maniqui-como-un-paciente-covid/
es-falso-que-en-italia-lanzaron-billetes-a-la-calle-para-demostrar-que-la-salud-no-se-compra-con-dinero,en Italia lanzaron billetes a la calle para demostrar que la salud no se compra con dinero,falso,entrenamiento,Falso,https://chequeado.com/verificacionfb/es-falso-que-en-italia-lanzaron-billetes-a-la-calle-para-demostrar-que-la-salud-no-se-compra-con-dinero/
es-falso-que-en-julio-se-produjo-un-alud-en-italia,en julio se produjo un alud en Italia,falso,entrenamiento,Falso,https://chequeado.com/verificacionfb/es-falso-que-en-julio-se-produjo-un-alud-en-italia/
es-falso-que-en-junio-el-banco-central-emitira-un-billete-de-100-mil-con-la-imagen-de-rene-favaloro,en junio el Banco Central emitirá un billete de $ 100 mil con la imagen de René Favaloro,falso,validacion,Falso,https://chequeado.com/ultimas-noticias/es-falso-que-en-junio-el-banco-central-emitira-un-billete-de-100-mil-con-la-imagen-de-rene-favaloro/
es-falso-que-en-la-argentina-hay-700-mil-legisladores,en la Argentina hay 700 mil legisladores,falso,entrenamiento,Falso,https://chequeado.com/verificacionfb/es-falso-que-en-la-argentina-hay-700-mil-legisladores/
es-falso-que-en-la-argentina-hay-700-mil-legisladores-que-significan-84-mil-millones-mensuales,en la Argentina hay 700 mil legisladores que significan $84 mil millones mensuales,falso,entrenamiento,Falso,https://chequeado.com/verificacionfb/es-falso-que-en-la-argentina-hay-700-mil-legisladores-que-significan-84-mil-millones-mensuales/
es-falso-que-en-la-inauguracion-del-gasoducto-nestor-kirchner-abrieron-la-valvula-sin-la-caneria-terminada,en la inauguración del gasoducto Néstor Kirchner abrieron la válvula sin la cañería terminada,falso,entrenamiento,Falso,https://chequeado.com/ultimas-noticias/es-falso-que-en-la-inauguracion-del-gasoducto-nestor-kirchner-abrieron-la-valvula-sin-la-caneria-terminada/
es-falso-que-en-la-previa-del-mundial-2026-la-venta-de-televisores-aumento-624-con-respecto-a-2022-el-dato-corresponde-a-proyectores,en la previa del Mundial 2026 la venta de televisores aumentó 624% con respecto a 2022: el dato corresponde a proyectores,falso,validacion,Falso,https://chequeado.com/ultimas-noticias/es-falso-que-en-la-previa-del-mundial-2026-la-venta-de-televisores-aumento-624-con-respecto-a-2022-el-dato-corresponde-a-proyectores/
es-falso-que-en-los-estados-unidos-no-pueden-votar-quienes-cobran-planes-y-no-terminaron-la-secundaria-aunque-la-frase-de-kennedy-existe,"en los Estados Unidos no pueden votar quienes cobran planes y no terminaron la secundaria, aunque la frase de Kennedy existe",falso,entrenamiento,Falso,https://chequeado.com/verificacionfb/es-falso-que-en-los-estados-unidos-no-pueden-votar-quienes-cobran-planes-y-no-terminaron-la-secundaria-aunque-la-frase-de-kennedy-existe/
es-falso-que-en-los-estados-unidos-se-esta-obligando-a-los-agricultores-a-destruir-toneladas-de-alimentos-para-crear-escasez,en los Estados Unidos se está obligando a los agricultores a destruir toneladas de alimentos para crear escasez,falso,entrenamiento,Falso (título),https://chequeado.com/verificacionfb/es-falso-que-en-los-estados-unidos-se-esta-obligando-a-los-agricultores-a-destruir-toneladas-de-alimentos-para-crear-escasez/
es-falso-que-en-los-proximos-dias-se-votara-una-ley-que-sube-la-edad-jubilatoria,en los próximos días se votará una ley que sube la edad jubilatoria,falso,entrenamiento,Falso,https://chequeado.com/verificacionfb/es-falso-que-en-los-proximos-dias-se-votara-una-ley-que-sube-la-edad-jubilatoria/
es-falso-que-en-los-ultimos-dias-de-agosto-murieron-guanacos-en-santa-cruz-por-la-gripe-aviar,en los últimos días de agosto murieron guanacos en Santa Cruz por la gripe aviar,falso,entrenamiento,Falso,https://chequeado.com/ultimas-noticias/es-falso-que-en-los-ultimos-dias-de-agosto-murieron-guanacos-en-santa-cruz-por-la-gripe-aviar/
es-falso-que-en-marzo-de-2021-el-gobierno-decidio-dar-un-aumento-del-3-y-un-bono-de-1-200-a-los-jubilados,en marzo de 2021 el Gobierno decidió dar un aumento del 3% y un bono de $ 1.200 a los jubilados,falso,validacion,Falso,https://chequeado.com/verificacionfb/es-falso-que-en-marzo-de-2021-el-gobierno-decidio-dar-un-aumento-del-3-y-un-bono-de-1-200-a-los-jubilados/
es-falso-que-en-medio-de-la-pandemia-ciudadanos-bolivianos-entraron-al-pais-en-colectivos-para-cobrar-planes,en medio de la pandemia ciudadanos bolivianos entraron al país en colectivos para cobrar planes,falso,entrenamiento,Falso,https://chequeado.com/verificacionfb/es-falso-que-en-medio-de-la-pandemia-ciudadanos-bolivianos-entraron-al-pais-en-colectivos-para-cobrar-planes/
es-falso-que-en-monte-hermoso-se-congelo-una-ola-como-se-asegura-en-una-imagen-viral,"en Monte Hermoso se congeló una ola, como se asegura en una imagen viral",falso,entrenamiento,Falso,https://chequeado.com/verificacionfb/es-falso-que-en-monte-hermoso-se-congelo-una-ola-como-se-asegura-en-una-imagen-viral/
es-falso-que-en-octubre-los-legisladores-nacionales-recibiran-un-aumento-de-24,en octubre los legisladores nacionales recibirán un aumento de 24%,falso,entrenamiento,Falso,https://chequeado.com/verificacionfb/es-falso-que-en-octubre-los-legisladores-nacionales-recibiran-un-aumento-de-24/
es-falso-que-en-tucuman-esten-haciendo-chorizos-con-carne-de-perro,en Tucumán estén haciendo chorizos con carne de perro,falso,validacion,Falso,https://chequeado.com/verificacionfb/es-falso-que-en-tucuman-esten-haciendo-chorizos-con-carne-de-perro/
es-falso-que-en-ucrania-fue-bombardeada-una-iglesia-en-la-que-quedo-intacta-la-figura-de-jesus,en Ucrania fue bombardeada una iglesia en la que quedó intacta la figura de Jesús,falso,entrenamiento,Falso,https://chequeado.com/verificacionfb/es-falso-que-en-ucrania-fue-bombardeada-una-iglesia-en-la-que-quedo-intacta-la-figura-de-jesus/
es-falso-que-encontraron-armas-y-drogas-en-la-casa-de-baradel,encontraron armas y drogas en la casa de Baradel,falso,entrenamiento,Falso,https://chequeado.com/verificacionfb/es-falso-que-encontraron-armas-y-drogas-en-la-casa-de-baradel/
es-falso-que-encontraron-us-6-millones-en-la-casa-de-la-cunada-de-santiago-maldonado-durante-un-operativo-policial,encontraron US$ 6 millones en la casa de la cuñada de Santiago Maldonado durante un operativo policial,falso,entrenamiento,Falso,https://chequeado.com/verificacionfb/es-falso-que-encontraron-us-6-millones-en-la-casa-de-la-cunada-de-santiago-maldonado-durante-un-operativo-policial/
es-falso-que-escracharon-a-santiago-cafiero-el-hombre-que-aparece-en-el-video-es-el-jefe-de-gabinete-de-paraguay,escracharon a Santiago Cafiero; el hombre que aparece en el video es el jefe de Gabinete de Paraguay,falso,entrenamiento,Falso,https://chequeado.com/verificacionfb/es-falso-que-escracharon-a-santiago-cafiero-el-hombre-que-aparece-en-el-video-es-el-jefe-de-gabinete-de-paraguay/
es-falso-que-espert-se-saco-una-foto-con-maximo-kirchner,Espert se sacó una foto con Máximo Kirchner,falso,entrenamiento,Falso,https://chequeado.com/verificacionfb/es-falso-que-espert-se-saco-una-foto-con-maximo-kirchner/
es-falso-que-esta-foto-con-los-colectivos-estacionados-es-del-17-de-octubre-ultimo,esta foto con los colectivos estacionados es del 17 de octubre último,falso,entrenamiento,Falso,https://chequeado.com/verificacionfb/es-falso-que-esta-foto-con-los-colectivos-estacionados-es-del-17-de-octubre-ultimo/
es-falso-que-esta-foto-de-ataudes-con-la-bandera-de-estados-unidos-tiene-relacion-con-la-guerra-de-ucrania,esta foto de ataúdes con la bandera de Estados Unidos tiene relación con la guerra de Ucrania,falso,entrenamiento,Falso,https://chequeado.com/ultimas-noticias/es-falso-que-esta-foto-de-ataudes-con-la-bandera-de-estados-unidos-tiene-relacion-con-la-guerra-de-ucrania/
es-falso-que-esta-foto-de-maximo-kirchner-lo-muestra-con-diego-spagnuolo-esta-junto-al-periodista-jorge-lafauci,esta foto de Máximo Kirchner lo muestra con Diego Spagnuolo: está junto al periodista Jorge Lafauci,falso,validacion,Falso,https://chequeado.com/ultimas-noticias/es-falso-que-esta-foto-de-maximo-kirchner-lo-muestra-con-diego-spagnuolo-esta-junto-al-periodista-jorge-lafauci/
es-falso-que-esta-foto-en-la-que-aparecen-sindicalistas-fue-tomada-en-la-marcha-universitaria-del-2-de-octubre-de-2024,esta foto en la que aparecen sindicalistas fue tomada en la marcha universitaria del 2 de octubre de 2024,falso,entrenamiento,Falso,https://chequeado.com/ultimas-noticias/es-falso-que-esta-foto-en-la-que-aparecen-sindicalistas-fue-tomada-en-la-marcha-universitaria-del-2-de-octubre-de-2024/
es-falso-que-esta-foto-es-de-una-manifestacion-en-canada-contra-medidas-para-frenar-la-pandemia-es-de-rusia-en-1991,esta foto es de una manifestación en Canadá contra medidas para frenar la pandemia; es de Rusia en 1991,falso,entrenamiento,Falso (título),https://chequeado.com/verificacionfb/es-falso-que-esta-foto-es-de-una-manifestacion-en-canada-contra-medidas-para-frenar-la-pandemia-es-de-rusia-en-1991/
es-falso-que-esta-imagen-corresponde-a-una-fotografia-tomada-en-ushuaia,esta imagen corresponde a una fotografía tomada en Ushuaia,falso,entrenamiento,Falso,https://chequeado.com/ultimas-noticias/es-falso-que-esta-imagen-corresponde-a-una-fotografia-tomada-en-ushuaia/
es-falso-que-esta-mujer-sea-prima-de-javier-milei-o-sobrina-de-sergio-massa-es-la-actriz-porno-mia-khalifa,esta mujer sea prima de Javier Milei o  sobrina de Sergio Massa: es la actriz porno Mia Khalifa,falso,entrenamiento,Falso,https://chequeado.com/ultimas-noticias/es-falso-que-esta-mujer-sea-prima-de-javier-milei-o-sobrina-de-sergio-massa-es-la-actriz-porno-mia-khalifa/
es-falso-que-esta-nena-va-a-recibir-un-dolar-cada-vez-que-se-comparta-su-foto-en-facebook,esta nena va a recibir un dólar cada vez que se comparta su foto en Facebook,falso,entrenamiento,Falso,https://chequeado.com/ultimas-noticias/es-falso-que-esta-nena-va-a-recibir-un-dolar-cada-vez-que-se-comparta-su-foto-en-facebook/
es-falso-que-esta-persona-muerta-voto-en-las-ultimas-elecciones-de-formosa,esta persona muerta votó en las últimas elecciones de Formosa,falso,entrenamiento,Falso,https://chequeado.com/verificacionfb/es-falso-que-esta-persona-muerta-voto-en-las-ultimas-elecciones-de-formosa/
es-falso-que-esta-ventana-de-la-casa-rosada-fue-tapiada-durante-el-gobierno-de-javier-milei,esta ventana de la Casa Rosada fue tapiada durante el gobierno de Javier Milei,falso,entrenamiento,Falso,https://chequeado.com/ultimas-noticias/es-falso-que-esta-ventana-de-la-casa-rosada-fue-tapiada-durante-el-gobierno-de-javier-milei/
es-falso-que-estaban-habilitadas-las-reuniones-sociales-cuando-se-hizo-en-olivos-el-festejo-de-cumpleanos-de-yanez,estaban habilitadas las reuniones sociales cuando se hizo en Olivos el festejo de cumpleaños de Yáñez,falso,entrenamiento,Falso,https://chequeado.com/verificacionfb/es-falso-que-estaban-habilitadas-las-reuniones-sociales-cuando-se-hizo-en-olivos-el-festejo-de-cumpleanos-de-yanez/
es-falso-que-estados-unidos-admitio-que-no-esta-probada-la-existencia-del-nuevo-coronavirus,Estados Unidos admitió que no está probada la existencia del nuevo coronavirus,falso,entrenamiento,Falso,https://chequeado.com/verificacionfb/es-falso-que-estados-unidos-admitio-que-no-esta-probada-la-existencia-del-nuevo-coronavirus/
es-falso-que-estados-unidos-y-europa-decretaron-aislamiento-social-por-la-gripe-h3n2,Estados Unidos y Europa decretaron aislamiento social por la gripe H3N2,falso,entrenamiento,Falso,https://chequeado.com/ultimas-noticias/es-falso-que-estados-unidos-y-europa-decretaron-aislamiento-social-por-la-gripe-h3n2/
es-falso-que-estan-usando-fetos-abortados-en-las-vacunas-contra-el-coronavirus,están usando fetos abortados en las vacunas contra el coronavirus,falso,entrenamiento,Falso,https://chequeado.com/verificacionfb/es-falso-que-estan-usando-fetos-abortados-en-las-vacunas-contra-el-coronavirus/
es-falso-que-estan-vivos-tres-desaparecidos-de-la-ultima-dictadura,están vivos tres desaparecidos de la última dictadura,falso,entrenamiento,Falso,https://chequeado.com/verificacionfb/es-falso-que-estan-vivos-tres-desaparecidos-de-la-ultima-dictadura/
es-falso-que-estas-imagenes-de-la-estatua-de-la-libertad-demuestran-que-el-nivel-del-mar-no-ha-aumentado-en-nueva-york,estas imágenes de la Estatua de la Libertad demuestran que el nivel del mar no ha aumentado en Nueva York,falso,entrenamiento,Falso,https://chequeado.com/ultimas-noticias/es-falso-que-estas-imagenes-de-la-estatua-de-la-libertad-demuestran-que-el-nivel-del-mar-no-ha-aumentado-en-nueva-york/
es-falso-que-este-ano-christine-lagarde-fue-condenada-por-malversacion-de-fondos-publicos,este año Christine Lagarde fue condenada por malversación de fondos públicos,falso,entrenamiento,Falso,https://chequeado.com/verificacionfb/es-falso-que-este-ano-christine-lagarde-fue-condenada-por-malversacion-de-fondos-publicos/
es-falso-que-este-cartel-de-migraciones-del-aeropuerto-argentino-esta-mal-traducido,este cartel de Migraciones del aeropuerto argentino está mal traducido,falso,entrenamiento,Falso,https://chequeado.com/ultimas-noticias/es-falso-que-este-cartel-de-migraciones-del-aeropuerto-argentino-esta-mal-traducido/
es-falso-que-este-diputado-de-entre-rios-este-consumiendo-cocaina-en-este-video,este diputado de Entre Ríos esté consumiendo cocaína en este video,falso,entrenamiento,Falso,https://chequeado.com/ultimas-noticias/es-falso-que-este-diputado-de-entre-rios-este-consumiendo-cocaina-en-este-video/
es-falso-que-este-joven-es-asesor-de-ofelia-fernandez,este joven es asesor de Ofelia Fernández,falso,entrenamiento,Falso,https://chequeado.com/verificacionfb/es-falso-que-este-joven-es-asesor-de-ofelia-fernandez/
es-falso-que-este-video-con-banderas-palestinas-corresponda-a-una-celebracion-por-el-resultado-electoral-en-francia,este video con banderas palestinas corresponda a una celebración por el resultado electoral en Francia,falso,entrenamiento,Falso,https://chequeado.com/ultimas-noticias/es-falso-que-este-video-con-banderas-palestinas-corresponda-a-una-celebracion-por-el-resultado-electoral-en-francia/
es-falso-que-este-video-corresponde-al-acto-de-javier-milei-en-parque-lezama-es-de-un-recital-de-madonna-en-brasil,este video corresponde al acto de Javier Milei en Parque Lezama: es de un recital de Madonna en Brasil,falso,entrenamiento,Falso,https://chequeado.com/ultimas-noticias/es-falso-que-este-video-corresponde-al-acto-de-javier-milei-en-parque-lezama-es-de-un-recital-de-madonna-en-brasil/
es-falso-que-este-video-muestra-a-israel-bloqueando-drones-y-misiles-iranies-es-un-videojuego,este video muestra a Israel bloqueando drones y misiles iraníes: es un videojuego,falso,entrenamiento,Falso,https://chequeado.com/ultimas-noticias/es-falso-que-este-video-muestra-a-israel-bloqueando-drones-y-misiles-iranies-es-un-videojuego/
es-falso-que-este-video-muestra-a-pilotos-estadounidenses-persiguiendo-a-un-ovni-en-canada-para-derribarlo,este video muestra a pilotos estadounidenses persiguiendo a un ovni en Canadá para derribarlo,falso,entrenamiento,Falso,https://chequeado.com/ultimas-noticias/es-falso-que-este-video-muestra-a-pilotos-estadounidenses-persiguiendo-a-un-ovni-en-canada-para-derribarlo/
es-falso-que-este-video-muestra-a-un-agente-israeli-estrangulando-a-un-nino-palestino,este video muestra a un agente israelí estrangulando a un niño palestino,falso,entrenamiento,Falso,https://chequeado.com/ultimas-noticias/es-falso-que-este-video-muestra-a-un-agente-israeli-estrangulando-a-un-nino-palestino/
es-falso-que-este-video-muestra-a-un-cadaver-moviendo-una-mano-en-bucha-ucrania-se-trata-de-una-gota-en-la-ventanilla-del-auto,"este video muestra a un cadáver moviendo una mano en Bucha, Ucrania: se trata de una gota en la ventanilla del auto",falso,entrenamiento,Falso,https://chequeado.com/verificacionfb/es-falso-que-este-video-muestra-a-un-cadaver-moviendo-una-mano-en-bucha-ucrania-se-trata-de-una-gota-en-la-ventanilla-del-auto/
es-falso-que-este-video-muestra-el-ataque-de-rusia-al-ministerio-de-defensa-de-ucrania,este video muestra el ataque de Rusia al Ministerio de Defensa de Ucrania,falso,entrenamiento,Falso,https://chequeado.com/verificacionfb/es-falso-que-este-video-muestra-el-ataque-de-rusia-al-ministerio-de-defensa-de-ucrania/
es-falso-que-este-video-muestra-la-explosion-del-choque-de-2-autos-electricos-se-trata-del-accidente-de-un-camion-que-transportaba-gas-en-rusia-en-2013,este video muestra la explosión del choque de 2 autos eléctricos: se trata del accidente de un camión que transportaba gas en Rusia en 2013,falso,entrenamiento,Falso,https://chequeado.com/ultimas-noticias/es-falso-que-este-video-muestra-la-explosion-del-choque-de-2-autos-electricos-se-trata-del-accidente-de-un-camion-que-transportaba-gas-en-rusia-en-2013/
es-falso-que-este-video-muestra-la-reaccion-de-pique-a-la-cancion-de-shakira-y-bizarrap,este video muestra la reacción de Piqué a la canción de Shakira y Bizarrap,falso,entrenamiento,Falso,https://chequeado.com/ultimas-noticias/es-falso-que-este-video-muestra-la-reaccion-de-pique-a-la-cancion-de-shakira-y-bizarrap/
es-falso-que-este-video-muestra-un-ataque-al-mausoleo-de-chavez,este video muestra un ataque al mausoleo de Chávez,falso,entrenamiento,Falso,https://chequeado.com/ultimas-noticias/es-falso-que-este-video-muestra-un-ataque-al-mausoleo-de-chavez/
es-falso-que-este-video-muestra-un-bombardeo-de-india-a-pakistan,este video muestra un bombardeo de India a Pakistán,falso,entrenamiento,Falso,https://chequeado.com/ultimas-noticias/es-falso-que-este-video-muestra-un-bombardeo-de-india-a-pakistan/
es-falso-que-este-video-muestra-un-edificio-de-nueva-york-durante-el-sismo-del-5-de-abril-de-2024-fue-grabado-en-taiwan,"este video muestra un edificio de Nueva York durante el sismo del 5 de abril de 2024, fue grabado en Taiwán",falso,entrenamiento,Falso,https://chequeado.com/ultimas-noticias/es-falso-que-este-video-muestra-un-edificio-de-nueva-york-durante-el-sismo-del-5-de-abril-de-2024-fue-grabado-en-taiwan/
es-falso-que-este-video-muestre-festejos-por-el-fin-del-gobierno-de-petro-y-la-asuncion-de-de-la-espriella-en-colombia,este video muestre festejos por el fin del gobierno de Petro y la asunción de De la Espriella en Colombia,falso,entrenamiento,Falso,https://chequeado.com/ultimas-noticias/es-falso-que-este-video-muestre-festejos-por-el-fin-del-gobierno-de-petro-y-la-asuncion-de-de-la-espriella-en-colombia/
es-falso-que-este-video-muestre-un-misil-irani-son-tanques-de-almacenamiento-de-combustible-en-arabia-saudita,este video muestre un misil iraní: son tanques de almacenamiento de combustible en Arabia Saudita,falso,entrenamiento,Falso,https://chequeado.com/ultimas-noticias/es-falso-que-este-video-muestre-un-misil-irani-son-tanques-de-almacenamiento-de-combustible-en-arabia-saudita/
es-falso-que-esteban-lamothe-actuara-en-una-pelicula-de-florencia-kirchner-sobre-axel-kicillof,Esteban Lamothe actuará en una película de Florencia Kirchner sobre Axel Kicillof,falso,entrenamiento,Falso,https://chequeado.com/verificacionfb/es-falso-que-esteban-lamothe-actuara-en-una-pelicula-de-florencia-kirchner-sobre-axel-kicillof/
es-falso-que-estos-son-paracaidistas-israelies-sobre-gaza-es-el-ejercito-estadounidense-en-carolina-del-norte,estos son paracaidistas israelíes sobre Gaza; es el ejército estadounidense en Carolina del Norte,falso,entrenamiento,Falso,https://chequeado.com/ultimas-noticias/es-falso-que-estos-son-paracaidistas-israelies-sobre-gaza-es-el-ejercito-estadounidense-en-carolina-del-norte/
es-falso-que-evo-morales-esta-primero-en-el-ranking-de-la-revista-forbes-con-las-personas-mas-ricas-de-bolivia,Evo Morales está primero en el ranking de la Revista Forbes con las personas más ricas de Bolivia,falso,entrenamiento,Falso,https://chequeado.com/verificacionfb/es-falso-que-evo-morales-esta-primero-en-el-ranking-de-la-revista-forbes-con-las-personas-mas-ricas-de-bolivia/
es-falso-que-exista-un-alerta-por-la-llegada-del-fenomeno-el-nino-a-la-argentina-esta-en-una-fase-neutral,exista un alerta por la llegada del fenómeno El Niño a la Argentina: está en una fase neutral,falso,entrenamiento,Falso,https://chequeado.com/ultimas-noticias/es-falso-que-exista-un-alerta-por-la-llegada-del-fenomeno-el-nino-a-la-argentina-esta-en-una-fase-neutral/
es-falso-que-exista-un-medico-llamado-juan-dominguez-en-el-hospital-de-moron-y-que-kicillof-amenace-con-echarlo,exista un médico llamado Juan Domínguez en el Hospital de Morón y que Kicillof amenace con echarlo,falso,entrenamiento,Falso,https://chequeado.com/verificacionfb/es-falso-que-exista-un-medico-llamado-juan-dominguez-en-el-hospital-de-moron-y-que-kicillof-amenace-con-echarlo/
es-falso-que-exista-un-precandidato-de-javier-milei-en-rio-negro-para-las-elecciones-paso-que-haga-apologia-del-nazismo-como-difundio-vivana-canosa,"exista un precandidato de Javier Milei en Río Negro para las elecciones PASO que haga apología del nazismo, como difundió Vivana Canosa",falso,validacion,Falso,https://chequeado.com/ultimas-noticias/es-falso-que-exista-un-precandidato-de-javier-milei-en-rio-negro-para-las-elecciones-paso-que-haga-apologia-del-nazismo-como-difundio-vivana-canosa/
es-falso-que-exista-una-vacuna-contra-el-cancer-de-mama-colon-y-estomago-y-que-este-disponible-en-un-hospital-de-venezuela,"exista una vacuna contra el cáncer de mama, colon y estómago y que esté disponible en un hospital de Venezuela",falso,entrenamiento,Falso (título),https://chequeado.com/verificacionfb/es-falso-que-exista-una-vacuna-contra-el-cancer-de-mama-colon-y-estomago-y-que-este-disponible-en-un-hospital-de-venezuela/
es-falso-que-existe-un-arma-de-rayos-laser-que-provoca-incendios-en-diferentes-paises-del-mundo,existe un arma de rayos láser que provoca incendios en diferentes países del mundo,falso,entrenamiento,Falso,https://chequeado.com/ultimas-noticias/es-falso-que-existe-un-arma-de-rayos-laser-que-provoca-incendios-en-diferentes-paises-del-mundo/
es-falso-que-existe-una-lista-de-apellidos-que-puedan-recibir-la-ciudadania-espanola,existe una lista de apellidos que puedan recibir la ciudadanía española,falso,entrenamiento,Falso,https://chequeado.com/verificacionfb/es-falso-que-existe-una-lista-de-apellidos-que-puedan-recibir-la-ciudadania-espanola/
es-falso-que-existe-una-planta-que-cura-el-cancer,existe una planta que cura el cáncer,falso,validacion,Falso,https://chequeado.com/verificacionfb/es-falso-que-existe-una-planta-que-cura-el-cancer/
es-falso-que-existe-una-relacion-entre-las-vacunas-contra-el-coronavirus-y-la-muerte-de-los-presidentes-de-haiti-tanzania-y-burundi,"existe una relación entre las vacunas contra el coronavirus y la muerte de los presidentes de Haití, Tanzania y Burundi",falso,entrenamiento,Falso,https://chequeado.com/verificacionfb/es-falso-que-existe-una-relacion-entre-las-vacunas-contra-el-coronavirus-y-la-muerte-de-los-presidentes-de-haiti-tanzania-y-burundi/
es-falso-que-fallecio-carlos-ferrara-el-periodista-que-se-desmayo-en-un-movil-de-telenueve,"falleció Carlos Ferrara, el periodista que se desmayó en un móvil de Telenueve",falso,entrenamiento,Falso (título),https://chequeado.com/verificacionfb/es-falso-que-fallecio-carlos-ferrara-el-periodista-que-se-desmayo-en-un-movil-de-telenueve/
es-falso-que-fauci-director-del-niaid-no-recibio-la-vacuna-contra-el-coronavirus-y-fue-una-puesta-en-escena,"Fauci, director del NIAID, no recibió la vacuna contra el coronavirus y fue una puesta en escena",falso,entrenamiento,Falso,https://chequeado.com/verificacionfb/es-falso-que-fauci-director-del-niaid-no-recibio-la-vacuna-contra-el-coronavirus-y-fue-una-puesta-en-escena/
es-falso-que-fernandez-y-yanez-estuvieron-compras-en-el-marco-de-la-cumbre-del-g20-en-roma,Fernández y Yáñez estuvieron de compras en el marco de la cumbre del G20 en Roma,falso,entrenamiento,Falso (título),https://chequeado.com/verificacionfb/es-falso-que-fernandez-y-yanez-estuvieron-compras-en-el-marco-de-la-cumbre-del-g20-en-roma/
es-falso-que-finlandia-encarcelo-a-un-periodista-por-desinformar-y-ademas-su-ley-de-medios-no-es-actual-sino-de-2003,"Finlandia encarceló a un periodista por desinformar y, además, su ley de medios no es actual, sino de 2003",falso,entrenamiento,Falso,https://chequeado.com/verificacionfb/es-falso-que-finlandia-encarcelo-a-un-periodista-por-desinformar-y-ademas-su-ley-de-medios-no-es-actual-sino-de-2003/
es-falso-que-florencia-kirchner-dijo-que-gano-su-fortuna-vendiendo-productos-por-catalogo,Florencia Kirchner dijo que ganó su fortuna vendiendo productos por catálogo,falso,entrenamiento,Falso,https://chequeado.com/verificacionfb/es-falso-que-florencia-kirchner-dijo-que-gano-su-fortuna-vendiendo-productos-por-catalogo/
es-falso-que-florencia-pena-dijo-que-se-va-del-pais-si-macri-gana-las-elecciones,Florencia Peña dijo que se va del país si Macri gana las elecciones,falso,validacion,Falso,https://chequeado.com/verificacionfb/es-falso-que-florencia-pena-dijo-que-se-va-del-pais-si-macri-gana-las-elecciones/
es-falso-que-francia-abrio-la-puerta-a-la-pedofilia,Francia abrió la puerta a la pedofilia,falso,entrenamiento,Falso,https://chequeado.com/verificacionfb/es-falso-que-francia-abrio-la-puerta-a-la-pedofilia/
es-falso-que-funcionarios-del-gobierno-interino-de-bolivia-asumieron-realizando-un-saludo-racista,funcionarios del gobierno interino de Bolivia asumieron realizando un saludo racista,falso,entrenamiento,Falso,https://chequeado.com/verificacionfb/es-falso-que-funcionarios-del-gobierno-interino-de-bolivia-asumieron-realizando-un-saludo-racista/
es-falso-que-gines-gonzalez-garcia-estuvo-involucrado-en-la-causa-de-medicamentos-falsos,Ginés González García estuvo involucrado en la causa de medicamentos falsos,falso,entrenamiento,Falso,https://chequeado.com/verificacionfb/es-falso-que-gines-gonzalez-garcia-estuvo-involucrado-en-la-causa-de-medicamentos-falsos/
es-falso-que-grabois-dijo-que-los-jubilados-no-deberian-votar-porque-votan-en-contra-de-los-intereses-de-la-juventud,Grabois dijo que los jubilados no deberían votar porque votan en contra de los intereses de la juventud,falso,entrenamiento,Falso,https://chequeado.com/verificacionfb/es-falso-que-grabois-dijo-que-los-jubilados-no-deberian-votar-porque-votan-en-contra-de-los-intereses-de-la-juventud/
es-falso-que-grabois-es-hijo-de-una-ex-presidenta-del-pami-acusada-de-corrupcion,Grabois es hijo de una ex presidenta del PAMI acusada de corrupción,falso,entrenamiento,Falso,https://chequeado.com/verificacionfb/es-falso-que-grabois-es-hijo-de-una-ex-presidenta-del-pami-acusada-de-corrupcion/
es-falso-que-hallaron-una-boveda-de-roberto-baradel-con-millones-de-dolares,hallaron una bóveda de Roberto Baradel con millones de dólares,falso,validacion,Falso,https://chequeado.com/verificacionfb/es-falso-que-hallaron-una-boveda-de-roberto-baradel-con-millones-de-dolares/
es-falso-que-halyna-hutchins-publico-un-tuit-incriminando-a-hillary-clinton-3-dias-antes-de-morir,Halyna Hutchins publicó un tuit incriminando a Hillary Clinton 3 días antes de morir,falso,entrenamiento,Falso (título),https://chequeado.com/verificacionfb/es-falso-que-halyna-hutchins-publico-un-tuit-incriminando-a-hillary-clinton-3-dias-antes-de-morir/
es-falso-que-hay-bebes-internados-en-sillas-de-plastico-en-paraguay,hay bebés internados en sillas de plástico en Paraguay,falso,validacion,Falso,https://chequeado.com/verificacionfb/es-falso-que-hay-bebes-internados-en-sillas-de-plastico-en-paraguay/
es-falso-que-helicopteros-de-la-fuerza-aerea-argentina-van-a-pulverizar-desinfectante-contra-el-coronavirus,helicópteros de la Fuerza Aérea Argentina van a pulverizar desinfectante contra el coronavirus,falso,entrenamiento,Falso,https://chequeado.com/verificacionfb/es-falso-que-helicopteros-de-la-fuerza-aerea-argentina-van-a-pulverizar-desinfectante-contra-el-coronavirus/
es-falso-que-hernan-buchi-ex-ministro-de-augusto-pinochet-se-refirio-a-la-inflacion-de-chile,"Hernán Büchi, ex ministro de Augusto Pinochet, se refirió a la inflación de Chile",falso,entrenamiento,Falso,https://chequeado.com/verificacionfb/es-falso-que-hernan-buchi-ex-ministro-de-augusto-pinochet-se-refirio-a-la-inflacion-de-chile/
es-falso-que-hubo-fraude-electoral-en-algunas-mesas-de-chaco-los-errores-de-los-telegramas-fueron-corregidas-en-el-escrutinio-definitivo-que-es-el-que-tiene-valor-legal,"hubo fraude electoral en algunas mesas de Chaco: los errores de los telegramas fueron corregidos en el escrutinio definitivo, que es el que tiene valor legal",falso,entrenamiento,Falso,https://chequeado.com/ultimas-noticias/es-falso-que-hubo-fraude-electoral-en-algunas-mesas-de-chaco-los-errores-de-los-telegramas-fueron-corregidas-en-el-escrutinio-definitivo-que-es-el-que-tiene-valor-legal/
es-falso-que-hubo-fraude-electoral-y-que-macri-gano-con-el-55-de-votos,hubo fraude electoral y que Macri ganó con el 55% de votos,falso,entrenamiento,Falso,https://chequeado.com/verificacionfb/es-falso-que-hubo-fraude-electoral-y-que-macri-gano-con-el-55-de-votos/
es-falso-que-hubo-fuegos-artificiales-en-la-casa-rosada-por-el-triunfo-de-donald-trump-el-video-es-de-la-asuncion-de-alberto-fernandez-en-2019,hubo fuegos artificiales en la Casa Rosada por el triunfo de Donald Trump: el video es de la asunción de Alberto Fernández en 2019,falso,entrenamiento,Falso,https://chequeado.com/ultimas-noticias/es-falso-que-hubo-fuegos-artificiales-en-la-casa-rosada-por-el-triunfo-de-donald-trump-el-video-es-de-la-asuncion-de-alberto-fernandez-en-2019/
es-falso-que-hubo-fuegos-artificiales-en-la-casa-rosada-tras-la-condena-de-cfk-el-video-es-de-la-asuncion-de-alberto-fernandez-en-2019,hubo fuegos artificiales en la Casa Rosada tras la condena de CFK: el video es de la asunción de Alberto Fernández en 2019,falso,entrenamiento,Falso,https://chequeado.com/ultimas-noticias/es-falso-que-hubo-fuegos-artificiales-en-la-casa-rosada-tras-la-condena-de-cfk-el-video-es-de-la-asuncion-de-alberto-fernandez-en-2019/
es-falso-que-hubo-un-incendio-en-una-iglesia-de-boston-durante-la-celebracion-de-una-boda-gay,hubo un incendio en una iglesia de Boston durante la celebración de una boda gay,falso,entrenamiento,Falso,https://chequeado.com/ultimas-noticias/es-falso-que-hubo-un-incendio-en-una-iglesia-de-boston-durante-la-celebracion-de-una-boda-gay/
es-falso-que-hubo-una-explosion-en-el-pentagono-es-una-imagen-creada-con-inteligencia-artificial,hubo una explosión en el Pentágono: es una imagen creada con inteligencia artificial,falso,entrenamiento,Falso,https://chequeado.com/ultimas-noticias/es-falso-que-hubo-una-explosion-en-el-pentagono-es-una-imagen-creada-con-inteligencia-artificial/
es-falso-que-ignacio-montoya-carlotto-admitio-que-le-pagaron-por-ser-el-nieto-de-estela-de-carlotto,Ignacio Montoya Carlotto admitió que le pagaron por ser el nieto de Estela de Carlotto,falso,entrenamiento,Falso,https://chequeado.com/verificacionfb/es-falso-que-ignacio-montoya-carlotto-admitio-que-le-pagaron-por-ser-el-nieto-de-estela-de-carlotto/
es-falso-que-inhabilitaron-a-cfk-para-ser-candidata-a-cualquier-cargo-publico,inhabilitaron a CFK para ser candidata a cualquier cargo público,falso,validacion,Falso,https://chequeado.com/verificacionfb/es-falso-que-inhabilitaron-a-cfk-para-ser-candidata-a-cualquier-cargo-publico/
es-falso-que-integrantes-de-la-campora-quemaron-barbijos-en-el-obelisco,integrantes de La Cámpora quemaron barbijos en el Obelisco,falso,entrenamiento,Falso,https://chequeado.com/verificacionfb/es-falso-que-integrantes-de-la-campora-quemaron-barbijos-en-el-obelisco/
es-falso-que-israel-bombardeo-la-iglesia-ortodoxa-de-san-porfirio-en-gaza,"Israel bombardeó la iglesia ortodoxa de San Porfirio, en Gaza",falso,entrenamiento,Falso,https://chequeado.com/ultimas-noticias/es-falso-que-israel-bombardeo-la-iglesia-ortodoxa-de-san-porfirio-en-gaza/
es-falso-que-italia-reviso-las-muertes-por-covid-19-y-son-un-97-menos-que-lo-publicado,Italia revisó las muertes por COVID-19 y  son un 97% menos que lo publicado,falso,entrenamiento,Falso (título),https://chequeado.com/verificacionfb/es-falso-que-italia-reviso-las-muertes-por-covid-19-y-son-un-97-menos-que-lo-publicado/
es-falso-que-javier-milei-impidio-que-se-aprobara-un-documento-sobre-igualdad-de-genero-en-el-g20,Javier Milei impidió que se aprobara un documento sobre igualdad de género en el G20,falso,entrenamiento,Falso,https://chequeado.com/ultimas-noticias/es-falso-que-javier-milei-impidio-que-se-aprobara-un-documento-sobre-igualdad-de-genero-en-el-g20/
es-falso-que-javier-milei-publico-esta-imagen-de-un-leon-tirandole-gas-pimienta-a-jubilados,Javier Milei publicó esta imagen de un león tirándole gas pimienta a jubilados,falso,entrenamiento,Falso,https://chequeado.com/ultimas-noticias/es-falso-que-javier-milei-publico-esta-imagen-de-un-leon-tirandole-gas-pimienta-a-jubilados/
es-falso-que-javier-milei-uso-frases-de-un-comercial-de-actimel-durante-un-discurso-ante-la-onu-el-audio-del-video-esta-manipulado,Javier Milei usó frases de un comercial de Actimel durante un discurso ante la ONU: el audio del video está manipulado,falso,entrenamiento,Falso,https://chequeado.com/ultimas-noticias/es-falso-que-javier-milei-uso-frases-de-un-comercial-de-actimel-durante-un-discurso-ante-la-onu-el-audio-del-video-esta-manipulado/
es-falso-que-joe-biden-decreto-que-en-los-estados-unidos-el-dia-de-la-visibilidad-trans-coincida-con-el-domingo-de-pascuas,Joe Biden decretó que en los Estados Unidos el Día de la Visibilidad Trans coincida con el domingo de Pascuas,falso,entrenamiento,Falso,https://chequeado.com/ultimas-noticias/es-falso-que-joe-biden-decreto-que-en-los-estados-unidos-el-dia-de-la-visibilidad-trans-coincida-con-el-domingo-de-pascuas/
es-falso-que-joe-biden-regala-smartphones-a-inmigrantes-ilegales,Joe Biden regala smartphones a inmigrantes ilegales,falso,validacion,Falso,https://chequeado.com/verificacionfb/es-falso-que-joe-biden-regala-smartphones-a-inmigrantes-ilegales/
es-falso-que-jorge-rial-insulto-a-maria-eugenia-vidal-al-aire,Jorge Rial insultó a María Eugenia Vidal al aire,falso,entrenamiento,Falso,https://chequeado.com/verificacionfb/es-falso-que-jorge-rial-insulto-a-maria-eugenia-vidal-al-aire/
es-falso-que-juan-carr-dijo-en-2019-que-habia-7-mil-personas-en-situacion-de-calle-y-que-ahora-hay-400,Juan Carr dijo en 2019 que había 7 mil personas en situación de calle y que ahora hay 400,falso,entrenamiento,Falso,https://chequeado.com/verificacionfb/es-falso-que-juan-carr-dijo-en-2019-que-habia-7-mil-personas-en-situacion-de-calle-y-que-ahora-hay-400/
es-falso-que-juan-darthes-fue-absuelto-en-el-juicio-por-violacion-a-thelma-fardin,Juan Darthés fue absuelto en el juicio por violación a Thelma Fardín,falso,entrenamiento,Falso (título),https://chequeado.com/verificacionfb/es-falso-que-juan-darthes-fue-absuelto-en-el-juicio-por-violacion-a-thelma-fardin/
es-falso-que-juan-grabois-fue-detenido-por-la-policia-de-seguridad-aeroportuaria-en-ezeiza-tras-un-altercado-con-pasajeros,Juan Grabois fue detenido por la Policía de Seguridad Aeroportuaria en Ezeiza tras un altercado con pasajeros,falso,entrenamiento,Falso,https://chequeado.com/ultimas-noticias/es-falso-que-juan-grabois-fue-detenido-por-la-policia-de-seguridad-aeroportuaria-en-ezeiza-tras-un-altercado-con-pasajeros/
es-falso-que-juliana-awada-uso-el-helicoptero-presidencial-para-ir-al-recital-de-shakira,Juliana Awada usó el helicóptero presidencial para ir al recital de Shakira,falso,entrenamiento,Falso,https://chequeado.com/verificacionfb/es-falso-que-juliana-awada-uso-el-helicoptero-presidencial-para-ir-al-recital-de-shakira/
es-falso-que-justin-bieber-murio-en-un-accidente-de-autos,Justin Bieber murió en un accidente de autos,falso,entrenamiento,Falso,https://chequeado.com/verificacionfb/es-falso-que-justin-bieber-murio-en-un-accidente-de-autos/
es-falso-que-justin-trudeau-cambio-su-postura-acerca-de-la-efectividad-de-la-vacunacion-contra-el-covid-19,Justin Trudeau cambió su postura acerca de la efectividad de la vacunación contra el COVID-19,falso,entrenamiento,Falso,https://chequeado.com/ultimas-noticias/es-falso-que-justin-trudeau-cambio-su-postura-acerca-de-la-efectividad-de-la-vacunacion-contra-el-covid-19/
es-falso-que-kicillof-autorizo-anteojos-para-todos-los-ninos-de-1-a-6-en-la-provincia,Kicillof autorizó anteojos para todos los niños de 1 a 6 en la Provincia,falso,entrenamiento,Falso,https://chequeado.com/verificacionfb/es-falso-que-kicillof-autorizo-anteojos-para-todos-los-ninos-de-1-a-6-en-la-provincia/
es-falso-que-kicillof-cobraba-un-sobresueldo-por-estar-en-el-directorio-de-ypf,Kicillof cobraba un sobresueldo por estar en el directorio de YPF,falso,entrenamiento,Falso,https://chequeado.com/verificacionfb/es-falso-que-kicillof-cobraba-un-sobresueldo-por-estar-en-el-directorio-de-ypf/
es-falso-que-kicillof-dijo-que-hay-que-expropiar-los-campos-y-que-venezuela-es-un-pais-modelo,Kicillof dijo que hay que expropiar los campos y que Venezuela es un país modelo,falso,validacion,Falso,https://chequeado.com/verificacionfb/es-falso-que-kicillof-dijo-que-hay-que-expropiar-los-campos-y-que-venezuela-es-un-pais-modelo/
es-falso-que-la-actual-gestion-de-trump-tenga-la-menor-inflacion-acumulada-desde-1989-como-afirmo-el-presidente-de-estados-unidos,"la actual gestión de Trump tenga la menor inflación acumulada desde 1989, como afirmó el presidente de Estados Unidos",falso,entrenamiento,Falso,https://chequeado.com/ultimas-noticias/es-falso-que-la-actual-gestion-de-trump-tenga-la-menor-inflacion-acumulada-desde-1989-como-afirmo-el-presidente-de-estados-unidos/
es-falso-que-la-agenda-2030-busca-prohibir-el-consumo-de-carne,la Agenda 2030 busca prohibir el consumo de carne,falso,entrenamiento,Falso,https://chequeado.com/ultimas-noticias/es-falso-que-la-agenda-2030-busca-prohibir-el-consumo-de-carne/
es-falso-que-la-anmat-prohibio-la-sidra-de-la-marca-real,la ANMAT prohibió la sidra de la marca Real,falso,validacion,Falso,https://chequeado.com/verificacionfb/es-falso-que-la-anmat-prohibio-la-sidra-de-la-marca-real/
es-falso-que-la-anses-abrio-una-oficina-propia-en-alberdi-paraguay,"la ANSES abrió una oficina propia en Alberdi, Paraguay",falso,entrenamiento,Falso,https://chequeado.com/verificacionfb/es-falso-que-la-anses-abrio-una-oficina-propia-en-alberdi-paraguay/
es-falso-que-la-bbc-cambio-su-logo-de-rojo-a-negro-por-la-supuesta-muerte-de-kate-middleton,la BBC cambió su logo de rojo a negro por la supuesta muerte de Kate Middleton,falso,entrenamiento,Falso,https://chequeado.com/ultimas-noticias/es-falso-que-la-bbc-cambio-su-logo-de-rojo-a-negro-por-la-supuesta-muerte-de-kate-middleton/
es-falso-que-la-bbc-senalo-a-macri-como-el-presidente-mas-corrupto-del-mundo,la BBC señaló a Macri como el presidente más corrupto del mundo,falso,validacion,Falso (título),https://chequeado.com/verificacionfb/es-falso-que-la-bbc-senalo-a-macri-como-el-presidente-mas-corrupto-del-mundo/
es-falso-que-la-camara-electoral-anuncio-que-se-van-a-eliminar-las-elecciones-legislativas-de-2021,la Cámara Electoral anunció que se van a eliminar las elecciones legislativas de 2021,falso,entrenamiento,Falso,https://chequeado.com/verificacionfb/es-falso-que-la-camara-electoral-anuncio-que-se-van-a-eliminar-las-elecciones-legislativas-de-2021/
es-falso-que-la-campagnola-cerro-por-la-cuarentena-se-trata-de-una-noticia-de-2019,La Campagnola cerró por la cuarentena: se trata de una noticia de 2019,falso,validacion,Falso,https://chequeado.com/verificacionfb/es-falso-que-la-campagnola-cerro-por-la-cuarentena-se-trata-de-una-noticia-de-2019/
es-falso-que-la-cantante-dua-lipa-publico-una-foto-con-el-libro-de-javier-milei,la cantante Dua Lipa publicó una foto con el libro de Javier Milei,falso,entrenamiento,Falso,https://chequeado.com/ultimas-noticias/es-falso-que-la-cantante-dua-lipa-publico-una-foto-con-el-libro-de-javier-milei/
es-falso-que-la-central-hidroelectrica-yacyreta-tiene-una-grieta-y-que-se-esta-rompiendo,la central hidroeléctrica Yacyretá tiene una grieta y que se está rompiendo,falso,entrenamiento,Falso,https://chequeado.com/verificacionfb/es-falso-que-la-central-hidroelectrica-yacyreta-tiene-una-grieta-y-que-se-esta-rompiendo/
es-falso-que-la-chica-de-este-video-se-autopercibe-gaviota-es-una-parodia-para-concientizar-sobre-la-contaminacion-ambiental,la chica de este video se autopercibe gaviota: es una parodia para concientizar sobre la contaminación ambiental,falso,entrenamiento,Falso,https://chequeado.com/ultimas-noticias/es-falso-que-la-chica-de-este-video-se-autopercibe-gaviota-es-una-parodia-para-concientizar-sobre-la-contaminacion-ambiental/
es-falso-que-la-cidh-publico-numeros-propios-sobre-personas-muertas-violadas-desaparecidas-y-torturadas-en-chile,"la CIDH publicó números propios sobre personas muertas, violadas, desaparecidas y torturadas en Chile",falso,entrenamiento,Falso,https://chequeado.com/verificacionfb/es-falso-que-la-cidh-publico-numeros-propios-sobre-personas-muertas-violadas-desaparecidas-y-torturadas-en-chile/
es-falso-que-la-ciudad-pago-357-millones-a-coca-cola-company-para-que-sea-sponsor-de-los-juegos-olimpicos-de-la-juventud,"la Ciudad pagó $35,7 millones a Coca Cola Company para que sea sponsor de los Juegos Olímpicos de la Juventud",falso,entrenamiento,Falso,https://chequeado.com/verificacionfb/es-falso-que-la-ciudad-pago-357-millones-a-coca-cola-company-para-que-sea-sponsor-de-los-juegos-olimpicos-de-la-juventud/
es-falso-que-la-cnn-informo-sobre-la-muerte-de-un-periodista-2-veces-este-ano-en-ucrania-y-en-2021-en-afganistan,"la CNN informó sobre la muerte de un periodista 2 veces: este año, en Ucrania, y en 2021, en Afganistán",falso,entrenamiento,Falso (título),https://chequeado.com/verificacionfb/es-falso-que-la-cnn-informo-sobre-la-muerte-de-un-periodista-2-veces-este-ano-en-ucrania-y-en-2021-en-afganistan/
es-falso-que-la-corte-suprema-de-finlandia-dictamino-que-el-sexo-con-menores-esta-permitido,la Corte Suprema de Finlandia dictaminó que el sexo con menores está permitido,falso,entrenamiento,Falso,https://chequeado.com/verificacionfb/es-falso-que-la-corte-suprema-de-finlandia-dictamino-que-el-sexo-con-menores-esta-permitido/
es-falso-que-la-cruz-roja-prohibe-donar-plasma-a-quienes-fueron-vacunados-contra-la-covid-19,la Cruz Roja prohíbe donar plasma a quienes fueron vacunados contra la COVID-19,falso,entrenamiento,Falso,https://chequeado.com/verificacionfb/es-falso-que-la-cruz-roja-prohibe-donar-plasma-a-quienes-fueron-vacunados-contra-la-covid-19/
es-falso-que-la-escoba-se-mantiene-parada-por-la-posicion-del-eje-de-la-tierra,la escoba se mantiene parada por la posición del eje de la Tierra,falso,entrenamiento,Falso (título),https://chequeado.com/mitos-y-enganos/es-falso-que-la-escoba-se-mantiene-parada-por-la-posicion-del-eje-de-la-tierra/
es-falso-que-la-figura-de-milei-en-estas-fotos-de-reuniones-de-gobierno-sea-la-misma,la figura de Milei en estas fotos de reuniones de gobierno sea la misma,falso,validacion,Falso,https://chequeado.com/ultimas-noticias/es-falso-que-la-figura-de-milei-en-estas-fotos-de-reuniones-de-gobierno-sea-la-misma/
es-falso-que-la-foto-de-jorge-taiana-y-jose-luis-gioja-fue-tomada-en-qatar,la foto de Jorge Taiana y José Luis Gioja fue tomada en Qatar,falso,entrenamiento,Falso,https://chequeado.com/ultimas-noticias/es-falso-que-la-foto-de-jorge-taiana-y-jose-luis-gioja-fue-tomada-en-qatar/
es-falso-que-la-gestion-de-la-libertad-avanza-es-la-que-mas-dinero-giro-a-las-universidades-como-senalan-posteos-que-compartio-milei-en-x,"la gestión de La Libertad Avanza es la que más dinero giró a las universidades, como señalan posteos que compartió Milei en X",falso,entrenamiento,Falso,https://chequeado.com/ultimas-noticias/es-falso-que-la-gestion-de-la-libertad-avanza-es-la-que-mas-dinero-giro-a-las-universidades-como-senalan-posteos-que-compartio-milei-en-x/
es-falso-que-la-granada-encontrada-en-la-patagonia-en-el-marco-de-los-incendios-es-una-m26-producida-en-israel-es-de-fabricaciones-militares,la granada encontrada en la Patagonia en el marco de los incendios es una M26 producida en Israel: es de Fabricaciones Militares,falso,entrenamiento,Falso,https://chequeado.com/ultimas-noticias/es-falso-que-la-granada-encontrada-en-la-patagonia-en-el-marco-de-los-incendios-es-una-m26-producida-en-israel-es-de-fabricaciones-militares/
es-falso-que-la-iglesia-va-a-pedir-un-certificado-de-virginidad-para-casarse,la Iglesia va a pedir un certificado de virginidad para casarse,falso,validacion,Falso,https://chequeado.com/verificacionfb/es-falso-que-la-iglesia-va-a-pedir-un-certificado-de-virginidad-para-casarse/
es-falso-que-la-invasion-de-mosquitos-en-el-amba-este-vinculada-con-un-proyecto-financiado-por-la-fundacion-bill-y-melinda-gates,la invasión de mosquitos en el AMBA esté vinculada con un proyecto financiado por Bill Gates,falso,entrenamiento,Falso,https://chequeado.com/ultimas-noticias/es-falso-que-la-invasion-de-mosquitos-en-el-amba-este-vinculada-con-un-proyecto-financiado-por-la-fundacion-bill-y-melinda-gates/
es-falso-que-la-investigacion-de-la-vacuna-contra-el-coronavirus-de-la-unsam-esta-por-iniciar-la-fase-iii,la investigación de la vacuna contra el coronavirus de la UNSAM está por iniciar la fase III,falso,entrenamiento,Falso,https://chequeado.com/verificacionfb/es-falso-que-la-investigacion-de-la-vacuna-contra-el-coronavirus-de-la-unsam-esta-por-iniciar-la-fase-iii/
es-falso-que-la-justicia-de-nicaragua-desestimo-la-denuncia-de-thelma-fardin-contra-juan-darthes,la Justicia de Nicaragua desestimó la denuncia de Thelma Fardín contra Juan Darthés,falso,entrenamiento,Falso,https://chequeado.com/verificacionfb/es-falso-que-la-justicia-de-nicaragua-desestimo-la-denuncia-de-thelma-fardin-contra-juan-darthes/
es-falso-que-la-leche-pasteurizada-no-tenga-nutrientes-y-tomarla-no-causa-intolerancia-a-la-lactosa,la leche pasteurizada no tenga nutrientes y tomarla no causa intolerancia a la lactosa,falso,entrenamiento,Falso,https://chequeado.com/ultimas-noticias/es-falso-que-la-leche-pasteurizada-no-tenga-nutrientes-y-tomarla-no-causa-intolerancia-a-la-lactosa/
es-falso-que-la-ley-electoral-venezolana-no-permite-ingresar-a-votar-con-telefonos-celulares,la ley electoral venezolana no permite ingresar a votar con teléfonos celulares,falso,entrenamiento,Falso,https://chequeado.com/ultimas-noticias/es-falso-que-la-ley-electoral-venezolana-no-permite-ingresar-a-votar-con-telefonos-celulares/
es-falso-que-la-ley-que-prohibe-el-cambio-de-uso-de-las-tierras-incendiadas-en-espana-termino-con-los-siniestros,la ley que prohíbe el cambio de uso de las tierras incendiadas en España terminó con los siniestros,falso,entrenamiento,Falso,https://chequeado.com/verificacionfb/es-falso-que-la-ley-que-prohibe-el-cambio-de-uso-de-las-tierras-incendiadas-en-espana-termino-con-los-siniestros/
es-falso-que-la-lider-opositora-venezolana-maria-corina-machado-fue-herida-y-atendida-en-un-hospital,la líder opositora venezolana María Corina Machado fue herida y atendida en un hospital,falso,entrenamiento,Falso,https://chequeado.com/ultimas-noticias/es-falso-que-la-lider-opositora-venezolana-maria-corina-machado-fue-herida-y-atendida-en-un-hospital/
es-falso-que-la-linea-h-se-inundo-luego-del-temporal-de-diciembre,la línea H se inundó luego del temporal de diciembre,falso,entrenamiento,Falso,https://chequeado.com/verificacionfb/es-falso-que-la-linea-h-se-inundo-luego-del-temporal-de-diciembre/
es-falso-que-la-luz-ultravioleta-predice-el-resultado-de-los-test-de-antigeno-de-coronavirus,la luz ultravioleta predice el resultado de los test de antígeno de coronavirus,falso,entrenamiento,Falso (título),https://chequeado.com/verificacionfb/es-falso-que-la-luz-ultravioleta-predice-el-resultado-de-los-test-de-antigeno-de-coronavirus/
es-falso-que-la-madre-de-kylian-mbappe-es-paraguaya,la madre de Kylian Mbappé es paraguaya,falso,entrenamiento,Falso,https://chequeado.com/ultimas-noticias/es-falso-que-la-madre-de-kylian-mbappe-es-paraguaya/
es-falso-que-la-ministra-sabina-frederic-levanto-todo-los-controles-ruteros-de-la-gendarmeria,la ministra Sabina Frederic levantó todos los controles ruteros de la Gendarmería,falso,entrenamiento,Falso,https://chequeado.com/verificacionfb/es-falso-que-la-ministra-sabina-frederic-levanto-todo-los-controles-ruteros-de-la-gendarmeria/
es-falso-que-la-mitad-de-los-estudiantes-de-medicina-de-la-uba-son-extranjeros,la mitad de los estudiantes de Medicina de la UBA son extranjeros,falso,entrenamiento,Falso,https://chequeado.com/ultimas-noticias/es-falso-que-la-mitad-de-los-estudiantes-de-medicina-de-la-uba-son-extranjeros/
es-falso-que-la-monja-que-recibio-los-bolsos-de-jose-lopez-aparece-como-desaparecida-por-la-dictadura-uruguaya,la monja que recibió los bolsos de José López aparece como desaparecida por la dictadura uruguaya,falso,entrenamiento,Falso,https://chequeado.com/verificacionfb/es-falso-que-la-monja-que-recibio-los-bolsos-de-jose-lopez-aparece-como-desaparecida-por-la-dictadura-uruguaya/
es-falso-que-la-nasa-anuncio-la-fecha-de-la-posible-destruccion-de-la-tierra,la NASA anunció la fecha de la posible destrucción de la Tierra,falso,entrenamiento,Falso (título),https://chequeado.com/verificacionfb/es-falso-que-la-nasa-anuncio-la-fecha-de-la-posible-destruccion-de-la-tierra/
es-falso-que-la-nasa-encontro-un-universo-paralelo-en-la-antartida,la NASA encontró un universo paralelo en la Antártida,falso,entrenamiento,Falso,https://chequeado.com/ultimas-noticias/es-falso-que-la-nasa-encontro-un-universo-paralelo-en-la-antartida/
es-falso-que-la-nasa-utiliza-las-fotos-de-una-isla-de-canada-para-simular-que-se-trata-del-planeta-marte,la NASA utiliza las fotos de una isla de Canadá para simular que se trata del planeta Marte,falso,validacion,Falso,https://chequeado.com/ultimas-noticias/es-falso-que-la-nasa-utiliza-las-fotos-de-una-isla-de-canada-para-simular-que-se-trata-del-planeta-marte/
es-falso-que-la-nieve-sea-artificial-o-parte-de-un-plan-de-geoingenieria-porque-no-se-derrite-con-fuego,la nieve sea artificial o parte de un plan de geoingeniería porque no se derrite con fuego,falso,entrenamiento,Falso,https://chequeado.com/ultimas-noticias/es-falso-que-la-nieve-sea-artificial-o-parte-de-un-plan-de-geoingenieria-porque-no-se-derrite-con-fuego/
es-falso-que-la-oms-alerto-sobre-un-nuevo-brote-del-virus-nipah,la OMS alertó sobre un nuevo brote del virus Nipah,falso,entrenamiento,Falso,https://chequeado.com/verificacionfb/es-falso-que-la-oms-alerto-sobre-un-nuevo-brote-del-virus-nipah/
es-falso-que-la-oms-exigio-la-prohibicion-del-consumo-mundial-de-carne-para-2025,la OMS exigió la prohibición del consumo mundial de carne para 2025,falso,entrenamiento,Falso,https://chequeado.com/ultimas-noticias/es-falso-que-la-oms-exigio-la-prohibicion-del-consumo-mundial-de-carne-para-2025/
es-falso-que-la-onu-confirmo-crimenes-de-lesa-humanidad-cometidos-por-el-ejercito-ucraniano,la ONU confirmó crímenes de lesa humanidad cometidos por el ejército ucraniano,falso,entrenamiento,Falso (título),https://chequeado.com/verificacionfb/es-falso-que-la-onu-confirmo-crimenes-de-lesa-humanidad-cometidos-por-el-ejercito-ucraniano/
es-falso-que-la-onu-determino-que-existen-112-generos,la ONU determinó que existen 112 géneros,falso,entrenamiento,Falso,https://chequeado.com/verificacionfb/es-falso-que-la-onu-determino-que-existen-112-generos/
es-falso-que-la-onu-preve-la-implantacion-de-chips-a-toda-la-humanidad-antes-de-2030,la ONU prevé la implantación de chips a toda la humanidad antes de 2030,falso,entrenamiento,Falso,https://chequeado.com/ultimas-noticias/es-falso-que-la-onu-preve-la-implantacion-de-chips-a-toda-la-humanidad-antes-de-2030/
es-falso-que-la-onu-quiere-implementar-un-chip-biometrico-en-todas-las-personas-del-mundo-en-2030,la ONU quiere implementar un chip biométrico en todas las personas del mundo en 2030,falso,entrenamiento,Falso,https://chequeado.com/verificacionfb/es-falso-que-la-onu-quiere-implementar-un-chip-biometrico-en-todas-las-personas-del-mundo-en-2030/
es-falso-que-la-plataforma-de-videojuegos-roblox-sera-eliminada-a-nivel-mundial,la plataforma de videojuegos Roblox será eliminada a nivel mundial,falso,entrenamiento,Falso,https://chequeado.com/ultimas-noticias/es-falso-que-la-plataforma-de-videojuegos-roblox-sera-eliminada-a-nivel-mundial/
es-falso-que-la-presidenta-de-correo-argentino-fue-acusada-de-cambiar-telegramas-en-las-elecciones-de-2015-y-2019,la presidenta de Correo Argentino fue acusada de cambiar telegramas en las elecciones de 2015 y 2019,falso,entrenamiento,Falso,https://chequeado.com/ultimas-noticias/es-falso-que-la-presidenta-de-correo-argentino-fue-acusada-de-cambiar-telegramas-en-las-elecciones-de-2015-y-2019/
es-falso-que-la-presidenta-de-la-comision-europea-ursula-von-der-leyen-pidio-que-se-elimine-el-codigo-de-nuremberg,"la presidenta de la Comisión Europea, Ursula von der Leyen, pidió que se elimine el Código de Núremberg",falso,entrenamiento,Falso (título),https://chequeado.com/verificacionfb/es-falso-que-la-presidenta-de-la-comision-europea-ursula-von-der-leyen-pidio-que-se-elimine-el-codigo-de-nuremberg/
es-falso-que-la-presidenta-del-correo-argentino-fue-denunciada-por-manipular-telegramas-de-escrutinio-en-2015-y-2019,la presidenta del Correo Argentino fue denunciada por manipular telegramas de escrutinio en 2015 y 2019,falso,entrenamiento,Falso,https://chequeado.com/verificacionfb/es-falso-que-la-presidenta-del-correo-argentino-fue-denunciada-por-manipular-telegramas-de-escrutinio-en-2015-y-2019/
es-falso-que-la-proteina-spike-que-generan-las-vacunas-contra-el-coronavirus-de-arn-mensajero-sea-toxica,la proteína Spike  que generan las vacunas contra el coronavirus de ARN mensajero sea tóxica,falso,entrenamiento,Falso (título),https://chequeado.com/verificacionfb/es-falso-que-la-proteina-spike-que-generan-las-vacunas-contra-el-coronavirus-de-arn-mensajero-sea-toxica/
es-falso-que-la-provincia-de-buenos-aires-establecio-el-uso-obligatorio-de-barbijo-desde-el-proximo-13-de-abril,la Provincia de Buenos Aires estableció el uso obligatorio de barbijo desde el próximo 13 de abril,falso,entrenamiento,Falso,https://chequeado.com/verificacionfb/es-falso-que-la-provincia-de-buenos-aires-establecio-el-uso-obligatorio-de-barbijo-desde-el-proximo-13-de-abril/
es-falso-que-la-red-5g-causa-sintomas-de-gripe-y-que-provoco-la-pandemia,la red 5G causa síntomas de gripe y que provocó la pandemia,falso,entrenamiento,Falso,https://chequeado.com/verificacionfb/es-falso-que-la-red-5g-causa-sintomas-de-gripe-y-que-provoco-la-pandemia/
es-falso-que-la-reina-letizia-de-espana-no-se-vacuno-contra-el-coronavirus,la reina Letizia de España no se vacunó contra el coronavirus,falso,validacion,Falso,https://chequeado.com/verificacionfb/es-falso-que-la-reina-letizia-de-espana-no-se-vacuno-contra-el-coronavirus/
es-falso-que-la-sangre-de-personas-vacunadas-contiene-grafeno-y-que-no-es-apta-para-donar-a-la-cruz-roja,la sangre de personas vacunadas contiene grafeno y que no es apta para donar a la Cruz Roja,falso,validacion,Falso,https://chequeado.com/verificacionfb/es-falso-que-la-sangre-de-personas-vacunadas-contiene-grafeno-y-que-no-es-apta-para-donar-a-la-cruz-roja/
es-falso-que-la-seleccion-de-marruecos-subio-una-foto-oficial-tapando-a-mujeres-la-imagen-esta-editada,la Selección de Marruecos subió una foto oficial tapando a mujeres: la imagen está editada,falso,entrenamiento,Falso,https://chequeado.com/ultimas-noticias/es-falso-que-la-seleccion-de-marruecos-subio-una-foto-oficial-tapando-a-mujeres-la-imagen-esta-editada/
es-falso-que-la-tenista-dalila-jakupovic-se-desmayo-durante-un-partido-tras-la-vacunacion-contra-el-coronavirus,la tenista Dalila Jakupovic se desmayó durante un partido tras la vacunación contra el coronavirus,falso,entrenamiento,Falso (título),https://chequeado.com/verificacionfb/es-falso-que-la-tenista-dalila-jakupovic-se-desmayo-durante-un-partido-tras-la-vacunacion-contra-el-coronavirus/
es-falso-que-la-tierra-esta-girando-mas-rapido-y-por-eso-los-dias-duran-16-horas-como-indica-un-video-viral,"la Tierra está girando más rápido y por eso los días duran 16 horas, como indica un video viral",falso,entrenamiento,Falso,https://chequeado.com/ultimas-noticias/es-falso-que-la-tierra-esta-girando-mas-rapido-y-por-eso-los-dias-duran-16-horas-como-indica-un-video-viral/
es-falso-que-la-universidad-de-harvard-corrigio-las-faltas-ortograficas-de-esta-carta-enviada-por-el-gobierno-de-trump,la Universidad de Harvard corrigió las faltas ortográficas de esta carta enviada por el gobierno de Trump,falso,entrenamiento,Falso,https://chequeado.com/ultimas-noticias/es-falso-que-la-universidad-de-harvard-corrigio-las-faltas-ortograficas-de-esta-carta-enviada-por-el-gobierno-de-trump/
es-falso-que-la-urna-con-una-cinta-rota-en-la-rioja-confirme-que-se-cometio-fraude-como-circula-en-redes,"la urna con una cinta rota en La Rioja confirme que se cometió fraude, como circula en redes",falso,entrenamiento,Falso,https://chequeado.com/ultimas-noticias/es-falso-que-la-urna-con-una-cinta-rota-en-la-rioja-confirme-que-se-cometio-fraude-como-circula-en-redes/
es-falso-que-la-vacuna-contra-el-nuevo-coronavirus-existe-desde-2001,la vacuna contra el nuevo coronavirus existe desde 2001,falso,validacion,Falso,https://chequeado.com/verificacionfb/es-falso-que-la-vacuna-contra-el-nuevo-coronavirus-existe-desde-2001/
es-falso-que-la-vacuna-covid-19-de-johnson-johnson-es-la-culpable-del-aumento-de-hepatitis-infantil-en-el-reino-unido,la vacuna COVID-19 de Johnson & Johnson es la culpable del aumento de hepatitis infantil en el Reino Unido,falso,validacion,Falso (título),https://chequeado.com/verificacionfb/es-falso-que-la-vacuna-covid-19-de-johnson-johnson-es-la-culpable-del-aumento-de-hepatitis-infantil-en-el-reino-unido/
es-falso-que-la-vacuna-covid-19-se-aplico-sin-usar-grupo-de-control-en-los-estudios-como-dijo-el-ministerio-de-salud-tras-la-visita-de-kennedy,"la vacuna COVID-19 se aplicó sin usar grupo de control en los estudios,  como dijo el Ministerio de Salud tras la visita de Kennedy",falso,validacion,Falso,https://chequeado.com/ultimas-noticias/es-falso-que-la-vacuna-covid-19-se-aplico-sin-usar-grupo-de-control-en-los-estudios-como-dijo-el-ministerio-de-salud-tras-la-visita-de-kennedy/
es-falso-que-la-vacuna-espanola-contra-el-coronavirus-protege-contra-la-viruela-del-mono-el-sida-el-cancer-y-el-ebola,"la vacuna española contra el coronavirus protege contra la viruela del mono, el sida, el cáncer y el ébola",falso,validacion,Falso,https://chequeado.com/verificacionfb/es-falso-que-la-vacuna-espanola-contra-el-coronavirus-protege-contra-la-viruela-del-mono-el-sida-el-cancer-y-el-ebola/
es-falso-que-la-vacunacion-contra-el-coronavirus-genera-muertes-y-que-esta-creando-nuevas-variantes,la vacunación contra el coronavirus genera muertes y que está creando nuevas variantes,falso,entrenamiento,Falso,https://chequeado.com/verificacionfb/es-falso-que-la-vacunacion-contra-el-coronavirus-genera-muertes-y-que-esta-creando-nuevas-variantes/
es-falso-que-la-vacunacion-durante-el-embarazo-puede-causar-autismo-o-enfermedades-mentales-en-los-bebes,la vacunación durante el embarazo puede causar autismo o enfermedades mentales en los bebés,falso,entrenamiento,Falso (título),https://chequeado.com/verificacionfb/es-falso-que-la-vacunacion-durante-el-embarazo-puede-causar-autismo-o-enfermedades-mentales-en-los-bebes/
es-falso-que-la-viruela-del-mono-es-un-efecto-secundario-de-las-vacunas-covid-19,la viruela del mono es un efecto secundario de las vacunas  COVID-19,falso,entrenamiento,Falso,https://chequeado.com/verificacionfb/es-falso-que-la-viruela-del-mono-es-un-efecto-secundario-de-las-vacunas-covid-19/
es-falso-que-lady-gaga-uso-un-audio-con-la-voz-de-cristina-fernandez-de-kirchner-durante-un-concierto-en-las-vegas-el-video-esta-editado,Lady Gaga usó un audio con la voz de Cristina Fernández de Kirchner durante un concierto en Las Vegas: el video está editado,falso,entrenamiento,Falso,https://chequeado.com/ultimas-noticias/es-falso-que-lady-gaga-uso-un-audio-con-la-voz-de-cristina-fernandez-de-kirchner-durante-un-concierto-en-las-vegas-el-video-esta-editado/
es-falso-que-las-banderas-lgbt-estaran-prohibidas-en-el-mundial-de-clubes-de-la-fifa-2025,las banderas LGBT+ estarán prohibidas en el Mundial de Clubes de la FIFA 2025,falso,entrenamiento,Falso,https://chequeado.com/ultimas-noticias/es-falso-que-las-banderas-lgbt-estaran-prohibidas-en-el-mundial-de-clubes-de-la-fifa-2025/
es-falso-que-las-cataratas-del-iguazu-estan-cerradas-por-una-crecida-del-rio-el-video-es-de-2014,las Cataratas del Iguazú están cerradas por una crecida del río: el video es de 2014,falso,entrenamiento,Falso,https://chequeado.com/ultimas-noticias/es-falso-que-las-cataratas-del-iguazu-estan-cerradas-por-una-crecida-del-rio-el-video-es-de-2014/
es-falso-que-las-dietas-alcalinas-sean-efectivas-contra-el-coronavirus,las dietas alcalinas sean efectivas contra el coronavirus,falso,entrenamiento,Falso,https://chequeado.com/verificacionfb/es-falso-que-las-dietas-alcalinas-sean-efectivas-contra-el-coronavirus/
es-falso-que-las-estelas-que-dejan-los-aviones-en-el-cielo-contienen-toxicos-que-precipitan-con-la-lluvia,las estelas que dejan los aviones en el cielo contienen tóxicos que precipitan con la lluvia,falso,validacion,Falso,https://chequeado.com/ultimas-noticias/es-falso-que-las-estelas-que-dejan-los-aviones-en-el-cielo-contienen-toxicos-que-precipitan-con-la-lluvia/
es-falso-que-las-pruebas-pcr-vienen-con-resultados-positivos-o-negativos-de-origen,las pruebas PCR vienen con resultados positivos o negativos de origen,falso,entrenamiento,Falso,https://chequeado.com/verificacionfb/es-falso-que-las-pruebas-pcr-vienen-con-resultados-positivos-o-negativos-de-origen/
es-falso-que-las-salas-de-urgencia-en-ontario-canada-se-llenaron-de-pacientes-vacunados-contra-el-coronavirus,"las salas de urgencia en Ontario, Canadá, se llenaron de pacientes vacunados contra el coronavirus",falso,entrenamiento,Falso (título),https://chequeado.com/verificacionfb/es-falso-que-las-salas-de-urgencia-en-ontario-canada-se-llenaron-de-pacientes-vacunados-contra-el-coronavirus/
es-falso-que-las-vacunas-contra-el-coronavirus-causan-abortos-espontaneos,las vacunas contra el coronavirus causan abortos espontáneos,falso,entrenamiento,Falso,https://chequeado.com/verificacionfb/es-falso-que-las-vacunas-contra-el-coronavirus-causan-abortos-espontaneos/
es-falso-que-las-vacunas-contra-la-covid-19-contienen-metales-pesados-y-que-el-cilantro-es-capaz-de-sacarlos-del-cuerpo-humano,las vacunas contra la COVID-19 contienen metales pesados y que el cilantro es capaz de sacarlos del cuerpo humano,falso,validacion,Falso,https://chequeado.com/ultimas-noticias/es-falso-que-las-vacunas-contra-la-covid-19-contienen-metales-pesados-y-que-el-cilantro-es-capaz-de-sacarlos-del-cuerpo-humano/
es-falso-que-las-vacunas-contra-la-covid-19-fueron-disenadas-para-sacrificar-a-millones-de-humanos,las vacunas contra la COVID-19 fueron diseñadas para sacrificar a millones de humanos,falso,entrenamiento,Falso,https://chequeado.com/ultimas-noticias/es-falso-que-las-vacunas-contra-la-covid-19-fueron-disenadas-para-sacrificar-a-millones-de-humanos/
es-falso-que-las-vacunas-de-arn-mensajero-interfieren-en-el-funcionamiento-de-ciertos-genes-y-producen-infertilidad,las vacunas de ARN mensajero interfieren en el funcionamiento de ciertos genes y producen infertilidad,falso,entrenamiento,Falso,https://chequeado.com/verificacionfb/es-falso-que-las-vacunas-de-arn-mensajero-interfieren-en-el-funcionamiento-de-ciertos-genes-y-producen-infertilidad/
es-falso-que-las-vacunas-de-arn-mensajero-modifican-el-adn-humano,las vacunas de ARN mensajero modifican el ADN humano,falso,entrenamiento,Falso,https://chequeado.com/verificacionfb/es-falso-que-las-vacunas-de-arn-mensajero-modifican-el-adn-humano/
es-falso-que-levantarse-rapidamente-de-la-cama-durante-la-noche-aumenta-el-riesgo-de-accidente-cerebrovascular,levantarse rápidamente de la cama durante la noche aumenta el riesgo de accidente cerebrovascular,falso,entrenamiento,Falso,https://chequeado.com/ultimas-noticias/es-falso-que-levantarse-rapidamente-de-la-cama-durante-la-noche-aumenta-el-riesgo-de-accidente-cerebrovascular/
es-falso-que-lionel-messi-llego-a-qatar-con-una-valija-que-tenia-el-escudo-de-boca,Lionel Messi llegó a Qatar con una valija que tenía el escudo de Boca,falso,entrenamiento,Falso,https://chequeado.com/ultimas-noticias/es-falso-que-lionel-messi-llego-a-qatar-con-una-valija-que-tenia-el-escudo-de-boca/
es-falso-que-lionel-messi-publico-una-historia-de-instagram-con-la-camiseta-de-mexico-como-trapo-de-piso,Messi publicó una historia de Instagram con la camiseta de México como trapo de piso,falso,entrenamiento,Falso,https://chequeado.com/ultimas-noticias/es-falso-que-lionel-messi-publico-una-historia-de-instagram-con-la-camiseta-de-mexico-como-trapo-de-piso/
es-falso-que-lisandro-martinez-evito-darle-la-mano-a-donald-trump-durante-la-premiacion-del-mundial-2026,Lisandro Martínez evitó darle la mano a Donald Trump durante la premiación del Mundial 2026,falso,entrenamiento,Falso,https://chequeado.com/ultimas-noticias/es-falso-que-lisandro-martinez-evito-darle-la-mano-a-donald-trump-durante-la-premiacion-del-mundial-2026/
es-falso-que-llego-a-la-argentina-un-cargamento-de-arroz-contaminado-procedente-de-pakistan,llegó a la Argentina un cargamento de arroz contaminado procedente de Pakistán,falso,entrenamiento,Falso,https://chequeado.com/ultimas-noticias/es-falso-que-llego-a-la-argentina-un-cargamento-de-arroz-contaminado-procedente-de-pakistan/
es-falso-que-los-acusados-del-crimen-de-baez-sosa-gozan-de-prision-domiciliaria,los acusados del crimen de Báez Sosa gozan de prisión domiciliaria,falso,entrenamiento,Falso,https://chequeado.com/verificacionfb/es-falso-que-los-acusados-del-crimen-de-baez-sosa-gozan-de-prision-domiciliaria/
es-falso-que-los-cdc-de-los-estados-unidos-prohibieron-el-uso-de-los-test-de-pcr-contra-el-coronavirus,los CDC de los Estados Unidos prohibieron el uso de los test de PCR contra el coronavirus,falso,entrenamiento,Falso (título),https://chequeado.com/verificacionfb/es-falso-que-los-cdc-de-los-estados-unidos-prohibieron-el-uso-de-los-test-de-pcr-contra-el-coronavirus/
es-falso-que-los-efectos-secundarios-de-las-vacunas-contra-la-covid-19-en-inglaterra-sean-potencialmente-toxicos,los efectos secundarios de las vacunas contra la COVID-19 en Inglaterra sean potencialmente tóxicos,falso,entrenamiento,Falso,https://chequeado.com/verificacionfb/es-falso-que-los-efectos-secundarios-de-las-vacunas-contra-la-covid-19-en-inglaterra-sean-potencialmente-toxicos/
es-falso-que-los-hijos-del-intendente-de-malvinas-argentinas-trabajan-en-el-conicet-y-cobran-360-mil,los hijos del intendente de Malvinas Argentinas trabajan en el Conicet y cobran $360 mil,falso,entrenamiento,Falso,https://chequeado.com/verificacionfb/es-falso-que-los-hijos-del-intendente-de-malvinas-argentinas-trabajan-en-el-conicet-y-cobran-360-mil/
es-falso-que-los-incendios-en-tenerife-y-hawai-fueron-causados-por-supuestas-armas-de-rayos-laser,los incendios en Tenerife y Hawai fueron causados por supuestas armas de rayos láser,falso,entrenamiento,Falso,https://chequeado.com/ultimas-noticias/es-falso-que-los-incendios-en-tenerife-y-hawai-fueron-causados-por-supuestas-armas-de-rayos-laser/
es-falso-que-los-manifestantes-en-brasil-robaron-la-copia-original-de-la-constitucion-brasilena,los manifestantes en Brasil robaron la versión original de la Constitución brasileña,falso,entrenamiento,Falso,https://chequeado.com/ultimas-noticias/es-falso-que-los-manifestantes-en-brasil-robaron-la-copia-original-de-la-constitucion-brasilena/
es-falso-que-los-pacientes-asintomaticos-son-sanos-y-no-contagian-el-virus,los pacientes asintomáticos son sanos y no contagian el virus,falso,validacion,Falso,https://chequeado.com/verificacionfb/es-falso-que-los-pacientes-asintomaticos-son-sanos-y-no-contagian-el-virus/
es-falso-que-los-pacientes-asintomaticos-son-un-invento-tal-como-lo-declaro-un-ex-ejecutivo-de-pfizer,"los pacientes asintomáticos son un invento, tal como lo declaró un ex ejecutivo de Pfizer",falso,entrenamiento,Falso,https://chequeado.com/verificacionfb/es-falso-que-los-pacientes-asintomaticos-son-un-invento-tal-como-lo-declaro-un-ex-ejecutivo-de-pfizer/
es-falso-que-los-posteos-sobre-este-accidente-ferroviario-en-estados-unidos-sean-actuales,los posteos sobre este accidente ferroviario en Estados Unidos sean actuales,falso,entrenamiento,Falso,https://chequeado.com/verificacionfb/es-falso-que-los-posteos-sobre-este-accidente-ferroviario-en-estados-unidos-sean-actuales/
es-falso-que-los-rugbiers-acusados-del-asesinato-a-fernando-baez-sosa-esten-en-sus-casas,los rugbiers acusados del asesinato a Fernando Báez Sosa estén en sus casas,falso,entrenamiento,Falso,https://chequeado.com/verificacionfb/es-falso-que-los-rugbiers-acusados-del-asesinato-a-fernando-baez-sosa-esten-en-sus-casas/
es-falso-que-los-termometros-infrarrojos-pueden-producir-danos-en-la-retina,los termómetros infrarrojos pueden producir daños en la retina,falso,entrenamiento,Falso,https://chequeado.com/verificacionfb/es-falso-que-los-termometros-infrarrojos-pueden-producir-danos-en-la-retina/
es-falso-que-los-test-rapidos-de-covid-19-vienen-con-resultados-preestablecidos,los test rápidos de COVID-19 vienen con resultados preestablecidos,falso,entrenamiento,Falso,https://chequeado.com/verificacionfb/es-falso-que-los-test-rapidos-de-covid-19-vienen-con-resultados-preestablecidos/
es-falso-que-los-vacunados-contra-el-coronavirus-son-detectables-por-bluetooth,los vacunados contra el coronavirus son detectables por Bluetooth,falso,entrenamiento,Falso,https://chequeado.com/verificacionfb/es-falso-que-los-vacunados-contra-el-coronavirus-son-detectables-por-bluetooth/
es-falso-que-lula-uso-una-banda-presidencial-falsa-en-su-asuncion,Lula usó una banda presidencial falsa en su asunción,falso,entrenamiento,Falso,https://chequeado.com/ultimas-noticias/es-falso-que-lula-uso-una-banda-presidencial-falsa-en-su-asuncion/
es-falso-que-macri-esta-imputado-por-intentar-privatizar-dos-centrales-termoelectricas-por-medio-de-un-decreto,Macri está imputado por intentar privatizar dos centrales termoeléctricas por medio de un decreto,falso,validacion,Falso,https://chequeado.com/verificacionfb/es-falso-que-macri-esta-imputado-por-intentar-privatizar-dos-centrales-termoelectricas-por-medio-de-un-decreto/
es-falso-que-macri-se-ubica-entre-los-tres-presidentes-mas-corruptos-del-mundo-segun-estados-unidos,"Macri se ubica entre los tres presidentes más corruptos del mundo, según Estados Unidos",falso,entrenamiento,Falso,https://chequeado.com/verificacionfb/es-falso-que-macri-se-ubica-entre-los-tres-presidentes-mas-corruptos-del-mundo-segun-estados-unidos/
es-falso-que-manuel-adorni-cobra-la-asignacion-universal-por-hijo-a-traves-de-su-esposa,Manuel Adorni cobra la Asignación Universal por Hijo a través de su esposa,falso,entrenamiento,Falso,https://chequeado.com/ultimas-noticias/es-falso-que-manuel-adorni-cobra-la-asignacion-universal-por-hijo-a-traves-de-su-esposa/
es-falso-que-manuel-adorni-esta-usando-un-reloj-rolex-de-us-14-mil-de-dolares-en-esta-foto,Manuel Adorni está usando un reloj Rolex de US$ 14 mil en esta foto,falso,entrenamiento,Falso,https://chequeado.com/ultimas-noticias/es-falso-que-manuel-adorni-esta-usando-un-reloj-rolex-de-us-14-mil-de-dolares-en-esta-foto/
es-falso-que-marcelo-tinelli-no-hizo-las-obras-prometidas-en-el-hospital-garrahan,Marcelo Tinelli no hizo las obras prometidas en el Hospital Garrahan,falso,entrenamiento,Falso,https://chequeado.com/verificacionfb/es-falso-que-marcelo-tinelli-no-hizo-las-obras-prometidas-en-el-hospital-garrahan/
es-falso-que-margarita-barrientos-denuncio-a-la-campora-por-agredir-un-camion-de-su-fundacion-durante-el-paro-de-esta-semana,Margarita Barrientos denunció a La Cámpora por agredir un camión de su fundación durante el paro de esta semana,falso,entrenamiento,Falso,https://chequeado.com/verificacionfb/es-falso-que-margarita-barrientos-denuncio-a-la-campora-por-agredir-un-camion-de-su-fundacion-durante-el-paro-de-esta-semana/
es-falso-que-martin-menem-aparece-en-esta-imagen-con-jeffrey-epstein-el-hombre-de-la-foto-original-es-el-empresario-ahmed-bin-sulayem,Martín Menem aparece en esta imagen con Jeffrey Epstein: el hombre de la foto original es el empresario Ahmed Bin Sulayem,falso,entrenamiento,Falso,https://chequeado.com/ultimas-noticias/es-falso-que-martin-menem-aparece-en-esta-imagen-con-jeffrey-epstein-el-hombre-de-la-foto-original-es-el-empresario-ahmed-bin-sulayem/
es-falso-que-mataron-a-un-kirchnerista-mientras-rompia-un-silobolsa-en-santa-fe,mataron a un kirchnerista mientras rompía un silobolsa en Santa Fe,falso,entrenamiento,Falso,https://chequeado.com/verificacionfb/es-falso-que-mataron-a-un-kirchnerista-mientras-rompia-un-silobolsa-en-santa-fe/
es-falso-que-mauricio-macri-bajo-a-silvia-lospennato-y-llamo-a-votar-por-manuel-adorni,Mauricio Macri bajó a Silvia Lospennato y llamó a votar por Manuel Adorni en las elecciones legislativas porteñas,falso,entrenamiento,Falso,https://chequeado.com/ultimas-noticias/es-falso-que-mauricio-macri-bajo-a-silvia-lospennato-y-llamo-a-votar-por-manuel-adorni/
es-falso-que-mauricio-macri-homenajeo-a-margaret-thatcher-en-las-islas-malvinas,Mauricio Macri homenajeó a Margaret Thatcher en las Islas Malvinas,falso,entrenamiento,Falso,https://chequeado.com/verificacionfb/es-falso-que-mauricio-macri-homenajeo-a-margaret-thatcher-en-las-islas-malvinas/
es-falso-que-mauricio-macri-llamo-a-votar-al-partido-provincias-unidas-en-las-elecciones-legislativas-2025-en-este-video-esta-editado-con-ia,Mauricio Macri llamó a votar al partido Provincias Unidas en las elecciones legislativas 2025 en este video: está editado con IA,falso,entrenamiento,Falso,https://chequeado.com/ultimas-noticias/es-falso-que-mauricio-macri-llamo-a-votar-al-partido-provincias-unidas-en-las-elecciones-legislativas-2025-en-este-video-esta-editado-con-ia/
es-falso-que-maxima-zorreguieta-hizo-una-donacion-a-hospitales-argentinos-durante-el-g20,Máxima Zorreguieta hizo una donación a hospitales argentinos durante el G20,falso,entrenamiento,Falso,https://chequeado.com/verificacionfb/es-falso-que-maxima-zorreguieta-hizo-una-donacion-a-hospitales-argentinos-durante-el-g20/
es-falso-que-maximo-kirchner-dijo-que-sera-candidato-a-presidente-en-2019,Máximo Kirchner dijo que será candidato a Presidente en 2019,falso,validacion,Falso,https://chequeado.com/verificacionfb/es-falso-que-maximo-kirchner-dijo-que-sera-candidato-a-presidente-en-2019/
es-falso-que-mayra-mendoza-esta-presente-en-el-mundial-de-qatar-2022,Mayra Mendoza está presente en el Mundial de Qatar 2022,falso,entrenamiento,Falso,https://chequeado.com/ultimas-noticias/es-falso-que-mayra-mendoza-esta-presente-en-el-mundial-de-qatar-2022/
es-falso-que-mbappe-se-refirio-a-la-megamineria-y-a-los-agrotoxicos-en-la-argentina-tras-la-final-del-mundial-2022,Mbappé se refirió a la megaminería y a los agrotóxicos en la Argentina tras la final del Mundial 2022,falso,entrenamiento,Falso,https://chequeado.com/ultimas-noticias/es-falso-que-mbappe-se-refirio-a-la-megamineria-y-a-los-agrotoxicos-en-la-argentina-tras-la-final-del-mundial-2022/
es-falso-que-medicos-de-los-ee-uu-esten-operando-a-ninos-con-labio-leporino-en-el-hospital-militar-la-cadena-viral-circula-desde-2014-en-toda-la-region,médicos de los EE.UU. estén operando a niños con labio leporino en el Hospital Militar: la cadena viral circula desde 2014 en toda la región,falso,entrenamiento,Falso,https://chequeado.com/ultimas-noticias/es-falso-que-medicos-de-los-ee-uu-esten-operando-a-ninos-con-labio-leporino-en-el-hospital-militar-la-cadena-viral-circula-desde-2014-en-toda-la-region/
es-falso-que-messi-y-antonela-se-fueron-de-vacaciones-a-ibiza-durante-el-mundial-2026-las-fotos-son-de-2022,Messi y Antonela se fueron de vacaciones a Ibiza durante el Mundial 2026: las fotos son de 2022,falso,entrenamiento,Falso,https://chequeado.com/ultimas-noticias/es-falso-que-messi-y-antonela-se-fueron-de-vacaciones-a-ibiza-durante-el-mundial-2026-las-fotos-son-de-2022/
es-falso-que-meta-ai-envie-este-mensaje-que-alerta-sobre-la-suspension-de-la-cuenta-se-trata-de-un-caso-de-phishing,Meta AI envíe este mensaje que alerta sobre la suspensión de la cuenta: se trata de un caso de phishing,falso,entrenamiento,Falso,https://chequeado.com/ultimas-noticias/es-falso-que-meta-ai-envie-este-mensaje-que-alerta-sobre-la-suspension-de-la-cuenta-se-trata-de-un-caso-de-phishing/
es-falso-que-mil-vacunados-de-coronavirus-murieron-en-inglaterra,mil vacunados de coronavirus murieron en Inglaterra,falso,entrenamiento,Falso,https://chequeado.com/verificacionfb/es-falso-que-mil-vacunados-de-coronavirus-murieron-en-inglaterra/
es-falso-que-milei-anuncio-que-una-empresa-israeli-se-encargara-de-contar-los-votos-de-las-elecciones-2027,Milei anunció que una empresa israelí se encargará de contar los votos de las Elecciones 2027,falso,validacion,Falso,https://chequeado.com/ultimas-noticias/es-falso-que-milei-anuncio-que-una-empresa-israeli-se-encargara-de-contar-los-votos-de-las-elecciones-2027/
es-falso-que-milei-diera-un-ultimatum-a-reino-unido-por-las-islas-malvinas-el-supuesto-comunicado-salio-de-una-cuenta-parodia-en-x,Milei diera un ultimátum a Reino Unido por las Islas Malvinas: el supuesto comunicado salió de una cuenta parodia en X,falso,entrenamiento,Falso,https://chequeado.com/ultimas-noticias/es-falso-que-milei-diera-un-ultimatum-a-reino-unido-por-las-islas-malvinas-el-supuesto-comunicado-salio-de-una-cuenta-parodia-en-x/
es-falso-que-milei-difundio-este-tuit-que-insulta-a-los-jubilados-que-marcharon-en-contra-del-veto-a-la-ultima-ley-de-movilidad-jubilatoria,Milei difundió este tuit que insulta a los jubilados que marcharon en contra del veto a la última ley de movilidad jubilatoria,falso,entrenamiento,Falso,https://chequeado.com/ultimas-noticias/es-falso-que-milei-difundio-este-tuit-que-insulta-a-los-jubilados-que-marcharon-en-contra-del-veto-a-la-ultima-ley-de-movilidad-jubilatoria/
es-falso-que-murieron-por-coronavirus-43-mil-vacunados-en-la-argentina,murieron por coronavirus 43 mil vacunados en la Argentina,falso,entrenamiento,Falso (título),https://chequeado.com/verificacionfb/es-falso-que-murieron-por-coronavirus-43-mil-vacunados-en-la-argentina/
es-falso-que-murio-el-cantante-marco-antonio-solis,murió el cantante Marco Antonio Solís,falso,entrenamiento,Falso,https://chequeado.com/verificacionfb/es-falso-que-murio-el-cantante-marco-antonio-solis/
es-falso-que-murio-el-ex-futbolista-brasileno-pele,murió el ex futbolista brasileño Pelé,falso,entrenamiento,Falso,https://chequeado.com/ultimas-noticias/es-falso-que-murio-el-ex-futbolista-brasileno-pele/
es-falso-que-murio-la-enfermera-que-se-desmayo-tras-ponerse-la-vacuna-contra-la-covid-19,murió la enfermera que se desmayó tras ponerse la vacuna contra la COVID-19,falso,entrenamiento,Falso,https://chequeado.com/verificacionfb/es-falso-que-murio-la-enfermera-que-se-desmayo-tras-ponerse-la-vacuna-contra-la-covid-19/
es-falso-que-no-asistio-gente-a-la-marcha-universitaria-del-23-de-abril-en-la-ciudad-de-cordoba,no asistió gente a la marcha universitaria del 23 de abril en la ciudad de Córdoba,falso,entrenamiento,Falso,https://chequeado.com/ultimas-noticias/es-falso-que-no-asistio-gente-a-la-marcha-universitaria-del-23-de-abril-en-la-ciudad-de-cordoba/
es-falso-que-no-este-probado-que-los-ninos-propagan-el-coronavirus-tal-como-afirma-un-medico-argentino-en-suecia,"no esté probado que los niños propagan el coronavirus, tal como afirma un médico argentino en Suecia",falso,validacion,Falso,https://chequeado.com/verificacionfb/es-falso-que-no-este-probado-que-los-ninos-propagan-el-coronavirus-tal-como-afirma-un-medico-argentino-en-suecia/
es-falso-que-pablo-echarri-fue-apedreado-y-que-lucha-por-su-vida,Pablo Echarri fue apedreado y que lucha por su vida,falso,entrenamiento,Falso,https://chequeado.com/verificacionfb/es-falso-que-pablo-echarri-fue-apedreado-y-que-lucha-por-su-vida/
es-falso-que-patricia-bullrich-fue-premiada-por-europol-porque-desde-2015-no-llego-droga-desde-el-pais-a-europa,Patricia Bullrich fue premiada por Europol porque desde 2015 no llegó droga desde el país a Europa,falso,entrenamiento,Falso,https://chequeado.com/verificacionfb/es-falso-que-patricia-bullrich-fue-premiada-por-europol-porque-desde-2015-no-llego-droga-desde-el-pais-a-europa/
es-falso-que-pfizer-anuncio-la-vacuna-contra-la-viruela-del-mono,Pfizer anunció la vacuna contra la viruela del mono,falso,entrenamiento,Falso,https://chequeado.com/verificacionfb/es-falso-que-pfizer-anuncio-la-vacuna-contra-la-viruela-del-mono/
es-falso-que-pfizer-desarrollo-pastillas-con-chips-para-alertar-a-las-autoridades-sobre-su-consumo,Pfizer desarrolló pastillas con chips para alertar a las autoridades sobre su consumo,falso,entrenamiento,Falso (título),https://chequeado.com/verificacionfb/es-falso-que-pfizer-desarrollo-pastillas-con-chips-para-alertar-a-las-autoridades-sobre-su-consumo/
es-falso-que-pincharle-los-dedos-y-las-orejas-a-una-persona-durante-un-acv-le-salva-la-vida,pincharle los dedos y las orejas a una persona durante un ACV le salva la vida,falso,validacion,Falso,https://chequeado.com/verificacionfb/es-falso-que-pincharle-los-dedos-y-las-orejas-a-una-persona-durante-un-acv-le-salva-la-vida/
es-falso-que-poner-una-cebolla-en-la-planta-del-pie-sirve-para-tratar-un-pico-de-presion,poner una cebolla en la planta del pie sirve para tratar un pico de presión,falso,entrenamiento,Falso,https://chequeado.com/ultimas-noticias/es-falso-que-poner-una-cebolla-en-la-planta-del-pie-sirve-para-tratar-un-pico-de-presion/
es-falso-que-ponerse-gotas-de-orina-en-los-ojos-cura-problemas-de-la-vista-su-uso-puede-ser-riesgoso,ponerse gotas de orina en los ojos cura problemas de la vista: su uso puede ser riesgoso,falso,entrenamiento,Falso,https://chequeado.com/ultimas-noticias/es-falso-que-ponerse-gotas-de-orina-en-los-ojos-cura-problemas-de-la-vista-su-uso-puede-ser-riesgoso/
es-falso-que-por-orden-de-milei-se-izo-una-bandera-de-estados-unidos-en-el-monumento-nacional-a-la-bandera-en-rosario,por orden de Milei se izó una bandera de Estados Unidos en el Monumento Nacional a la Bandera en Rosario,falso,entrenamiento,Falso,https://chequeado.com/ultimas-noticias/es-falso-que-por-orden-de-milei-se-izo-una-bandera-de-estados-unidos-en-el-monumento-nacional-a-la-bandera-en-rosario/
es-falso-que-portugal-emitio-una-moneda-conmemorativa-de-7-euros-con-la-imagen-de-cristiano-ronaldo,Portugal emitió una moneda conmemorativa de 7 euros con la imagen de Cristiano Ronaldo,falso,entrenamiento,Falso,https://chequeado.com/ultimas-noticias/es-falso-que-portugal-emitio-una-moneda-conmemorativa-de-7-euros-con-la-imagen-de-cristiano-ronaldo/
es-falso-que-putin-critico-al-feminismo-en-una-conferencia-de-prensa,Putin criticó al feminismo en una conferencia de prensa,falso,entrenamiento,Falso,https://chequeado.com/verificacionfb/es-falso-que-putin-critico-al-feminismo-en-una-conferencia-de-prensa/
es-falso-que-qatar-decidio-cancelar-el-mundial-tras-quedar-eliminado,Qatar decidió cancelar el Mundial tras quedar eliminado,falso,entrenamiento,Falso,https://chequeado.com/ultimas-noticias/es-falso-que-qatar-decidio-cancelar-el-mundial-tras-quedar-eliminado/
es-falso-que-quemaron-una-iglesia-y-un-perro-en-trelew-al-finalizar-el-encuentro-nacional-de-mujeres,quemaron una iglesia y un perro en Trelew al finalizar el Encuentro Nacional de Mujeres,falso,validacion,Falso,https://chequeado.com/verificacionfb/es-falso-que-quemaron-una-iglesia-y-un-perro-en-trelew-al-finalizar-el-encuentro-nacional-de-mujeres/
es-falso-que-recalde-admitio-no-haber-leido-la-reforma-laboral-su-frase-esta-sacada-de-contexto,Recalde admitió no haber leído la reforma laboral: su frase está sacada de contexto,falso,entrenamiento,Falso,https://chequeado.com/ultimas-noticias/es-falso-que-recalde-admitio-no-haber-leido-la-reforma-laboral-su-frase-esta-sacada-de-contexto/
es-falso-que-reformaron-el-codigo-penal-argentino,reformaron el Código Penal argentino,falso,entrenamiento,Falso,https://chequeado.com/verificacionfb/es-falso-que-reformaron-el-codigo-penal-argentino/
es-falso-que-remo-carlotto-se-ausento-83-veces-en-la-camara-de-diputados-durante-2017-y-tampoco-cobra-490-mil,Remo Carlotto se ausentó 83 veces en la Cámara de Diputados durante 2017 y tampoco cobra $490 mil,falso,validacion,Falso,https://chequeado.com/verificacionfb/es-falso-que-remo-carlotto-se-ausento-83-veces-en-la-camara-de-diputados-durante-2017-y-tampoco-cobra-490-mil/
es-falso-que-ricardo-canaletti-y-el-medico-espanol-ramon-cugat-promueven-una-supuesta-cura-para-la-artritis-en-este-video-la-grabacion-esta-manipulada,Ricardo Canaletti y el médico español Ramón Cugat promueven una supuesta cura para la artritis en este video: la grabación está manipulada,falso,entrenamiento,Falso,https://chequeado.com/ultimas-noticias/es-falso-que-ricardo-canaletti-y-el-medico-espanol-ramon-cugat-promueven-una-supuesta-cura-para-la-artritis-en-este-video-la-grabacion-esta-manipulada/
es-falso-que-ricky-martin-fue-golpeado-por-su-pareja,Ricky Martin fue golpeado por su pareja,falso,entrenamiento,Falso,https://chequeado.com/verificacionfb/es-falso-que-ricky-martin-fue-golpeado-por-su-pareja/
es-falso-que-robert-kennedy-jr-no-sugirio-que-el-covid-19-fue-disenado-deliberadamente-para-no-afectar-a-la-poblacion-judia,Robert Kennedy Jr. no sugirió que el COVID-19 fue diseñado deliberadamente para no afectar a la población judía,falso,validacion,Falso,https://chequeado.com/ultimas-noticias/es-falso-que-robert-kennedy-jr-no-sugirio-que-el-covid-19-fue-disenado-deliberadamente-para-no-afectar-a-la-poblacion-judia/
es-falso-que-roberto-lavagna-cobra-una-jubilacion-en-dolares,Roberto Lavagna cobra una jubilación en dólares,falso,validacion,Falso,https://chequeado.com/verificacionfb/es-falso-que-roberto-lavagna-cobra-una-jubilacion-en-dolares/
es-falso-que-rodriguez-larreta-publico-un-tuit-contra-el-hospital-de-clinicas,Rodríguez Larreta publicó un tuit contra el Hospital de Clínicas,falso,validacion,Falso,https://chequeado.com/verificacionfb/es-falso-que-rodriguez-larreta-publico-un-tuit-contra-el-hospital-de-clinicas/
es-falso-que-rusia-anuncio-una-orden-de-detencion-contra-george-soros,Rusia anunció una orden de detención contra George Soros,falso,validacion,Falso (título),https://chequeado.com/verificacionfb/es-falso-que-rusia-anuncio-una-orden-de-detencion-contra-george-soros/
es-falso-que-se-anula-el-voto-si-se-pega-el-sobre-adentro-del-cuarto-oscuro,se anula el voto si se pega el sobre adentro del cuarto oscuro,falso,entrenamiento,Falso,https://chequeado.com/ultimas-noticias/es-falso-que-se-anula-el-voto-si-se-pega-el-sobre-adentro-del-cuarto-oscuro/
es-falso-que-se-anulo-el-juicio-contra-juan-darthes,se anuló el juicio contra Juan Darthés,falso,entrenamiento,Falso,https://chequeado.com/verificacionfb/es-falso-que-se-anulo-el-juicio-contra-juan-darthes/
es-falso-que-se-confirmo-un-caso-de-coronavirus-en-chaco,se confirmó un caso de Coronavirus en Chaco,falso,entrenamiento,Falso,https://chequeado.com/verificacionfb/es-falso-que-se-confirmo-un-caso-de-coronavirus-en-chaco/
es-falso-que-se-construyo-una-replica-de-la-estatua-de-la-libertad-con-los-restos-de-una-casa-bombardeada-en-siria,se construyó una réplica de la Estatua de la Libertad con los restos de una casa bombardeada en Siria,falso,entrenamiento,Falso,https://chequeado.com/verificacionfb/es-falso-que-se-construyo-una-replica-de-la-estatua-de-la-libertad-con-los-restos-de-una-casa-bombardeada-en-siria/
es-falso-que-se-encuentran-vivos-3-desaparecidos-durante-la-ultima-dictadura-porque-figuran-en-los-padrones-electorales,se encuentran vivos 3 desaparecidos durante la última dictadura porque figuran en los padrones electorales,falso,entrenamiento,Falso (título),https://chequeado.com/verificacionfb/es-falso-que-se-encuentran-vivos-3-desaparecidos-durante-la-ultima-dictadura-porque-figuran-en-los-padrones-electorales/
es-falso-que-se-esta-instalando-una-base-militar-estadounidense-en-ushuaia,se está instalando una base militar estadounidense en Ushuaia,falso,validacion,Falso,https://chequeado.com/verificacionfb/es-falso-que-se-esta-instalando-una-base-militar-estadounidense-en-ushuaia/
es-falso-que-se-filtro-el-primer-spot-de-campana-de-cristina-fernandez-de-kirchner,se filtró el primer spot de campaña de Cristina Fernández de Kirchner,falso,entrenamiento,Falso,https://chequeado.com/verificacionfb/es-falso-que-se-filtro-el-primer-spot-de-campana-de-cristina-fernandez-de-kirchner/
es-falso-que-se-fundira-una-escultura-de-nestor-kirchner-para-restaurar-parte-de-las-rejas-de-la-casa-rosada,se fundirá una escultura de Néstor Kirchner para restaurar parte de las rejas de la Casa Rosada,falso,entrenamiento,Falso,https://chequeado.com/ultimas-noticias/es-falso-que-se-fundira-una-escultura-de-nestor-kirchner-para-restaurar-parte-de-las-rejas-de-la-casa-rosada/
es-falso-que-se-instala-en-la-argentina-el-primer-frigorifico-sudamericano-de-perros,se instala en la Argentina el primer frigorífico sudamericano de perros,falso,entrenamiento,Falso,https://chequeado.com/verificacionfb/es-falso-que-se-instala-en-la-argentina-el-primer-frigorifico-sudamericano-de-perros/
es-falso-que-se-invento-una-vacuna-contra-la-diabetes,se inventó una vacuna contra la diabetes,falso,entrenamiento,Falso,https://chequeado.com/verificacionfb/es-falso-que-se-invento-una-vacuna-contra-la-diabetes/
es-falso-que-se-prohibieron-las-pruebas-pcr-en-los-estados-unidos,se prohibieron las pruebas PCR en los Estados Unidos,falso,entrenamiento,Falso,https://chequeado.com/verificacionfb/es-falso-que-se-prohibieron-las-pruebas-pcr-en-los-estados-unidos/
es-falso-que-se-quintuplicaron-los-episodios-cardiacos-en-deportistas-de-alto-rendimiento-durante-la-pandemia,se quintuplicaron los episodios cardíacos en deportistas de alto rendimiento durante la pandemia,falso,entrenamiento,Falso (título),https://chequeado.com/verificacionfb/es-falso-que-se-quintuplicaron-los-episodios-cardiacos-en-deportistas-de-alto-rendimiento-durante-la-pandemia/
es-falso-que-se-usan-avisos-de-testeos-de-coronavirus-para-robar-en-la-ciudad-de-buenos-aires,se usan avisos de testeos de coronavirus para robar en la Ciudad de Buenos Aires,falso,entrenamiento,Falso,https://chequeado.com/verificacionfb/es-falso-que-se-usan-avisos-de-testeos-de-coronavirus-para-robar-en-la-ciudad-de-buenos-aires/
es-falso-que-se-utilizo-una-bandera-del-orgullo-lgbtq-en-un-acto-por-el-17-de-agosto-en-una-escuela-publica,se utilizó una bandera del orgullo LGBTQ en un acto por el 17 de agosto en una escuela pública,falso,entrenamiento,Falso,https://chequeado.com/ultimas-noticias/es-falso-que-se-utilizo-una-bandera-del-orgullo-lgbtq-en-un-acto-por-el-17-de-agosto-en-una-escuela-publica/
es-falso-que-sergio-maldonado-fue-procesado-por-estafa-y-hostigamiento-al-gobierno,Sergio Maldonado fue procesado por estafa y hostigamiento al Gobierno,falso,validacion,Falso,https://chequeado.com/verificacionfb/es-falso-que-sergio-maldonado-fue-procesado-por-estafa-y-hostigamiento-al-gobierno/
es-falso-que-sergio-massa-anuncio-la-eliminacion-de-los-planes-sociales,Sergio Massa anunció la eliminación de los planes sociales,falso,entrenamiento,Falso,https://chequeado.com/ultimas-noticias/es-falso-que-sergio-massa-anuncio-la-eliminacion-de-los-planes-sociales/
es-falso-que-shell-ofrece-3-meses-de-combustible-gratis,Shell ofrece 3 meses de combustible gratis,falso,entrenamiento,Falso,https://chequeado.com/verificacionfb/es-falso-que-shell-ofrece-3-meses-de-combustible-gratis/
es-falso-que-stanley-kubrick-confeso-en-una-entrevista-haber-filmado-la-llegada-del-hombre-a-la-luna,Stanley Kubrick confesó en una entrevista haber filmado la llegada del hombre a la Luna,falso,entrenamiento,Falso,https://chequeado.com/ultimas-noticias/es-falso-que-stanley-kubrick-confeso-en-una-entrevista-haber-filmado-la-llegada-del-hombre-a-la-luna/
es-falso-que-tani-el-hijo-de-alberto-fernandez-tiene-una-ferrari,"Tani, el hijo de Alberto Fernández, tiene una Ferrari",falso,entrenamiento,Falso,https://chequeado.com/ultimas-noticias/es-falso-que-tani-el-hijo-de-alberto-fernandez-tiene-una-ferrari/
es-falso-que-tani-fernandez-protagoniza-el-video-de-un-baile-al-ritmo-del-himno-nacional-argentino,Tani Fernández protagoniza el video de un baile al ritmo del himno nacional argentino,falso,entrenamiento,Falso,https://chequeado.com/verificacionfb/es-falso-que-tani-fernandez-protagoniza-el-video-de-un-baile-al-ritmo-del-himno-nacional-argentino/
es-falso-que-tesla-abrio-locales-en-la-argentina-en-diciembre-de-2023-las-fotos-que-circulan-en-redes-sociales-corresponden-a-sucursales-en-europa,Tesla abrió locales en la Argentina en diciembre de 2023; las fotos que circulan en redes sociales son de sucursales en Europa,falso,entrenamiento,Falso,https://chequeado.com/ultimas-noticias/es-falso-que-tesla-abrio-locales-en-la-argentina-en-diciembre-de-2023-las-fotos-que-circulan-en-redes-sociales-corresponden-a-sucursales-en-europa/
es-falso-que-thiago-messi-hijo-de-lionel-se-muda-a-espana-para-jugar-en-el-barcelona,"Thiago Messi, hijo de Lionel, se muda a España para jugar en el Barcelona",falso,entrenamiento,Falso,https://chequeado.com/ultimas-noticias/es-falso-que-thiago-messi-hijo-de-lionel-se-muda-a-espana-para-jugar-en-el-barcelona/
es-falso-que-todos-los-productos-arcor-traen-la-bacteria-salmonella,todos los productos Arcor traen la bacteria salmonella,falso,entrenamiento,Falso,https://chequeado.com/verificacionfb/es-falso-que-todos-los-productos-arcor-traen-la-bacteria-salmonella/
es-falso-que-trump-publico-este-comunicado-que-apoya-un-referendum-en-puerto-rico-el-31-de-octubre-de-2024-es-de-2016,Trump publicó este comunicado que apoya un referéndum en Puerto Rico el 31 de octubre de 2024: es de 2016,falso,entrenamiento,Falso,https://chequeado.com/ultimas-noticias/es-falso-que-trump-publico-este-comunicado-que-apoya-un-referendum-en-puerto-rico-el-31-de-octubre-de-2024-es-de-2016/
es-falso-que-twitter-les-esta-pidiendo-a-sus-usuarios-que-eliminen-la-bandera-de-ucrania-de-sus-perfiles,Twitter les está pidiendo a sus usuarios que eliminen la bandera de Ucrania de sus perfiles,falso,entrenamiento,Falso,https://chequeado.com/ultimas-noticias/es-falso-que-twitter-les-esta-pidiendo-a-sus-usuarios-que-eliminen-la-bandera-de-ucrania-de-sus-perfiles/
es-falso-que-un-diputado-libertario-llamado-matias-baez-confeso-incendios-intencionales-en-la-patagonia-y-venta-de-tierras-a-israel,un diputado libertario llamado Matías Baez confesó incendios intencionales en la Patagonia y venta de tierras a Israel,falso,entrenamiento,Falso,https://chequeado.com/ultimas-noticias/es-falso-que-un-diputado-libertario-llamado-matias-baez-confeso-incendios-intencionales-en-la-patagonia-y-venta-de-tierras-a-israel/
es-falso-que-un-directivo-de-la-farmaceutica-bayer-admitio-que-las-vacunas-de-arn-mensajero-son-terapias-celulares-y-genicas,un directivo de la farmacéutica Bayer admitió que las vacunas de ARN mensajero son terapias celulares y génicas,falso,entrenamiento,Falso,https://chequeado.com/verificacionfb/es-falso-que-un-directivo-de-la-farmaceutica-bayer-admitio-que-las-vacunas-de-arn-mensajero-son-terapias-celulares-y-genicas/
es-falso-que-un-documento-de-pfizer-reconoce-que-las-vacunas-contra-la-covid-19-tienen-oxido-de-grafeno,un documento de Pfizer reconoce que las vacunas contra la COVID-19 tienen óxido de grafeno,falso,validacion,Falso,https://chequeado.com/ultimas-noticias/es-falso-que-un-documento-de-pfizer-reconoce-que-las-vacunas-contra-la-covid-19-tienen-oxido-de-grafeno/
es-falso-que-un-dron-chileno-que-rastrea-mapuches-cayo-en-territorio-argentino,un dron chileno que rastrea mapuches cayó en territorio argentino,falso,entrenamiento,Falso,https://chequeado.com/ultimas-noticias/es-falso-que-un-dron-chileno-que-rastrea-mapuches-cayo-en-territorio-argentino/
es-falso-que-un-fallo-suspendio-la-vacunacion-contra-la-covid-19-en-menores-de-16-anos,un fallo suspendió la vacunación contra la COVID-19 en menores de 16 años,falso,entrenamiento,Falso,https://chequeado.com/ultimas-noticias/es-falso-que-un-fallo-suspendio-la-vacunacion-contra-la-covid-19-en-menores-de-16-anos/
es-falso-que-un-funcionario-israeli-simulo-recibir-la-vacuna-contra-el-coronavirus,un funcionario israelí simuló recibir la vacuna contra el coronavirus,falso,entrenamiento,Falso,https://chequeado.com/verificacionfb/es-falso-que-un-funcionario-israeli-simulo-recibir-la-vacuna-contra-el-coronavirus/
es-falso-que-un-grupo-de-militantes-kirchneristas-atacaron-a-maria-eugenia-vidal,un grupo de militantes kirchneristas atacaron a María Eugenia Vidal,falso,entrenamiento,Falso,https://chequeado.com/verificacionfb/es-falso-que-un-grupo-de-militantes-kirchneristas-atacaron-a-maria-eugenia-vidal/
es-falso-que-un-grupo-de-palestinos-simulo-un-funeral-por-covid-19-en-el-marco-del-conflicto-con-israel,un grupo de palestinos simuló un funeral por COVID-19 en el marco del conflicto con Israel,falso,validacion,Falso,https://chequeado.com/verificacionfb/es-falso-que-un-grupo-de-palestinos-simulo-un-funeral-por-covid-19-en-el-marco-del-conflicto-con-israel/
es-falso-que-un-hombre-murio-quemado-en-brasil-despues-de-interpretar-al-diablo,un hombre murió quemado en Brasil después de interpretar al diablo,falso,entrenamiento,Falso,https://chequeado.com/verificacionfb/es-falso-que-un-hombre-murio-quemado-en-brasil-despues-de-interpretar-al-diablo/
es-falso-que-un-hombre-murio-tras-caer-de-una-garita-y-el-video-que-circula-no-ocurrio-en-la-ciudad,"un hombre murió tras caer de una garita, y el video que circula no ocurrió en la Ciudad",falso,validacion,Falso,https://chequeado.com/ultimas-noticias/es-falso-que-un-hombre-murio-tras-caer-de-una-garita-y-el-video-que-circula-no-ocurrio-en-la-ciudad/
es-falso-que-un-iman-se-adhiere-a-las-gaseosas-por-la-presencia-de-grafeno,un imán se adhiere a las gaseosas por la presencia de grafeno,falso,entrenamiento,Falso,https://chequeado.com/verificacionfb/es-falso-que-un-iman-se-adhiere-a-las-gaseosas-por-la-presencia-de-grafeno/
es-falso-que-un-joven-llamado-brian-nahuel-kicillof-trabaja-en-desarrollo-social,un joven llamado Brian Nahuel Kicillof trabaja en Desarrollo Social,falso,entrenamiento,Falso,https://chequeado.com/verificacionfb/es-falso-que-un-joven-llamado-brian-nahuel-kicillof-trabaja-en-desarrollo-social/
es-falso-que-un-juez-madrileno-denuncio-a-alberto-fernandez-ante-la-onu,un juez madrileño denunció a Alberto Fernández ante la ONU,falso,validacion,Falso,https://chequeado.com/verificacionfb/es-falso-que-un-juez-madrileno-denuncio-a-alberto-fernandez-ante-la-onu/
es-falso-que-un-manifestante-que-tiro-piedras-durante-la-protesta-por-la-ley-bases-tenia-un-buzo-con-una-frase-libertaria-la-foto-esta-editada,un manifestante que tiró piedras durante la protesta por la Ley Bases tenía un buzo con una frase libertaria: la foto está editada,falso,entrenamiento,Falso,https://chequeado.com/ultimas-noticias/es-falso-que-un-manifestante-que-tiro-piedras-durante-la-protesta-por-la-ley-bases-tenia-un-buzo-con-una-frase-libertaria-la-foto-esta-editada/
es-falso-que-un-medico-argentino-descubrio-y-esta-aplicando-una-vacuna-contra-el-coronavirus-en-espana,un médico argentino descubrió y está aplicando una vacuna contra el coronavirus en España,falso,entrenamiento,Falso,https://chequeado.com/verificacionfb/es-falso-que-un-medico-argentino-descubrio-y-esta-aplicando-una-vacuna-contra-el-coronavirus-en-espana/
es-falso-que-un-medico-de-la-argentina-encontro-una-cura-contra-la-covid-19,un médico de la Argentina encontró una cura contra la COVID-19,falso,entrenamiento,Falso,https://chequeado.com/verificacionfb/es-falso-que-un-medico-de-la-argentina-encontro-una-cura-contra-la-covid-19/
es-falso-que-un-medico-del-hospital-muniz-fallecio-por-atender-pacientes-con-coronavirus,un médico del hospital Muñiz falleció por atender pacientes con coronavirus,falso,entrenamiento,Falso,https://chequeado.com/verificacionfb/es-falso-que-un-medico-del-hospital-muniz-fallecio-por-atender-pacientes-con-coronavirus/
es-falso-que-un-medico-italiano-murio-tras-aplicarse-la-segunda-dosis-de-la-vacuna-pfizer,un médico italiano murió tras aplicarse la segunda dosis de la vacuna Pfizer,falso,entrenamiento,Falso,https://chequeado.com/verificacionfb/es-falso-que-un-medico-italiano-murio-tras-aplicarse-la-segunda-dosis-de-la-vacuna-pfizer/
es-falso-que-un-noticiero-ucraniano-fue-interrumpido-con-un-mensaje-en-contra-de-zelensky,un noticiero ucraniano fue interrumpido con un mensaje en contra de Zelensky,falso,entrenamiento,Falso,https://chequeado.com/verificacionfb/es-falso-que-un-noticiero-ucraniano-fue-interrumpido-con-un-mensaje-en-contra-de-zelensky/
es-falso-que-un-presentador-de-noticias-se-desmayo-como-consecuencia-de-la-vacunacion-contra-la-covid-19,un presentador de noticias se desmayó como consecuencia de la vacunación contra la COVID-19,falso,entrenamiento,Falso,https://chequeado.com/verificacionfb/es-falso-que-un-presentador-de-noticias-se-desmayo-como-consecuencia-de-la-vacunacion-contra-la-covid-19/
es-falso-que-un-test-de-autoevaluacion-para-la-deteccion-del-coronavirus-da-positivo-con-agua-de-la-canilla,un test de autoevaluación para la detección del coronavirus da positivo con agua de la canilla,falso,entrenamiento,Falso (título),https://chequeado.com/verificacionfb/es-falso-que-un-test-de-autoevaluacion-para-la-deteccion-del-coronavirus-da-positivo-con-agua-de-la-canilla/
es-falso-que-un-test-de-covid-19-fue-patentado-en-2015,un test de COVID-19 fue patentado en 2015,falso,entrenamiento,Falso (título),https://chequeado.com/verificacionfb/es-falso-que-un-test-de-covid-19-fue-patentado-en-2015/
es-falso-que-una-cerda-pario-una-cria-con-caracteristicas-humanas-se-trata-de-una-escultura,una cerda parió una cría con características humanas: se trata de una escultura,falso,entrenamiento,Falso,https://chequeado.com/ultimas-noticias/es-falso-que-una-cerda-pario-una-cria-con-caracteristicas-humanas-se-trata-de-una-escultura/
es-falso-que-una-familiar-de-fabiola-yanez-fue-designada-como-presidente-del-bapro,una familiar de Fabiola Yañez fue designada como presidente del Bapro,falso,entrenamiento,Falso,https://chequeado.com/verificacionfb/es-falso-que-una-familiar-de-fabiola-yanez-fue-designada-como-presidente-del-bapro/
es-falso-que-una-fan-de-taylor-swift-se-suicido-en-mexico-por-no-conseguir-entradas-para-el-recital,una fan de Taylor Swift se suicidó en México por no conseguir entradas para el recital,falso,validacion,Falso,https://chequeado.com/ultimas-noticias/es-falso-que-una-fan-de-taylor-swift-se-suicido-en-mexico-por-no-conseguir-entradas-para-el-recital/
es-falso-que-una-madre-desempleada-con-5-hijos-cobro-en-abril-41-015-en-planes-sociales,una madre desempleada con 5 hijos cobró en abril $ 41.015 en planes sociales,falso,validacion,Falso,https://chequeado.com/verificacionfb/es-falso-que-una-madre-desempleada-con-5-hijos-cobro-en-abril-41-015-en-planes-sociales/
es-falso-que-una-mochila-apoyada-sobre-una-banca-dio-quorum-en-una-sesion-de-la-camara-de-diputados,una mochila apoyada sobre una banca dio quórum en una sesión de la Cámara de Diputados,falso,entrenamiento,Falso,https://chequeado.com/ultimas-noticias/es-falso-que-una-mochila-apoyada-sobre-una-banca-dio-quorum-en-una-sesion-de-la-camara-de-diputados/
es-falso-que-una-mujer-fue-arrestada-en-ee-uu-por-compartir-un-tuit-contra-trump-el-video-fue-hecho-con-ia,una mujer fue arrestada en EE.UU. por compartir un tuit contra Trump: el video fue hecho con IA,falso,entrenamiento,Falso,https://chequeado.com/ultimas-noticias/es-falso-que-una-mujer-fue-arrestada-en-ee-uu-por-compartir-un-tuit-contra-trump-el-video-fue-hecho-con-ia/
es-falso-que-una-mujer-tuvo-un-bebe-a-los-101-anos,una mujer tuvo un bebé a los 101 años,falso,validacion,Falso,https://chequeado.com/verificacionfb/es-falso-que-una-mujer-tuvo-un-bebe-a-los-101-anos/
es-falso-que-una-multitud-celebra-en-un-bar-al-ver-la-foto-policial-de-donald-trump,una multitud celebra en un bar al ver la foto policial de Donald Trump,falso,entrenamiento,Falso,https://chequeado.com/ultimas-noticias/es-falso-que-una-multitud-celebra-en-un-bar-al-ver-la-foto-policial-de-donald-trump/
es-falso-que-una-nueva-pastilla-de-paracetamol-contiene-el-virus-machupo,una nueva pastilla de paracetamol contiene el virus Machupo,falso,entrenamiento,Falso,https://chequeado.com/ultimas-noticias/es-falso-que-una-nueva-pastilla-de-paracetamol-contiene-el-virus-machupo/
es-falso-que-una-periodista-informo-la-muerte-de-un-joven-sin-saber-que-se-trataba-de-su-hijo,una periodista informó la muerte de un joven sin saber que se trataba de su hijo,falso,entrenamiento,Falso,https://chequeado.com/ultimas-noticias/es-falso-que-una-periodista-informo-la-muerte-de-un-joven-sin-saber-que-se-trataba-de-su-hijo/
es-falso-que-una-prueba-pcr-para-coronavirus-puede-dar-positivo-a-otros-52-virus-diferentes,una prueba PCR para coronavirus puede dar positivo a otros 52 virus diferentes,falso,entrenamiento,Falso (título),https://chequeado.com/verificacionfb/es-falso-que-una-prueba-pcr-para-coronavirus-puede-dar-positivo-a-otros-52-virus-diferentes/
es-falso-que-una-sobrina-de-fabiola-yanez-fue-designada-presidente-del-banco-provincia,una sobrina de Fabiola Yáñez fue designada presidente del Banco Provincia,falso,entrenamiento,Falso,https://chequeado.com/verificacionfb/es-falso-que-una-sobrina-de-fabiola-yanez-fue-designada-presidente-del-banco-provincia/
es-falso-que-usan-sillas-para-internar-bebes-en-un-hospital-de-rosario-por-falta-de-camas,usan sillas para internar bebés en un hospital de Rosario por falta de camas,falso,entrenamiento,Falso,https://chequeado.com/verificacionfb/es-falso-que-usan-sillas-para-internar-bebes-en-un-hospital-de-rosario-por-falta-de-camas/
es-falso-que-usar-celular-al-conducir-tiene-una-multa-de-147-mil-como-afirma-una-cadena-viral,"usar celular al conducir tiene una multa de $147 mil, como afirma una cadena viral",falso,validacion,Falso,https://chequeado.com/ultimas-noticias/es-falso-que-usar-celular-al-conducir-tiene-una-multa-de-147-mil-como-afirma-una-cadena-viral/
es-falso-que-vacunaron-a-una-mujer-en-quilmes-con-una-jeringa-sin-aguja,vacunaron a una mujer en Quilmes con una jeringa sin aguja,falso,entrenamiento,Falso,https://chequeado.com/verificacionfb/es-falso-que-vacunaron-a-una-mujer-en-quilmes-con-una-jeringa-sin-aguja/
es-falso-que-van-a-pagar-la-operacion-de-una-nina-ciega-si-su-foto-se-comparte-en-redes-sociales,van a pagar la operación de una niña ciega si su foto se comparte en redes sociales,falso,entrenamiento,Falso,https://chequeado.com/verificacionfb/es-falso-que-van-a-pagar-la-operacion-de-una-nina-ciega-si-su-foto-se-comparte-en-redes-sociales/
es-falso-que-veronica-magario-insulta-a-votantes-de-la-libertad-avanza-en-este-video-viral,Verónica Magario insulta a votantes de La Libertad Avanza en este video viral,falso,entrenamiento,Falso,https://chequeado.com/ultimas-noticias/es-falso-que-veronica-magario-insulta-a-votantes-de-la-libertad-avanza-en-este-video-viral/
es-falso-que-victoria-villarruel-fue-fotografiada-visitando-a-cfk-en-prision-domiciliaria,Victoria Villarruel fue fotografiada visitando a CFK en prisión domiciliaria,falso,entrenamiento,Falso,https://chequeado.com/ultimas-noticias/es-falso-que-victoria-villarruel-fue-fotografiada-visitando-a-cfk-en-prision-domiciliaria/
es-falso-que-virgil-van-dijk-declaro-en-contra-del-tecnico-de-paises-bajos-tras-la-derrota-con-argentina,Virgil Van Dijk declaró en contra del técnico de Países Bajos tras la derrota con la Argentina,falso,entrenamiento,Falso,https://chequeado.com/ultimas-noticias/es-falso-que-virgil-van-dijk-declaro-en-contra-del-tecnico-de-paises-bajos-tras-la-derrota-con-argentina/
es-falso-que-volodimir-zelenski-fue-capturado-por-tropas-rusas-la-supuesta-foto-policial-que-circula-es-de-una-serie-de-television,Volodimir Zelenski fue capturado por tropas rusas: la supuesta foto policial que circula es de una serie de televisión,falso,entrenamiento,Falso,https://chequeado.com/ultimas-noticias/es-falso-que-volodimir-zelenski-fue-capturado-por-tropas-rusas-la-supuesta-foto-policial-que-circula-es-de-una-serie-de-television/
es-falso-que-walmart-esta-regalando-cajas-de-alimentos-por-el-coronavirus,Walmart está regalando cajas de alimentos por el coronavirus,falso,entrenamiento,Falso,https://chequeado.com/verificacionfb/es-falso-que-walmart-esta-regalando-cajas-de-alimentos-por-el-coronavirus/
es-falso-que-zelenski-entrego-una-bandera-con-simbolos-nazis-al-congreso-de-los-estados-unidos,Zelenski entregó una bandera con símbolos nazis al Congreso de los Estados Unidos,falso,entrenamiento,Falso,https://chequeado.com/ultimas-noticias/es-falso-que-zelenski-entrego-una-bandera-con-simbolos-nazis-al-congreso-de-los-estados-unidos/
es-falso-que-zelensky-vistio-una-remera-con-un-simbolo-vinculado-al-nazismo-ante-el-congreso-de-eeuu,Zelensky vistió una remera con un símbolo vinculado al nazismo ante el Congreso de EEUU,falso,entrenamiento,Falso,https://chequeado.com/verificacionfb/es-falso-que-zelensky-vistio-una-remera-con-un-simbolo-vinculado-al-nazismo-ante-el-congreso-de-eeuu/
es-falsoenlasredes-que-cfk-llamo-a-derrocar-al-gobierno-de-mauricio-macri,CFK llamó a derrocar al gobierno de Mauricio Macri,falso,validacion,Falso,https://chequeado.com/verificacionfb/es-falsoenlasredes-que-cfk-llamo-a-derrocar-al-gobierno-de-mauricio-macri/
es-falsoenlasredes-que-cfk-pidio-matar-a-macri,CFK pidió matar a Macri,falso,entrenamiento,Falso,https://chequeado.com/verificacionfb/es-falsoenlasredes-que-cfk-pidio-matar-a-macri/
es-falsoenlasredes-que-el-fondo-nacional-de-incentivo-docente-dejara-de-existir-en-2019,el Gobierno anunció que el Fondo Nacional de Incentivo Docente dejará de existir,falso,entrenamiento,Falso,https://chequeado.com/verificacionfb/es-falsoenlasredes-que-el-fondo-nacional-de-incentivo-docente-dejara-de-existir-en-2019/
es-falsoenlasredes-que-el-gobierno-dejo-sin-hospedaje-a-familiares-de-pacientes-del-garrahan,el Gobierno dejó sin hospedaje a familiares de pacientes del Garrahan,falso,entrenamiento,Falso,https://chequeado.com/verificacionfb/es-falsoenlasredes-que-el-gobierno-dejo-sin-hospedaje-a-familiares-de-pacientes-del-garrahan/
es-falsoenlasredes-que-el-jefe-de-la-gendarmeria-acuso-a-macri-de-planear-el-homicidio-de-maldonado,el jefe de la Gendarmería acusó a Macri de planear el homicidio de Maldonado,falso,entrenamiento,Falso,https://chequeado.com/verificacionfb/es-falsoenlasredes-que-el-jefe-de-la-gendarmeria-acuso-a-macri-de-planear-el-homicidio-de-maldonado/
es-falsoenlasredes-que-florencia-pena-fue-golpeada-por-su-ex-pareja,Florencia Peña fue golpeada por su ex pareja,falso,entrenamiento,Falso,https://chequeado.com/verificacionfb/es-falsoenlasredes-que-florencia-pena-fue-golpeada-por-su-ex-pareja/
es-falsoenlasredes-que-hebe-de-bonafini-tendra-que-devolver-us8-millones,Hebe de Bonafini tendrá que devolver US$8 millones,falso,validacion,Falso,https://chequeado.com/verificacionfb/es-falsoenlasredes-que-hebe-de-bonafini-tendra-que-devolver-us8-millones/
es-falsoenlasredes-que-juliana-awada-padece-una-enfermedad-mortal,Juliana Awada padece una enfermedad mortal,falso,entrenamiento,Falso,https://chequeado.com/verificacionfb/es-falsoenlasredes-que-juliana-awada-padece-una-enfermedad-mortal/
es-falsoenlasredes-que-le-pagaron-a-alguien-para-hacerse-pasar-por-el-nieto-de-estela-de-carlotto,le pagaron a alguien para hacerse pasar por el nieto de Estela de Carlotto,falso,entrenamiento,Falso,https://chequeado.com/verificacionfb/es-falsoenlasredes-que-le-pagaron-a-alguien-para-hacerse-pasar-por-el-nieto-de-estela-de-carlotto/
es-falsoenlasredes-que-maria-eugenia-vidal-fue-agredida-y-despues-hospitalizada,María Eugenia Vidal fue agredida y después hospitalizada,falso,entrenamiento,Falso,https://chequeado.com/verificacionfb/es-falsoenlasredes-que-maria-eugenia-vidal-fue-agredida-y-despues-hospitalizada/
es-falsoenlasredes-que-sofia-gala-amenazo-con-golpear-a-antonia-macri-si-no-se-aprueba-la-despenalizacion-del-aborto,Sofía Gala amenazó con golpear a Antonia Macri si no se aprueba la despenalización del aborto,falso,validacion,Falso,https://chequeado.com/verificacionfb/es-falsoenlasredes-que-sofia-gala-amenazo-con-golpear-a-antonia-macri-si-no-se-aprueba-la-despenalizacion-del-aborto/
es-falsoenlasredes-que-suecia-va-a-pagar-un-sueldo-a-las-abuelas-por-cuidar-a-sus-nietos,Suecia va a pagar un sueldo a las abuelas por cuidar a sus nietos,falso,entrenamiento,Falso,https://chequeado.com/verificacionfb/es-falsoenlasredes-que-suecia-va-a-pagar-un-sueldo-a-las-abuelas-por-cuidar-a-sus-nietos/
es-falsoenlasredes-que-un-gendarme-afirmo-que-bullrich-le-ordeno-matar-a-santiago-maldonado,un gendarme afirmó que Bullrich le ordenó matar a Santiago Maldonado,falso,entrenamiento,Falso,https://chequeado.com/verificacionfb/es-falsoenlasredes-que-un-gendarme-afirmo-que-bullrich-le-ordeno-matar-a-santiago-maldonado/
es-verdadera-la-campana-de-la-provincia-de-buenos-aires-sobre-el-consumo-problematico-que-dice-anticipate-para-disfrutar-como-te-gusta,Anticipate para disfrutar como te gusta,verdadero,entrenamiento,Verdadero,https://chequeado.com/verificacionfb/es-verdadera-la-campana-de-la-provincia-de-buenos-aires-sobre-el-consumo-problematico-que-dice-anticipate-para-disfrutar-como-te-gusta/
es-verdadera-la-imagen-del-diario-sueco-que-afirma-macri-es-una-amenaza-contra-la-democracia,Macri es una amenaza contra la democracia,verdadero,entrenamiento,Verdadero,https://chequeado.com/verificacionfb/es-verdadera-la-imagen-del-diario-sueco-que-afirma-macri-es-una-amenaza-contra-la-democracia/
es-verdadera-la-tapa-del-diario-espanol-abc-que-titulo-el-giro-de-argentina-al-kirchnerismo-hunde-su-divisa,El giro de Argentina al kirchnerismo hunde su divisa,verdadero,entrenamiento,Verdadero,https://chequeado.com/verificacionfb/es-verdadera-la-tapa-del-diario-espanol-abc-que-titulo-el-giro-de-argentina-al-kirchnerismo-hunde-su-divisa/
es-verdadero-que-2-gatos-dieron-positivo-por-coronavirus-en-nueva-york,2 gatos dieron positivo por coronavirus en Nueva York,verdadero,entrenamiento,Verdadero,https://chequeado.com/verificacionfb/es-verdadero-que-2-gatos-dieron-positivo-por-coronavirus-en-nueva-york/
es-verdadero-que-abuelas-de-plaza-de-mayo-anuncio-la-recuperacion-del-nieto-128,Abuelas de Plaza de Mayo anunció la recuperación del nieto 128,verdadero,validacion,Verdadero,https://chequeado.com/verificacionfb/es-verdadero-que-abuelas-de-plaza-de-mayo-anuncio-la-recuperacion-del-nieto-128/
es-verdadero-que-acuna-dijo-que-los-docentes-provienen-de-sectores-bajos-que-fracasaron-en-otras-carreras,Acuña dijo que los docentes provienen de sectores bajos que fracasaron en otras carreras,verdadero,entrenamiento,Verdadero,https://chequeado.com/verificacionfb/es-verdadero-que-acuna-dijo-que-los-docentes-provienen-de-sectores-bajos-que-fracasaron-en-otras-carreras/
es-verdadero-que-al-menos-5-colectivos-fueron-prendidos-fuego-antes-del-paro-general-del-30-de-abril,al menos 5 colectivos fueron prendidos fuego antes del paro general del 30 de abril,verdadero,entrenamiento,Verdadero,https://chequeado.com/verificacionfb/es-verdadero-que-al-menos-5-colectivos-fueron-prendidos-fuego-antes-del-paro-general-del-30-de-abril/
es-verdadero-que-alberto-fernandez-estuvo-en-la-marcha-por-nisman-en-2015,Alberto Fernández estuvo en la marcha por Nisman en 2015,verdadero,entrenamiento,Verdadero,https://chequeado.com/verificacionfb/es-verdadero-que-alberto-fernandez-estuvo-en-la-marcha-por-nisman-en-2015/
es-verdadero-que-alberto-fernandez-retuiteo-el-tuit-de-la-onu-con-un-emoji-de-la-bandera-de-nicaragua,Alberto Fernández retuiteó el tuit de la ONU con un emoji de la bandera de Nicaragua,verdadero,validacion,Verdadero,https://chequeado.com/verificacionfb/es-verdadero-que-alberto-fernandez-retuiteo-el-tuit-de-la-onu-con-un-emoji-de-la-bandera-de-nicaragua/
es-verdadero-que-alberto-fernandez-tiene-140-mil-de-multas-impagas,Alberto Fernández tiene $140 mil de multas impagas,verdadero,entrenamiento,Verdadero,https://chequeado.com/verificacionfb/es-verdadero-que-alberto-fernandez-tiene-140-mil-de-multas-impagas/
es-verdadero-que-baby-etchecopar-debera-ceder-diez-minutos-de-su-programa-a-especialistas-en-violencia-de-genero,Baby Etchecopar deberá ceder diez minutos de su programa a especialistas en violencia de género,verdadero,entrenamiento,Verdadero,https://chequeado.com/verificacionfb/es-verdadero-que-baby-etchecopar-debera-ceder-diez-minutos-de-su-programa-a-especialistas-en-violencia-de-genero/
es-verdadero-que-bolsonaro-dijo-que-tiene-coronavirus,Bolsonaro dijo que tiene coronavirus,verdadero,entrenamiento,Verdadero,https://chequeado.com/verificacionfb/es-verdadero-que-bolsonaro-dijo-que-tiene-coronavirus/
es-verdadero-que-cavan-cientos-de-fosas-en-un-cementerio-como-prevencion-frente-al-coronavirus-2,cavan cientos de fosas en un cementerio como prevención frente al coronavirus,verdadero,validacion,Verdadero,https://chequeado.com/verificacionfb/es-verdadero-que-cavan-cientos-de-fosas-en-un-cementerio-como-prevencion-frente-al-coronavirus-2/
es-verdadero-que-cfk-declaro-un-patrimonio-de-37-millones,"CFK declaró un patrimonio de $ 3,7 millones",verdadero,entrenamiento,Verdadero,https://chequeado.com/verificacionfb/es-verdadero-que-cfk-declaro-un-patrimonio-de-37-millones/
es-verdadero-que-cristina-fernandez-de-kirchner-veto-el-82-movil-para-los-jubilados,Cristina Fernández de Kirchner vetó el 82% móvil para los jubilados,verdadero,entrenamiento,Verdadero,https://chequeado.com/verificacionfb/es-verdadero-que-cristina-fernandez-de-kirchner-veto-el-82-movil-para-los-jubilados/
es-verdadero-que-cristina-kirchner-declaro-un-patrimonio-de-37-millones,"Cristina Kirchner declaró un patrimonio de $3,7 millones",verdadero,entrenamiento,Verdadero,https://chequeado.com/verificacionfb/es-verdadero-que-cristina-kirchner-declaro-un-patrimonio-de-37-millones/
es-verdadero-que-denunciaron-a-el-diario-de-mariana-ante-la-defensoria-del-publico-por-difundir-informacion-contra-las-vacunas,denunciaron a El Diario de Mariana ante la Defensoría del Público por difundir información contra las vacunas,verdadero,entrenamiento,Verdadero,https://chequeado.com/verificacionfb/es-verdadero-que-denunciaron-a-el-diario-de-mariana-ante-la-defensoria-del-publico-por-difundir-informacion-contra-las-vacunas/
es-verdadero-que-editorial-planeta-y-otras-editoriales-y-librerias-publicaron-una-biografia-erronea-sobre-los-estudios-de-javier-milei,Editorial Planeta y otras editoriales y librerías publicaron una biografía errónea sobre Javier Milei,verdadero,validacion,Verdadero,https://chequeado.com/ultimas-noticias/es-verdadero-que-editorial-planeta-y-otras-editoriales-y-librerias-publicaron-una-biografia-erronea-sobre-los-estudios-de-javier-milei/
es-verdadero-que-el-audi-de-la-foto-de-la-marcha-17a-contra-el-gobierno-debe-349-mil-de-patente,el Audi de la foto de la marcha 17A contra el Gobierno debe $349 mil de patente,verdadero,entrenamiento,Verdadero (título),https://chequeado.com/verificacionfb/es-verdadero-que-el-audi-de-la-foto-de-la-marcha-17a-contra-el-gobierno-debe-349-mil-de-patente/
es-verdadero-que-el-diputado-fernando-iglesias-le-adjudico-una-frase-falsa-a-su-colega-cecilia-moreau,el diputado Fernando Iglesias le adjudicó una frase falsa a su colega Cecilia Moreau,verdadero,entrenamiento,Verdadero,https://chequeado.com/verificacionfb/es-verdadero-que-el-diputado-fernando-iglesias-le-adjudico-una-frase-falsa-a-su-colega-cecilia-moreau/
es-verdadero-que-el-futbolista-christian-atsu-fallecio-en-el-terremoto-en-turquia,el futbolista Christian Atsu falleció en el terremoto en Turquía,verdadero,entrenamiento,Verdadero,https://chequeado.com/ultimas-noticias/es-verdadero-que-el-futbolista-christian-atsu-fallecio-en-el-terremoto-en-turquia/
es-verdadero-que-el-gobierno-de-chaco-difundio-una-imagen-con-un-dato-erroneo-sobre-empleo,el Gobierno de Chaco difundió una imagen con un dato erróneo sobre empleo,verdadero,entrenamiento,Verdadero,https://chequeado.com/ultimas-noticias/es-verdadero-que-el-gobierno-de-chaco-difundio-una-imagen-con-un-dato-erroneo-sobre-empleo/
es-verdadero-que-el-gobierno-destinara-fondos-publicos-a-la-realizacion-de-una-serie-sobre-l-gante,el Gobierno destinará fondos públicos a la realización de una serie sobre L-Gante,verdadero,entrenamiento,Verdadero,https://chequeado.com/verificacionfb/es-verdadero-que-el-gobierno-destinara-fondos-publicos-a-la-realizacion-de-una-serie-sobre-l-gante/
es-verdadero-que-el-gobierno-nacional-reasigno-fondos-para-el-ministerio-de-la-mujer,el Gobierno nacional reasignó fondos para el Ministerio de la Mujer,verdadero,validacion,Verdadero,https://chequeado.com/verificacionfb/es-verdadero-que-el-gobierno-nacional-reasigno-fondos-para-el-ministerio-de-la-mujer/
es-verdadero-que-el-gobierno-porteno-financio-la-pelicula-homo-argentum,el Gobierno porteño financió la película Homo Argentum,verdadero,entrenamiento,Verdadero,https://chequeado.com/ultimas-noticias/es-verdadero-que-el-gobierno-porteno-financio-la-pelicula-homo-argentum/
es-verdadero-que-el-ministerio-de-transporte-compartio-un-mapa-con-paraguay-dentro-de-la-argentina,el Ministerio de Transporte compartió un mapa con Paraguay dentro de la Argentina,verdadero,entrenamiento,Verdadero,https://chequeado.com/ultimas-noticias/es-verdadero-que-el-ministerio-de-transporte-compartio-un-mapa-con-paraguay-dentro-de-la-argentina/
es-verdadero-que-el-periodista-pablo-rossi-quiso-corregir-un-cartel-de-la-toma-del-colegio-mariano-acosta-que-estaba-bien-escrito,"el periodista Pablo Rossi quiso corregir un cartel de la toma del colegio Mariano Acosta, que estaba bien escrito",verdadero,validacion,Verdadero,https://chequeado.com/verificacionfb/es-verdadero-que-el-periodista-pablo-rossi-quiso-corregir-un-cartel-de-la-toma-del-colegio-mariano-acosta-que-estaba-bien-escrito/
es-verdadero-que-el-presidente-pidio-a-los-consumidores-que-denuncien-a-comerciantes-que-no-respetan-el-programa-precios-cuidados,el Presidente pidió que se denuncie a comerciantes que no respetan el programa Precios Cuidados,verdadero,validacion,Verdadero,https://chequeado.com/verificacionfb/es-verdadero-que-el-presidente-pidio-a-los-consumidores-que-denuncien-a-comerciantes-que-no-respetan-el-programa-precios-cuidados/
es-verdadero-que-el-presidente-recibio-a-hugo-moyano-y-su-familia-y-se-sacaron-una-foto-sin-tapabocas,el Presidente recibió a Hugo Moyano y su familia y se sacaron una foto sin tapabocas,verdadero,entrenamiento,Verdadero,https://chequeado.com/verificacionfb/es-verdadero-que-el-presidente-recibio-a-hugo-moyano-y-su-familia-y-se-sacaron-una-foto-sin-tapabocas/
es-verdadero-que-en-agosto-subieron-las-ventas-a-brasil-y-se-redujo-el-deficit-comercial,en agosto subieron las ventas a Brasil y se redujo el déficit comercial,verdadero,entrenamiento,Verdadero,https://chequeado.com/verificacionfb/es-verdadero-que-en-agosto-subieron-las-ventas-a-brasil-y-se-redujo-el-deficit-comercial/
es-verdadero-que-en-alemania-cuelgan-bolsas-con-comida-en-la-calle-para-las-personas-sin-hogar,en Alemania cuelgan bolsas con comida en la calle para las personas sin hogar,verdadero,entrenamiento,Verdadero,https://chequeado.com/verificacionfb/es-verdadero-que-en-alemania-cuelgan-bolsas-con-comida-en-la-calle-para-las-personas-sin-hogar/
es-verdadero-que-en-el-primer-semestre-de-2018-bajo-la-pobreza-en-san-luis-59-puntos,"en el primer semestre de 2018 bajó la pobreza en San Luis 5,9 puntos",verdadero,entrenamiento,Verdadero,https://chequeado.com/verificacionfb/es-verdadero-que-en-el-primer-semestre-de-2018-bajo-la-pobreza-en-san-luis-59-puntos/
es-verdadero-que-en-medio-de-la-pandemia-ciudadanos-bolivianos-intentaron-ingresar-ilegalmente-en-salta,en medio de la pandemia ciudadanos bolivianos intentaron ingresar ilegalmente en Salta,verdadero,entrenamiento,Verdadero,https://chequeado.com/verificacionfb/es-verdadero-que-en-medio-de-la-pandemia-ciudadanos-bolivianos-intentaron-ingresar-ilegalmente-en-salta/
es-verdadero-que-en-tierra-del-fuego-se-descubrieron-tres-casos-de-estreptococo,en Tierra del Fuego se descubrieron tres casos de estreptococo,verdadero,entrenamiento,Verdadero,https://chequeado.com/verificacionfb/es-verdadero-que-en-tierra-del-fuego-se-descubrieron-tres-casos-de-estreptococo/
es-verdadero-que-evo-morales-contrato-un-avion-supertanker-para-combatir-los-incendios-en-bolivia,Evo Morales contrató un avión SuperTanker para combatir los incendios en Bolivia,verdadero,entrenamiento,Verdadero,https://chequeado.com/verificacionfb/es-verdadero-que-evo-morales-contrato-un-avion-supertanker-para-combatir-los-incendios-en-bolivia/
es-verdadero-que-fallecio-el-folclorista-alfredo-abalos,falleció el folclorista Alfredo Ábalos,verdadero,entrenamiento,Verdadero,https://chequeado.com/verificacionfb/es-verdadero-que-fallecio-el-folclorista-alfredo-abalos/
es-verdadero-que-galmarini-anulo-el-contrato-entre-aysa-y-boca-juniors,Galmarini anuló el contrato entre AySA y Boca Juniors,verdadero,entrenamiento,Verdadero,https://chequeado.com/verificacionfb/es-verdadero-que-galmarini-anulo-el-contrato-entre-aysa-y-boca-juniors/
es-verdadero-que-golpearon-a-una-senora-de-83-anos-para-robarle-una-garrafa,golpearon a una señora de 83 años para robarle una garrafa,verdadero,entrenamiento,Verdadero,https://chequeado.com/verificacionfb/es-verdadero-que-golpearon-a-una-senora-de-83-anos-para-robarle-una-garrafa/
es-verdadero-que-granizo-en-tafi-viejo-el-11-de-noviembre-de-2022,granizó en Tafí Viejo el 11 de noviembre de 2022,verdadero,entrenamiento,Verdadero,https://chequeado.com/verificacionfb/es-verdadero-que-granizo-en-tafi-viejo-el-11-de-noviembre-de-2022/
es-verdadero-que-hebe-de-bonafini-fue-a-la-protesta-contra-el-presupuesto-2019-con-una-mascara-de-gas,Hebe de Bonafini fue a la protesta contra el Presupuesto 2019 con una máscara de gas,verdadero,entrenamiento,Verdadero,https://chequeado.com/verificacionfb/es-verdadero-que-hebe-de-bonafini-fue-a-la-protesta-contra-el-presupuesto-2019-con-una-mascara-de-gas/
es-verdadero-que-instalaron-en-formosa-estatuas-de-alberto-fernandez-y-sus-perros-dylan-y-procer,"instalaron en Formosa estatuas de Alberto Fernández y sus perros, Dylan y Prócer",verdadero,entrenamiento,Verdadero,https://chequeado.com/verificacionfb/es-verdadero-que-instalaron-en-formosa-estatuas-de-alberto-fernandez-y-sus-perros-dylan-y-procer/
es-verdadero-que-irlanda-aprobo-la-legalizacion-del-aborto,Irlanda aprobó la legalización del aborto,verdadero,validacion,Verdadero,https://chequeado.com/verificacionfb/es-verdadero-que-irlanda-aprobo-la-legalizacion-del-aborto/
es-verdadero-que-ivo-cutzarida-cuestiono-la-ideologia-de-genero-y-el-lenguaje-inclusivo,Ivo Cutzarida cuestionó la ideología de género y el lenguaje inclusivo,verdadero,entrenamiento,Verdadero,https://chequeado.com/verificacionfb/es-verdadero-que-ivo-cutzarida-cuestiono-la-ideologia-de-genero-y-el-lenguaje-inclusivo/
es-verdadero-que-jair-bolsonaro-gano-el-balotaje-y-es-el-nuevo-presidente-de-brasil,Jair Bolsonaro ganó el balotaje y es el nuevo presidente de Brasil,verdadero,entrenamiento,Verdadero,https://chequeado.com/verificacionfb/es-verdadero-que-jair-bolsonaro-gano-el-balotaje-y-es-el-nuevo-presidente-de-brasil/
es-verdadero-que-juana-viale-le-pidio-al-papa-francisco-que-abriera-el-vaticano-para-los-refugiados,Juana Viale le pidió al papa Francisco que abriera el Vaticano para los refugiados,verdadero,entrenamiento,Verdadero,https://chequeado.com/verificacionfb/es-verdadero-que-juana-viale-le-pidio-al-papa-francisco-que-abriera-el-vaticano-para-los-refugiados/
es-verdadero-que-la-anmat-prohibio-la-comercializacion-de-una-yerba-mate,la ANMAT prohibió la comercialización de una yerba mate,verdadero,validacion,Verdadero,https://chequeado.com/verificacionfb/es-verdadero-que-la-anmat-prohibio-la-comercializacion-de-una-yerba-mate/
es-verdadero-que-la-argentina-donara-vacunas-contra-el-coronavirus-al-pais-caribeno-granada,la Argentina donará vacunas contra el coronavirus al país caribeño Granada,verdadero,validacion,Verdadero (título),https://chequeado.com/verificacionfb/es-verdadero-que-la-argentina-donara-vacunas-contra-el-coronavirus-al-pais-caribeno-granada/
es-verdadero-que-la-argentina-ya-tiene-mas-de-mil-personas-recuperadas-de-la-covid-19,la Argentina ya tiene más de mil personas recuperadas de la COVID-19,verdadero,entrenamiento,Verdadero,https://chequeado.com/verificacionfb/es-verdadero-que-la-argentina-ya-tiene-mas-de-mil-personas-recuperadas-de-la-covid-19/
es-verdadero-que-la-corte-suprema-dejo-firme-la-prision-preventiva-de-cristina-fernandez-de-kirchner,la Corte Suprema dejó firme la prisión preventiva de Cristina Fernández de Kirchner,verdadero,validacion,Verdadero,https://chequeado.com/verificacionfb/es-verdadero-que-la-corte-suprema-dejo-firme-la-prision-preventiva-de-cristina-fernandez-de-kirchner/
es-verdadero-que-la-foto-de-fernandez-con-pilotos-en-la-cabina-del-avion-sin-barbijos-es-de-2019-y-no-de-2021,"la foto de Fernández con pilotos en la cabina del avión, sin barbijos, es de 2019 y no de 2021",verdadero,entrenamiento,Verdadero,https://chequeado.com/verificacionfb/es-verdadero-que-la-foto-de-fernandez-con-pilotos-en-la-cabina-del-avion-sin-barbijos-es-de-2019-y-no-de-2021/
es-verdadero-que-la-inflacion-de-2018-fue-la-mas-alta-desde-1991,la inflación de 2018 fue la más alta desde 1991,verdadero,entrenamiento,Verdadero,https://chequeado.com/verificacionfb/es-verdadero-que-la-inflacion-de-2018-fue-la-mas-alta-desde-1991/
es-verdadero-que-la-ministra-de-seguridad-disolvio-la-subsecretaria-contra-el-narcotrafico,la ministra de Seguridad disolvió la Subsecretaría contra el Narcotráfico,verdadero,entrenamiento,Verdadero,https://chequeado.com/verificacionfb/es-verdadero-que-la-ministra-de-seguridad-disolvio-la-subsecretaria-contra-el-narcotrafico/
es-verdadero-que-las-llamadas-por-violencia-de-genero-aumentaron-tras-la-denuncia-contra-juan-darthes,las llamadas por violencia de género aumentaron tras la denuncia contra Juan Darthés,verdadero,entrenamiento,Verdadero,https://chequeado.com/verificacionfb/es-verdadero-que-las-llamadas-por-violencia-de-genero-aumentaron-tras-la-denuncia-contra-juan-darthes/
es-verdadero-que-las-vacaciones-de-los-medicos-publicos-de-la-provincia-estan-suspendidas-hasta-marzo-de-2021,las vacaciones de los médicos públicos de la Provincia están suspendidas hasta marzo de 2021,verdadero,entrenamiento,Verdadero,https://chequeado.com/verificacionfb/es-verdadero-que-las-vacaciones-de-los-medicos-publicos-de-la-provincia-estan-suspendidas-hasta-marzo-de-2021/
es-verdadero-que-martha-pelloni-dijo-que-la-campora-es-el-brazo-del-narcotrafico-en-la-politica-de-cfk,Martha Pelloni dijo que La Cámpora es el brazo del narcotráfico en la política de CFK,verdadero,entrenamiento,Verdadero (título),https://chequeado.com/verificacionfb/es-verdadero-que-martha-pelloni-dijo-que-la-campora-es-el-brazo-del-narcotrafico-en-la-politica-de-cfk/
es-verdadero-que-martin-licata-fue-encontrado-sin-vida,Martín Licata fue encontrado sin vida,verdadero,validacion,Verdadero,https://chequeado.com/verificacionfb/es-verdadero-que-martin-licata-fue-encontrado-sin-vida/
es-verdadero-que-mauricio-macri-fue-felicitado-por-el-emir-de-qatar-en-la-final-del-mundial-2022,Mauricio Macri fue felicitado por el Emir de Qatar en la final del Mundial 2022,verdadero,entrenamiento,Verdadero,https://chequeado.com/ultimas-noticias/es-verdadero-que-mauricio-macri-fue-felicitado-por-el-emir-de-qatar-en-la-final-del-mundial-2022/
es-verdadero-que-murio-jose-manuel-de-la-sota-ex-gobernador-de-cordoba,"murió José Manuel de la Sota, ex gobernador de Córdoba",verdadero,entrenamiento,Verdadero,https://chequeado.com/verificacionfb/es-verdadero-que-murio-jose-manuel-de-la-sota-ex-gobernador-de-cordoba/
es-verdadero-que-novaresio-dijo-que-le-preocupa-que-si-cfk-vuelve-al-poder-no-pueda-seguir-ejerciendo-su-profesion,"Novaresio dijo que le preocupa que, si CFK vuelve al poder, no pueda seguir ejerciendo su profesión",verdadero,entrenamiento,Verdadero,https://chequeado.com/verificacionfb/es-verdadero-que-novaresio-dijo-que-le-preocupa-que-si-cfk-vuelve-al-poder-no-pueda-seguir-ejerciendo-su-profesion/
es-verdadero-que-once-premios-nobel-denunciaron-la-situacion-de-la-ciencia-argentina,once premios Nobel denunciaron la situación de la ciencia argentina,verdadero,validacion,Verdadero,https://chequeado.com/verificacionfb/es-verdadero-que-once-premios-nobel-denunciaron-la-situacion-de-la-ciencia-argentina/
es-verdadero-que-ordenaron-liberar-a-amado-boudou-bajo-fianza-y-con-tobillera-electronica,ordenaron liberar a Amado Boudou bajo fianza y con tobillera electrónica,verdadero,validacion,Verdadero,https://chequeado.com/verificacionfb/es-verdadero-que-ordenaron-liberar-a-amado-boudou-bajo-fianza-y-con-tobillera-electronica/
es-verdadero-que-otorgaran-8500-por-mes-a-jovenes-en-recuperacion-de-adiccion-a-drogas,otorgarán $8500 por mes a jóvenes en recuperación de adicción a drogas,verdadero,entrenamiento,Verdadero,https://chequeado.com/verificacionfb/es-verdadero-que-otorgaran-8500-por-mes-a-jovenes-en-recuperacion-de-adiccion-a-drogas/
es-verdadero-que-romina-del-pla-no-apoyo-la-ley-que-penaliza-la-tenencia-de-pornografia-infantil,Romina Del Plá no apoyó la ley que penaliza la tenencia de pornografía infantil,verdadero,entrenamiento,Verdadero,https://chequeado.com/verificacionfb/es-verdadero-que-romina-del-pla-no-apoyo-la-ley-que-penaliza-la-tenencia-de-pornografia-infantil/
es-verdadero-que-se-inundo-el-hospital-pasteur-de-la-provincia-de-cordoba,se inundó el Hospital Pasteur de la provincia de Córdoba,verdadero,entrenamiento,Verdadero,https://chequeado.com/verificacionfb/es-verdadero-que-se-inundo-el-hospital-pasteur-de-la-provincia-de-cordoba/
es-verdadero-que-un-agente-de-la-policia-federal-rocio-con-gas-lacrimogeno-a-una-nina-en-medio-de-la-manifestacion-frente-al-congreso,un agente de la Policía Federal roció con gas lacrimógeno a una niña en medio de la manifestación frente al Congreso,verdadero,entrenamiento,Verdadero,https://chequeado.com/ultimas-noticias/es-verdadero-que-un-agente-de-la-policia-federal-rocio-con-gas-lacrimogeno-a-una-nina-en-medio-de-la-manifestacion-frente-al-congreso/
es-verdadero-que-un-efectivo-de-la-policia-federal-portaba-un-simbolo-libertario-durante-el-operativo-de-seguridad-en-el-congreso-de-la-nacion,un efectivo de la Policía Federal portaba un símbolo libertario durante el operativo de seguridad en el Congreso de la Nación,verdadero,entrenamiento,Verdadero,https://chequeado.com/ultimas-noticias/es-verdadero-que-un-efectivo-de-la-policia-federal-portaba-un-simbolo-libertario-durante-el-operativo-de-seguridad-en-el-congreso-de-la-nacion/
es-verdadero-que-un-hombre-ataco-con-un-machete-a-los-vecinos-luego-del-triunfo-de-la-seleccion-argentina,un hombre atacó con un machete a los vecinos luego del triunfo de la Selección argentina,verdadero,entrenamiento,Verdadero,https://chequeado.com/ultimas-noticias/es-verdadero-que-un-hombre-ataco-con-un-machete-a-los-vecinos-luego-del-triunfo-de-la-seleccion-argentina/
es-verdadero-que-un-pasajero-grabo-dentro-del-avion-el-momento-de-un-accidente-aereo-en-nepal,un pasajero grabó dentro del avión el momento de un accidente aéreo en Nepal,verdadero,entrenamiento,Verdadero,https://chequeado.com/ultimas-noticias/es-verdadero-que-un-pasajero-grabo-dentro-del-avion-el-momento-de-un-accidente-aereo-en-nepal/
es-verdadero-que-un-proyecto-de-ley-busca-prohibir-la-mutilacion-de-animales-domesticos-con-fines-esteticos,un proyecto de ley busca prohibir la mutilación de animales domésticos con fines estéticos,verdadero,entrenamiento,Verdadero,https://chequeado.com/verificacionfb/es-verdadero-que-un-proyecto-de-ley-busca-prohibir-la-mutilacion-de-animales-domesticos-con-fines-esteticos/
es-verdadero-que-una-diputada-de-cambiemos-propone-izar-bandera-del-orgullo-gay-en-escuelas,una diputada de Cambiemos propone izar bandera del orgullo gay en escuelas,verdadero,entrenamiento,Verdadero,https://chequeado.com/verificacionfb/es-verdadero-que-una-diputada-de-cambiemos-propone-izar-bandera-del-orgullo-gay-en-escuelas/
es-verdadero-que-vidal-elimino-la-jubilacion-especial-para-ex-gobernadores-de-la-provincia,Vidal eliminó la jubilación especial para ex gobernadores de la Provincia,verdadero,validacion,Verdadero,https://chequeado.com/verificacionfb/es-verdadero-que-vidal-elimino-la-jubilacion-especial-para-ex-gobernadores-de-la-provincia/
espert-4-millones-de-personas-viven-en-villas-miseria,4 millones [de personas] viven en villas miseria,verdadero,entrenamiento,Verdadero,https://chequeado.com/ultimas-noticias/espert-4-millones-de-personas-viven-en-villas-miseria/
espert-casi-un-tercio-de-la-poblacion-argentina-en-los-ultimos-30-anos-ha-estado-bajo-la-linea-de-pobreza,Casi un tercio de la población argentina en los últimos 30 años ha estado bajo la línea de pobreza,verdadero,entrenamiento,"Verdadero, pero…",https://chequeado.com/ultimas-noticias/espert-casi-un-tercio-de-la-poblacion-argentina-en-los-ultimos-30-anos-ha-estado-bajo-la-linea-de-pobreza/
espert-durante-el-kirchnerismo-ingresaron-un-millon-y-medio-de-personas-al-estado-solo-para-militar-politicamente,"Durante el kirchnerismo ingresaron 1,5 millones de personas [al Estado] sólo para militar políticamente",falso,entrenamiento,Engañoso,https://chequeado.com/ultimas-noticias/espert-durante-el-kirchnerismo-ingresaron-un-millon-y-medio-de-personas-al-estado-solo-para-militar-politicamente/
espert-hay-5-millones-de-trabajadores-trabajando-en-negro,[Hay] 5 millones de trabajadores trabajando en negro,verdadero,entrenamiento,Verdadero,https://chequeado.com/ultimas-noticias/espert-hay-5-millones-de-trabajadores-trabajando-en-negro/
espert-sabes-por-que-crecen-las-exportaciones-porque-estan-subiendo-los-precios-internacionales,¿Sabés por qué crecen las exportaciones? Porque están subiendo los precios internacionales,verdadero,entrenamiento,"Verdadero, pero…",https://chequeado.com/ultimas-noticias/espert-sabes-por-que-crecen-las-exportaciones-porque-estan-subiendo-los-precios-internacionales/
espinoza-el-98-de-la-poblacion-de-la-matanza-esta-conectada-a-la-red-de-agua-potable,El 98% de la población de La Matanza está conectada a la red de agua potable,falso,entrenamiento,Falso,https://chequeado.com/ultimas-noticias/espinoza-el-98-de-la-poblacion-de-la-matanza-esta-conectada-a-la-red-de-agua-potable/
esteban-bullrich-claramente-hubo-en-las-paso-un-fraude-muy-muy-grande,"Claramente hubo en las PASO un fraude muy, muy grande",falso,entrenamiento,Falso,https://chequeado.com/ultimas-noticias/esteban-bullrich-claramente-hubo-en-las-paso-un-fraude-muy-muy-grande/
esteban-bullrich-hay-un-aumento-en-el-presupuesto-educativo-sancion-contra-sancion-del-50,"Hay un aumento en el presupuesto educativo, sanción contra sanción, del 50%",falso,entrenamiento,Engañoso,https://chequeado.com/ultimas-noticias/esteban-bullrich-hay-un-aumento-en-el-presupuesto-educativo-sancion-contra-sancion-del-50/
esteban-bullrich-se-invirtio-en-escuelas-un-50-mas-que-la-gestion-anterior,En dos años y medio se invirtió en escuelas un 50% más que la gestión anterior,falso,entrenamiento,Falso,https://chequeado.com/ultimas-noticias/esteban-bullrich-se-invirtio-en-escuelas-un-50-mas-que-la-gestion-anterior/
etchevehere-en-la-decada-se-cerraron-125-frigorificos,En la década (…) se cerraron 125 frigoríficos,verdadero,entrenamiento,"Verdadero, pero…",https://chequeado.com/ultimas-noticias/etchevehere-en-la-decada-se-cerraron-125-frigorificos/
etchevehere-este-ano-quedaron-dos-millones-de-hectareas-sin-sembrar-uruguay-siembra-en-total-17-millones,"Este año quedaron dos millones de hectáreas sin sembrar. Uruguay siembra en total 1,7 millones",verdadero,entrenamiento,Verdadero,https://chequeado.com/ultimas-noticias/etchevehere-este-ano-quedaron-dos-millones-de-hectareas-sin-sembrar-uruguay-siembra-en-total-17-millones/
etchevehere-perdimos-casi-12-millones-de-cabezas-que-es-el-stock-completo-del-uruguay,"Perdimos casi 12 millones de cabezas, que es el stock completo del Uruguay",verdadero,validacion,"Verdadero, pero…",https://chequeado.com/ultimas-noticias/etchevehere-perdimos-casi-12-millones-de-cabezas-que-es-el-stock-completo-del-uruguay/
etchevehere-sembramos-el-mismo-trigo-que-hace-100-anos,Sembramos el mismo trigo que hace 100 años,verdadero,entrenamiento,Verdadero,https://chequeado.com/ultimas-noticias/etchevehere-sembramos-el-mismo-trigo-que-hace-100-anos/
facundo-manes-sobre-la-educacion-en-la-ciudad-el-peso-del-presupuesto-del-ministerio-dentro-del-total-de-gastos-del-gobierno-porteno-se-redujo-del-238-al-185-entre-2011-y-2020,"El peso del presupuesto del ministerio dentro del total se redujo del 23,8% al 18,5% entre 2011 y 2020",verdadero,validacion,Verdadero,https://chequeado.com/ultimas-noticias/facundo-manes-sobre-la-educacion-en-la-ciudad-el-peso-del-presupuesto-del-ministerio-dentro-del-total-de-gastos-del-gobierno-porteno-se-redujo-del-238-al-185-entre-2011-y-2020/
facundo-moyano-el-impuesto-a-las-ganancias-afecta-a-1-300-000-trabajadores,El Impuesto a las Ganancias afecta a 1.300.000 trabajadores,verdadero,entrenamiento,Verdadero,https://chequeado.com/ultimas-noticias/facundo-moyano-el-impuesto-a-las-ganancias-afecta-a-1-300-000-trabajadores/
facundo-moyano-el-punto-mas-alto-de-asalariados-que-pago-ganancias-se-dio-en-2013-con-el-30,"El punto más alto de asalariados que pagó Ganancias se dio en 2013, con el 30%",verdadero,entrenamiento,Verdadero,https://chequeado.com/ultimas-noticias/facundo-moyano-el-punto-mas-alto-de-asalariados-que-pago-ganancias-se-dio-en-2013-con-el-30/
facundo-moyano-el-salario-minimo-va-a-estar-en-2800-y-se-cuenta-como-ocupados-a-trabajadores-que-estan-cobrando-1700,El salario mínimo va a estar en $ 2800 y se cuenta como ocupados a trabajadores que están cobrando $ 1700,verdadero,entrenamiento,"Verdadero, pero…",https://chequeado.com/ultimas-noticias/facundo-moyano-el-salario-minimo-va-a-estar-en-2800-y-se-cuenta-como-ocupados-a-trabajadores-que-estan-cobrando-1700/
facundo-moyano-se-multiplico-11-veces-desde-el-2006-la-presion-tributaria-sobre-los-trabajadores-y-solo-6-veces-sobre-las-empresas,"Se multiplicó 11 veces, desde el 2006, la presión tributaria sobre los trabajadores y solo 6 veces sobre las empresas",verdadero,entrenamiento,"Verdadero, pero…",https://chequeado.com/ultimas-noticias/facundo-moyano-se-multiplico-11-veces-desde-el-2006-la-presion-tributaria-sobre-los-trabajadores-y-solo-6-veces-sobre-las-empresas/
facundo-moyano-sobre-cambiemos-dijeron-que-en-su-gobierno-los-trabajadores-no-iban-a-pagar-ganancias-y-se-duplico-la-cantidad-de-trabajadores-alcanzados,Dijeron que en su gobierno los trabajadores no iban a pagar Ganancias y se duplicó la cantidad de trabajadores alcanzados,verdadero,entrenamiento,"Verdadero, pero…",https://chequeado.com/ultimas-noticias/facundo-moyano-sobre-cambiemos-dijeron-que-en-su-gobierno-los-trabajadores-no-iban-a-pagar-ganancias-y-se-duplico-la-cantidad-de-trabajadores-alcanzados/
facundo-moyano-sobre-la-reunion-del-consejo-directivo-de-la-cgt-yo-estuve-de-36-gremios-27-van-a-acompanar-el-paro,"Yo estuve: de 36 gremios, 27 van a acompañar el paro",falso,entrenamiento,Engañoso,https://chequeado.com/ultimas-noticias/facundo-moyano-sobre-la-reunion-del-consejo-directivo-de-la-cgt-yo-estuve-de-36-gremios-27-van-a-acompanar-el-paro/
farina-soy-la-unica-persona-que-estuvo-presa-por-el-delito-de-evasion-fiscal,Soy la única persona que estuvo presa por el delito de evasión fiscal,falso,entrenamiento,Falso,https://chequeado.com/ultimas-noticias/farina-soy-la-unica-persona-que-estuvo-presa-por-el-delito-de-evasion-fiscal/
federico-sturzenegger-las-exportaciones-vienen-creciendo-8-veces-mas-rapido-que-el-pbi,Las exportaciones vienen creciendo 8 veces más rápido que el PBI,verdadero,validacion,Verdadero,https://chequeado.com/ultimas-noticias/federico-sturzenegger-las-exportaciones-vienen-creciendo-8-veces-mas-rapido-que-el-pbi/
feletti-hasta-el-momento-por-cada-punto-que-crece-el-producto-las-importaciones-crecen-tres-puntos,"Por cada punto que crece el producto, las importaciones crecen tres puntos",verdadero,entrenamiento,"Verdadero, pero…",https://chequeado.com/ultimas-noticias/feletti-hasta-el-momento-por-cada-punto-que-crece-el-producto-las-importaciones-crecen-tres-puntos/
feletti-la-diferencia-mas-grande-entre-un-presupuesto-presentado-y-la-realidad-se-da-justamente-en-2014,La diferencia más grande entre un presupuesto presentado y la realidad se da justamente en 2014,falso,entrenamiento,Engañoso,https://chequeado.com/ultimas-noticias/feletti-la-diferencia-mas-grande-entre-un-presupuesto-presentado-y-la-realidad-se-da-justamente-en-2014/
feletti-la-inversion-en-educacion-ha-tenido-un-correlato-en-la-baja-de-desercion-en-el-secundario,La inversión en Educación ha tenido un correlato en la baja de deserción en el secundario,verdadero,entrenamiento,"Verdadero, pero…",https://chequeado.com/ultimas-noticias/feletti-la-inversion-en-educacion-ha-tenido-un-correlato-en-la-baja-de-desercion-en-el-secundario/
feletti-nosotros-llevamos-el-consumo-per-capita-a-un-promedio-de-55-kilos-por-habitante-de-carne-vacuna,Nosotros llevamos el consumo per cápita a un promedio de 55 kilos por habitante de carne vacuna,falso,entrenamiento,Engañoso,https://chequeado.com/ultimas-noticias/feletti-nosotros-llevamos-el-consumo-per-capita-a-un-promedio-de-55-kilos-por-habitante-de-carne-vacuna/
feletti-si-uno-mira-todos-los-anos-previos-el-presupuesto-se-ha-venido-cumpliendo-punto-mas-punto-menos,"Si uno mira todos los años previos [el presupuesto] se ha venido cumpliendo, punto más, punto menos",falso,entrenamiento,Falso,https://chequeado.com/ultimas-noticias/feletti-si-uno-mira-todos-los-anos-previos-el-presupuesto-se-ha-venido-cumpliendo-punto-mas-punto-menos/
felipe-sola-en-octubre-de-2004-se-produjo-el-ultimo-secuestro-extorsivo-en-la-provincia,En octubre de 2004 se produjo el último secuestro extorsivo en la provincia,falso,validacion,Falso,https://chequeado.com/ultimas-noticias/felipe-sola-en-octubre-de-2004-se-produjo-el-ultimo-secuestro-extorsivo-en-la-provincia/
felix-diaz-formosa-esta-primera-en-todo-los-indicadores-sociales-negativos,Formosa está primera en todos [los indicadores sociales negativos],verdadero,entrenamiento,Verdadero,https://chequeado.com/ultimas-noticias/felix-diaz-formosa-esta-primera-en-todo-los-indicadores-sociales-negativos/
fernan-quiros-la-ciudad-de-buenos-aires-tiene-una-piramide-poblacional-mas-envejecida-que-el-promedio,La Ciudad de Buenos Aires tiene una pirámide poblacional más envejecida que el promedio,verdadero,entrenamiento,Verdadero,https://chequeado.com/ultimas-noticias/fernan-quiros-la-ciudad-de-buenos-aires-tiene-una-piramide-poblacional-mas-envejecida-que-el-promedio/
fernanda-raverta-hemos-logrado-que-las-jubilaciones-minimas-aumenten-un-107-por-lo-tanto-podemos-decir-que-los-aumentos-le-ganan-a-la-inflacion,"Hemos logrado que las jubilaciones mínimas aumenten un 107%, por lo tanto podemos decir que los aumentos le ganan a la inflación",falso,entrenamiento,Falso,https://chequeado.com/ultimas-noticias/fernanda-raverta-hemos-logrado-que-las-jubilaciones-minimas-aumenten-un-107-por-lo-tanto-podemos-decir-que-los-aumentos-le-ganan-a-la-inflacion/
fernandez-el-ano-pasado-hubo-3-262-personas-asesinadas,El año pasado hubo 3.262 personas asesinadas,falso,validacion,Falso,https://chequeado.com/ultimas-noticias/fernandez-el-ano-pasado-hubo-3-262-personas-asesinadas/
fernandez-el-precio-del-asado-en-el-ano-2015-era-77-en-diciembre-de-2019-era-300-lo-unico-que-subio-fue-el-precio,"El precio del asado en el año 2015 era $ 77, en diciembre de 2019 era $ 300. Lo único que subió fue el precio",falso,entrenamiento,Engañoso,https://chequeado.com/ultimas-noticias/fernandez-el-precio-del-asado-en-el-ano-2015-era-77-en-diciembre-de-2019-era-300-lo-unico-que-subio-fue-el-precio/
fernandez-el-presupuesto-de-salud-en-su-gestion-de-macri-cayo-un-23,El presupuesto [de salud] en su gestión [de Macri] cayó un 23%,verdadero,validacion,Verdadero,https://chequeado.com/ultimas-noticias/fernandez-el-presupuesto-de-salud-en-su-gestion-de-macri-cayo-un-23/
fernandez-el-presupuesto-de-seguridad-en-relacion-al-2015-cayo-en-terminos-reales-un-38,El presupuesto de Seguridad en relación al 2015 cayó en términos reales un 38%,falso,entrenamiento,Engañoso,https://chequeado.com/ultimas-noticias/fernandez-el-presupuesto-de-seguridad-en-relacion-al-2015-cayo-en-terminos-reales-un-38/
fernandez-el-presupuesto-educativo-desde-el-2015-a-hoy-cayo-un-40,El presupuesto educativo desde el 2015 a hoy cayó un 40%,verdadero,entrenamiento,Verdadero,https://chequeado.com/ultimas-noticias/fernandez-el-presupuesto-educativo-desde-el-2015-a-hoy-cayo-un-40/
fernandez-la-argentina-es-un-pais-que-consume-el-70-de-lo-que-produce,La Argentina es un país que consume el 70% de lo que produce,verdadero,entrenamiento,"Verdadero, pero…",https://chequeado.com/ultimas-noticias/fernandez-la-argentina-es-un-pais-que-consume-el-70-de-lo-que-produce/
fernandez-la-capacidad-instalada-hoy-esta-usada-solo-en-un-60,La capacidad instalada [en la industria manufacturera] hoy está usada solo en un 60%,verdadero,entrenamiento,Verdadero,https://chequeado.com/ultimas-noticias/fernandez-la-capacidad-instalada-hoy-esta-usada-solo-en-un-60/
fernandez-las-sociedades-mas-igualitarias-son-las-sociedades-que-menos-crimen-tienen,Las sociedades más igualitarias son las sociedades que menos crimen tienen,verdadero,entrenamiento,Verdadero,https://chequeado.com/ultimas-noticias/fernandez-las-sociedades-mas-igualitarias-son-las-sociedades-que-menos-crimen-tienen/
fernandez-los-intereses-de-la-deuda-los-servicios-de-la-deuda-aumentaron-en-su-tiempo-de-macri-un-70,"Los intereses de la deuda, los servicios de la deuda, aumentaron en su tiempo [de Macri] un 70%",verdadero,entrenamiento,"Verdadero, pero…",https://chequeado.com/ultimas-noticias/fernandez-los-intereses-de-la-deuda-los-servicios-de-la-deuda-aumentaron-en-su-tiempo-de-macri-un-70/
fernandez-nosotros-pandemia-de-por-medio-con-la-regla-de-que-el-salario-le-gane-a-la-inflacion-llevamos-recuperados-4-puntos,"Nosotros, pandemia de por medio, con la regla de que el salario le gane a la inflación llevamos recuperados 4 puntos",falso,validacion,Engañoso,https://chequeado.com/ultimas-noticias/fernandez-nosotros-pandemia-de-por-medio-con-la-regla-de-que-el-salario-le-gane-a-la-inflacion-llevamos-recuperados-4-puntos/
fernandez-pasaron-siete-semestres-presidente-no-entro-un-centavo-a-la-argentina-de-inversiones-de-esas-potencias,"Pasaron siete semestres, Presidente. No entró un centavo a la Argentina de inversiones de esas potencias",falso,validacion,Falso,https://chequeado.com/ultimas-noticias/fernandez-pasaron-siete-semestres-presidente-no-entro-un-centavo-a-la-argentina-de-inversiones-de-esas-potencias/
fernandez-sagasti-al-25-de-septiembre-solo-se-ejecuto-el-24-del-presupuesto-de-salud-sexual-y-procreacion-responsable,Al 25 de septiembre sólo se ejecutó el 24% del presupuesto de Salud Sexual y Procreación Responsable,falso,entrenamiento,Engañoso,https://chequeado.com/ultimas-noticias/fernandez-sagasti-al-25-de-septiembre-solo-se-ejecuto-el-24-del-presupuesto-de-salud-sexual-y-procreacion-responsable/
fernandez-si-a-usted-le-preocupa-la-igualdad-de-genero-ocupese-de-que-el-presupuesto-se-ejecute-adecuadamente-porque-hasta-aca-solo-ejecutaron-el-10-de-ese-presupuesto,Si a usted le preocupa la igualdad de género ocúpese de que el presupuesto se ejecute adecuadamente porque hasta acá solo ejecutaron el 10% de ese presupuesto,falso,entrenamiento,Falso,https://chequeado.com/ultimas-noticias/fernandez-si-a-usted-le-preocupa-la-igualdad-de-genero-ocupese-de-que-el-presupuesto-se-ejecute-adecuadamente-porque-hasta-aca-solo-ejecutaron-el-10-de-ese-presupuesto/
fernandez-sobre-la-carne-entre-2015-y-2019-no-aumentaron-la-cantidad-de-cabezas-de-ganado,[Entre 2015 y 2019] no aumentaron la cantidad de cabezas [de ganado],falso,entrenamiento,Falso,https://chequeado.com/ultimas-noticias/fernandez-sobre-la-carne-entre-2015-y-2019-no-aumentaron-la-cantidad-de-cabezas-de-ganado/
fernandez-sobre-la-carne-vino-macri-saco-las-retenciones-abrio-todas-las-exportaciones,"Vino Macri, sacó las retenciones, abrió todas las exportaciones",verdadero,entrenamiento,Verdadero,https://chequeado.com/ultimas-noticias/fernandez-sobre-la-carne-vino-macri-saco-las-retenciones-abrio-todas-las-exportaciones/
fernandez-sobre-la-gestion-de-macri-cada-vez-es-menor-el-peso-del-novillo-que-se-faena,Cada vez es menor el peso del novillo que se faena,falso,entrenamiento,Falso,https://chequeado.com/ultimas-noticias/fernandez-sobre-la-gestion-de-macri-cada-vez-es-menor-el-peso-del-novillo-que-se-faena/
fernandez-sobre-la-reestructuracion-de-la-deuda-con-privados-logramos-ahorrar-alrededor-de-us-37-mil-millones-de-intereses-al-cabo-de-10-anos,Logramos ahorrar alrededor de US$ 37 mil millones de intereses al cabo de 10 años,verdadero,entrenamiento,Verdadero,https://chequeado.com/ultimas-noticias/fernandez-sobre-la-reestructuracion-de-la-deuda-con-privados-logramos-ahorrar-alrededor-de-us-37-mil-millones-de-intereses-al-cabo-de-10-anos/
fernandez-somos-el-pais-con-menos-muertes-del-mundo,Somos el país con menos muertes del mundo,falso,entrenamiento,Falso,https://chequeado.com/ultimas-noticias/fernandez-somos-el-pais-con-menos-muertes-del-mundo/
fernandez-van-11-meses-consecutivos-de-generacion-de-empleo-formal-en-la-industria-el-gobierno-que-me-precedio-de-48-meses-que-fue-el-gobierno-46-meses-cayo-el-empleo-industrial,"Van 11 meses consecutivos de generación de empleo formal en la industria. El gobierno que me precedió, de 48 meses que fue el gobierno, 46 meses cayó el empleo industrial",verdadero,entrenamiento,Verdadero,https://chequeado.com/ultimas-noticias/fernandez-van-11-meses-consecutivos-de-generacion-de-empleo-formal-en-la-industria-el-gobierno-que-me-precedio-de-48-meses-que-fue-el-gobierno-46-meses-cayo-el-empleo-industrial/
fernandezlas-mujeres-jovenes-hoy-en-dia-duplican-en-terminos-de-desempleo-al-desempleo-general-del-pais,"Las mujeres jóvenes, hoy en día, duplican en términos de desempleo al desempleo general del país",verdadero,entrenamiento,Verdadero,https://chequeado.com/ultimas-noticias/fernandezlas-mujeres-jovenes-hoy-en-dia-duplican-en-terminos-de-desempleo-al-desempleo-general-del-pais/
filmus-el-40-de-los-gastos-de-una-familia-va-a-las-tarifas-y-si-tiene-alquiler-es-el-80,El 40% de los gastos de una familia va a las tarifas y si tiene alquiler es el 80,falso,entrenamiento,Falso,https://chequeado.com/ultimas-noticias/filmus-el-40-de-los-gastos-de-una-familia-va-a-las-tarifas-y-si-tiene-alquiler-es-el-80/
filmus-el-instituto-de-vivienda-porteno-solo-ejecuto-el-186-de-su-presupuesto-anual,"El Instituto de Vivienda porteño sólo ejecutó el 18,6% de su presupuesto anual",verdadero,entrenamiento,Verdadero,https://chequeado.com/ultimas-noticias/filmus-el-instituto-de-vivienda-porteno-solo-ejecuto-el-186-de-su-presupuesto-anual/
filmus-segun-datos-del-fmi-la-argentina-despues-de-china-y-la-india-es-el-pais-que-mas-va-a-crecer-en-2013,"[Según datos del FMI] la Argentina, después de China y la India, es el país que más va a crecer [en 2013]",falso,entrenamiento,Falso,https://chequeado.com/ultimas-noticias/filmus-segun-datos-del-fmi-la-argentina-despues-de-china-y-la-india-es-el-pais-que-mas-va-a-crecer-en-2013/
filmus-sobre-los-jovenes-ni-ni-son-muchos-menos-ahora-de-los-que-habia-en-2003,Son muchos menos ahora de los que había en 2003,verdadero,entrenamiento,"Verdadero, pero…",https://chequeado.com/ultimas-noticias/filmus-sobre-los-jovenes-ni-ni-son-muchos-menos-ahora-de-los-que-habia-en-2003/
financial-times-la-argentina-esta-a-punto-de-emitir-la-mayor-deuda-en-moneda-extranjera-de-un-pais-en-desarrollo-desde-1996,La Argentina está a punto de emitir la mayor deuda [en moneda extranjera] de un país en desarrollo desde 1996,verdadero,entrenamiento,Verdadero,https://chequeado.com/ultimas-noticias/financial-times-la-argentina-esta-a-punto-de-emitir-la-mayor-deuda-en-moneda-extranjera-de-un-pais-en-desarrollo-desde-1996/
fit-en-la-ciudad-de-buenos-aires-hay-mas-de-500-mil-personas-en-emergencia-habitacional,En la Ciudad de Buenos Aires hay más de 500 mil personas en emergencia habitacional,verdadero,entrenamiento,Verdadero,https://chequeado.com/ultimas-noticias/fit-en-la-ciudad-de-buenos-aires-hay-mas-de-500-mil-personas-en-emergencia-habitacional/
fit-la-mitad-de-los-trabajadores-ganamos-menos-de-6-000-y-un-tercio-estamos-precarizados,La mitad de los trabajadores ganamos menos de $ 6.000 y un tercio estamos precarizados,verdadero,validacion,Verdadero,https://chequeado.com/ultimas-noticias/fit-la-mitad-de-los-trabajadores-ganamos-menos-de-6-000-y-un-tercio-estamos-precarizados/
fito-paez-no-promociona-un-tratamiento-del-doctor-daniel-lopez-rosetti-este-video-fue-realizado-con-ia,Fito Paéz promociona un tratamiento del doctor Daniel López Rosetti: este video fue realizado con IA,falso,entrenamiento,Falso,https://chequeado.com/ultimas-noticias/fito-paez-no-promociona-un-tratamiento-del-doctor-daniel-lopez-rosetti-este-video-fue-realizado-con-ia/
florencia-saintout-el-70-de-las-noticias-sobre-jovenes-se-publican-en-la-seccion-policial,El 70% de las noticias sobre jóvenes se publican en la sección policial,verdadero,entrenamiento,Verdadero,https://chequeado.com/ultimas-noticias/florencia-saintout-el-70-de-las-noticias-sobre-jovenes-se-publican-en-la-seccion-policial/
fortuna-un-egresado-de-una-universidad-publica-cuesta-mas-que-en-la-privada-mas-cara,Un egresado de una universidad pública cuesta más que en la privada más cara,falso,entrenamiento,Engañoso,https://chequeado.com/ultimas-noticias/fortuna-un-egresado-de-una-universidad-publica-cuesta-mas-que-en-la-privada-mas-cara/
fraga-cristina-en-su-primer-gobierno-no-tuvo-ningun-paro-en-el-segundo-van-a-ser-cinco,Cristina en su primer gobierno no tuvo ningún paro; en el segundo van a ser cinco,verdadero,validacion,Verdadero,https://chequeado.com/ultimas-noticias/fraga-cristina-en-su-primer-gobierno-no-tuvo-ningun-paro-en-el-segundo-van-a-ser-cinco/
frente-de-izquierda-el-75-de-los-jubilados-cobran-2150-pesos,El 75% de los jubilados cobra 2150 pesos,verdadero,entrenamiento,"Verdadero, pero…",https://chequeado.com/ultimas-noticias/frente-de-izquierda-el-75-de-los-jubilados-cobran-2150-pesos/
frigerio-el-gobierno-anterior-habia-concentrado-como-nunca-antes-en-la-historia-los-recursos-en-el-poder-central,El Gobierno anterior había concentrado como nunca antes en la historia los recursos en el poder central,verdadero,entrenamiento,"Verdadero, pero…",https://chequeado.com/ultimas-noticias/frigerio-el-gobierno-anterior-habia-concentrado-como-nunca-antes-en-la-historia-los-recursos-en-el-poder-central/
frigerio-es-mentira-lo-que-dice-cristina-los-resultados-con-su-gobierno-en-la-ultima-eleccion-los-teniamos-al-mediodia-del-dia-siguiente,En la última elección los resultados los tuvimos al mediodía del día siguiente,verdadero,entrenamiento,"Verdadero, pero…",https://chequeado.com/ultimas-noticias/frigerio-es-mentira-lo-que-dice-cristina-los-resultados-con-su-gobierno-en-la-ultima-eleccion-los-teniamos-al-mediodia-del-dia-siguiente/
frigerio-la-argentina-lo-tenemos-que-reconocer-es-de-los-paises-mas-vulnerables-del-mundo,"La Argentina, lo tenemos que reconocer, es de los países más vulnerables del mundo",verdadero,entrenamiento,"Verdadero, pero…",https://chequeado.com/ultimas-noticias/frigerio-la-argentina-lo-tenemos-que-reconocer-es-de-los-paises-mas-vulnerables-del-mundo/
frigerio-todos-los-meses-sistematicamente-viene-aumentando-la-venta-de-autos-a-nivel-local,Todos los meses sistemáticamente viene aumentando la venta de autos a nivel local,verdadero,entrenamiento,"Verdadero, pero…",https://chequeado.com/ultimas-noticias/frigerio-todos-los-meses-sistematicamente-viene-aumentando-la-venta-de-autos-a-nivel-local/
frigerio-vetamos-muchas-menos-leyes-que-el-gobierno-nacional,Vetamos muchas menos leyes que el Gobierno nacional,falso,entrenamiento,Falso,https://chequeado.com/ultimas-noticias/frigerio-vetamos-muchas-menos-leyes-que-el-gobierno-nacional/
funes-de-rioja-un-alimento-tiene-40-de-impuestos-entre-nacion-provincia-y-municipios,"Un alimento tiene 40% de impuestos entre Nación, provincia y municipios",verdadero,entrenamiento,Verdadero,https://chequeado.com/ultimas-noticias/funes-de-rioja-un-alimento-tiene-40-de-impuestos-entre-nacion-provincia-y-municipios/
g-gonzalez-de-cada-10-embarazos-adolescentes-siete-no-son-deseados,"De cada 10 embarazos adolescentes, siete no son deseados",verdadero,entrenamiento,Verdadero,https://chequeado.com/ultimas-noticias/g-gonzalez-de-cada-10-embarazos-adolescentes-siete-no-son-deseados/
gabbi-en-america-no-hay-ningun-pais-fronterizo-hay-que-remontarse-a-africa-para-encontrar-uno,"La Argentina es el único país fronterizo de América, hay que remontarse a África para encontrar uno",falso,entrenamiento,Engañoso,https://chequeado.com/ultimas-noticias/gabbi-en-america-no-hay-ningun-pais-fronterizo-hay-que-remontarse-a-africa-para-encontrar-uno/
gabriela-cerruti-no-hay-ninguna-instancia-judicial-en-que-la-justicia-argentina-diga-que-el-fiscal-nisman-fue-asesinado,No hay ninguna instancia judicial en que la Justicia argentina diga que el fiscal Nisman fue asesinado,falso,entrenamiento,Falso,https://chequeado.com/ultimas-noticias/gabriela-cerruti-no-hay-ninguna-instancia-judicial-en-que-la-justicia-argentina-diga-que-el-fiscal-nisman-fue-asesinado/
galmarini-del-total-de-jovenes-que-no-estudian-ni-trabajan-en-la-provincia-de-buenos-aires-el-75-son-mujeres,"Del total de jóvenes que no estudian ni trabajan en la Provincia de Buenos Aires, el 75% son mujeres",verdadero,entrenamiento,Verdadero,https://chequeado.com/ultimas-noticias/galmarini-del-total-de-jovenes-que-no-estudian-ni-trabajan-en-la-provincia-de-buenos-aires-el-75-son-mujeres/
galuccio-en-los-ultimos-tres-anos-ypf-crecio-un-35-en-produccion-de-gas-y-un-10-en-produccion-de-petroleo,En los últimos tres años YPF creció un 35% en producción de gas [y] un 10% en producción de petróleo,verdadero,entrenamiento,Verdadero,https://chequeado.com/ultimas-noticias/galuccio-en-los-ultimos-tres-anos-ypf-crecio-un-35-en-produccion-de-gas-y-un-10-en-produccion-de-petroleo/
garavano-la-relacion-entre-los-delitos-cometidos-y-las-personas-condenadas-es-menor-al-1,La relación entre los delitos cometidos y las personas condenadas es menor al 1%,verdadero,entrenamiento,"Verdadero, pero…",https://chequeado.com/ultimas-noticias/garavano-la-relacion-entre-los-delitos-cometidos-y-las-personas-condenadas-es-menor-al-1/
garavano-por-cada-100-delitos-que-se-cometen-menos-de-una-persona-esta-cumpliendo-prision-efectiva,"Por cada 100 delitos que se cometen, menos de una persona está cumpliendo prisión efectiva",verdadero,validacion,Verdadero,https://chequeado.com/ultimas-noticias/garavano-por-cada-100-delitos-que-se-cometen-menos-de-una-persona-esta-cumpliendo-prision-efectiva/
gerardo-martinez-en-el-sector-de-la-construccion-se-perdieron-60-mil-puestos-directos-de-trabajo,[En el sector de la construcción se perdieron] 60 mil puestos directos de trabajo,verdadero,entrenamiento,Verdadero,https://chequeado.com/ultimas-noticias/gerardo-martinez-en-el-sector-de-la-construccion-se-perdieron-60-mil-puestos-directos-de-trabajo/
gerardo-morales-macri-termino-su-gestion-con-us-1-700-millones-de-deficit-de-las-empresas-publicas-y-este-gobierno-lo-llevo-a-us-5-300-millones,Macri terminó su gestión con US$ 1.700 millones de déficit de las empresas públicas y este gobierno lo llevó a US$ 5.300 millones,verdadero,validacion,Verdadero,https://chequeado.com/ultimas-noticias/gerardo-morales-macri-termino-su-gestion-con-us-1-700-millones-de-deficit-de-las-empresas-publicas-y-este-gobierno-lo-llevo-a-us-5-300-millones/
gerardo-morales-sobre-la-tasa-de-desempleo-es-de-7-en-el-pais-y-42-en-jujuy,"Es de 7% en el país y 4,2% en Jujuy",falso,entrenamiento,Engañoso,https://chequeado.com/ultimas-noticias/gerardo-morales-sobre-la-tasa-de-desempleo-es-de-7-en-el-pais-y-42-en-jujuy/
gerry-garbulsky-hay-mas-accidentes-de-autos-causados-por-gente-que-esta-usando-el-celular-mandando-mensajitos-de-texto-o-hablando-que-por-gente-alcoholizada,"Hay más accidentes de autos causados por gente que está usando el celular, mandando mensajitos de texto o hablando, que por gente alcoholizada",falso,entrenamiento,Falso,https://chequeado.com/ultimas-noticias/gerry-garbulsky-hay-mas-accidentes-de-autos-causados-por-gente-que-esta-usando-el-celular-mandando-mensajitos-de-texto-o-hablando-que-por-gente-alcoholizada/
gils-carbo-solo-llega-a-condena-el-10-de-los-delitos-economicos,Solo llega a condena el 10% de los delitos económicos,verdadero,entrenamiento,Verdadero,https://chequeado.com/ultimas-noticias/gils-carbo-solo-llega-a-condena-el-10-de-los-delitos-economicos/
gines-gonzalez-garcia-hay-1-100-o-1-200-abortos-en-el-dia-de-hoy-unas-100-o-120-internaciones-solo-en-los-hospitales-publicos,"[Hay] 1.100 o 1.200 abortos en el día de hoy, unas 100 o 120 internaciones sólo en los hospitales públicos",verdadero,entrenamiento,Verdadero,https://chequeado.com/ultimas-noticias/gines-gonzalez-garcia-hay-1-100-o-1-200-abortos-en-el-dia-de-hoy-unas-100-o-120-internaciones-solo-en-los-hospitales-publicos/
giorgi-argentina-es-el-unico-pais-de-latinoamerica-que-no-primariza-sus-exportaciones,Argentina es el único país de Latinoamérica que no primariza sus exportaciones,verdadero,entrenamiento,"Verdadero, pero…",https://chequeado.com/ultimas-noticias/giorgi-argentina-es-el-unico-pais-de-latinoamerica-que-no-primariza-sus-exportaciones/
giorgi-en-la-industria-generamos-mas-de-un-millon-de-puestos-de-trabajo,[En la industria] generamos más de un millón de puestos de trabajo,falso,validacion,Falso,https://chequeado.com/ultimas-noticias/giorgi-en-la-industria-generamos-mas-de-un-millon-de-puestos-de-trabajo/
giorgi-la-participacion-nacional-de-celulares-paso-al-97,La participación nacional de celulares pasó al 97%,falso,entrenamiento,Engañoso,https://chequeado.com/ultimas-noticias/giorgi-la-participacion-nacional-de-celulares-paso-al-97/
giustiniani-tenemos-las-tarifas-mas-caras-del-mundo,Tenemos las tarifas más caras del mundo,verdadero,validacion,Verdadero,https://chequeado.com/ultimas-noticias/giustiniani-tenemos-las-tarifas-mas-caras-del-mundo/
giustozzi-despues-de-50-anos-se-esta-expandiendo-la-red-cloacal-en-almirante-brown,Después de 50 años se está expandiendo la red cloacal en Almirante Brown,falso,entrenamiento,Engañoso,https://chequeado.com/ultimas-noticias/giustozzi-despues-de-50-anos-se-esta-expandiendo-la-red-cloacal-en-almirante-brown/
gladys-gonzalez-en-argentina-1-de-cada-3-hogares-no-tiene-acceso-a-internet,En Argentina 1 de cada 3 hogares no tiene acceso a internet,verdadero,entrenamiento,Verdadero,https://chequeado.com/ultimas-noticias/gladys-gonzalez-en-argentina-1-de-cada-3-hogares-no-tiene-acceso-a-internet/
gollan-el-aborto-es-una-causa-de-muerte-materna,[El aborto] es una causa de muerte materna,verdadero,entrenamiento,Verdadero,https://chequeado.com/ultimas-noticias/gollan-el-aborto-es-una-causa-de-muerte-materna/
gollan-pfizer-le-vendio-10-millones-a-chile-pero-le-entrego-30-mil-vacunas-hasta-hoy,"Pfizer le vendió 10 millones a Chile, pero le entregó 30 mil vacunas hasta hoy",falso,validacion,Falso,https://chequeado.com/ultimas-noticias/gollan-pfizer-le-vendio-10-millones-a-chile-pero-le-entrego-30-mil-vacunas-hasta-hoy/
gomez-centurion-durante-decadas-la-argentina-fue-uno-de-los-paises-de-america-latina-que-menos-invirtio-en-su-sistema-de-defensa,Durante décadas la Argentina fue uno de los países de América Latina que menos invirtió en su sistema de defensa,verdadero,entrenamiento,Verdadero,https://chequeado.com/ultimas-noticias/gomez-centurion-durante-decadas-la-argentina-fue-uno-de-los-paises-de-america-latina-que-menos-invirtio-en-su-sistema-de-defensa/
gomez-centurion-entre-los-anos-2003-y-2017-se-perdieron-270-mil-chicos-de-matricula,Entre los años 2003 y 2017 se perdieron 270 mil chicos de matrícula,falso,entrenamiento,Falso,https://chequeado.com/ultimas-noticias/gomez-centurion-entre-los-anos-2003-y-2017-se-perdieron-270-mil-chicos-de-matricula/
gomez-centurion-hay-casi-4-millones-de-jovenes-entre-19-y-25-anos-que-cobran-plan-por-no-trabajar,Hay casi 4 millones de jóvenes entre 19 y 25 años que cobran plan por no trabajar,falso,entrenamiento,Falso,https://chequeado.com/ultimas-noticias/gomez-centurion-hay-casi-4-millones-de-jovenes-entre-19-y-25-anos-que-cobran-plan-por-no-trabajar/
gomez-centurion-hay-una-candidata-a-vicepresidente-con-8-procesamientos,[Hay] una candidata a vicepresidente con 8 procesamientos,verdadero,entrenamiento,Verdadero,https://chequeado.com/ultimas-noticias/gomez-centurion-hay-una-candidata-a-vicepresidente-con-8-procesamientos/
gonzalez-garcia-hace-3-anos-seguidos-que-cae-la-venta-de-medicamentos-de-recetas,Hace 3 años seguidos que cae la venta de medicamentos de recetas,verdadero,validacion,Verdadero,https://chequeado.com/ultimas-noticias/gonzalez-garcia-hace-3-anos-seguidos-que-cae-la-venta-de-medicamentos-de-recetas/
gonzalez-garcia-sobre-el-ensayo-clinico-de-la-oms-fuimos-elegidos-por-nuestra-caracteristica-y-por-como-venimos-funcionando-dentro-de-la-epidemia,[Fuimos elegidos] por nuestra característica y por cómo venimos funcionando dentro de la epidemia,falso,validacion,Engañoso,https://chequeado.com/ultimas-noticias/gonzalez-garcia-sobre-el-ensayo-clinico-de-la-oms-fuimos-elegidos-por-nuestra-caracteristica-y-por-como-venimos-funcionando-dentro-de-la-epidemia/
grabois-en-los-70-cuantos-trabajadores-registrados-del-sector-privado-habia-en-la-argentina-6-millones-hoy-hay-6-millones,"En los 70, ¿cuántos trabajadores registrados del sector privado había en la Argentina? 6 millones. Hoy (…) hay 6 millones",falso,entrenamiento,Falso,https://chequeado.com/ultimas-noticias/grabois-en-los-70-cuantos-trabajadores-registrados-del-sector-privado-habia-en-la-argentina-6-millones-hoy-hay-6-millones/
guastavino-se-estiman-entre-44-mil-y-53-mil-egresos-hospitalarios-anuales-por-abortos-con-complicaciones,[Se estiman] entre 44 mil y 53 mil egresos hospitalarios anuales por abortos con complicaciones,verdadero,entrenamiento,Verdadero,https://chequeado.com/ultimas-noticias/guastavino-se-estiman-entre-44-mil-y-53-mil-egresos-hospitalarios-anuales-por-abortos-con-complicaciones/
guillermo-francos-durante-los-primeros-9-meses-de-2024-el-aumento-de-salarios-fue-de-1192-176-puntos-porcentuales-por-encima-de-la-inflacion,"Durante los primeros 9 meses de 2024, el aumento de salarios fue de 119,2%, 17,6 puntos porcentuales por encima de la inflación",falso,entrenamiento,Engañoso,https://chequeado.com/ultimas-noticias/guillermo-francos-durante-los-primeros-9-meses-de-2024-el-aumento-de-salarios-fue-de-1192-176-puntos-porcentuales-por-encima-de-la-inflacion/
guillermo-francos-en-lo-que-va-del-periodo-democratico-ningun-gobierno-ha-conseguido-tener-superavit-durante-7-meses-seguidos-como-lo-hemos-tenido-nosotros,"En lo que va del período democrático, ningún gobierno ha conseguido tener superávit durante 7 meses seguidos como lo hemos tenido nosotros",falso,entrenamiento,Falso,https://chequeado.com/ultimas-noticias/guillermo-francos-en-lo-que-va-del-periodo-democratico-ningun-gobierno-ha-conseguido-tener-superavit-durante-7-meses-seguidos-como-lo-hemos-tenido-nosotros/
guillermo-francos-no-es-cierto-que-la-provincia-de-misiones-haya-tenido-mas-atn-que-otras-provincias,No es cierto que la provincia de Misiones haya tenido más ATN que otras provincias,falso,entrenamiento,Engañoso,https://chequeado.com/ultimas-noticias/guillermo-francos-no-es-cierto-que-la-provincia-de-misiones-haya-tenido-mas-atn-que-otras-provincias/
guillermo-francos-tenemos-5-774-000-jubilaciones-sin-moratoria-1-800-000-con-moratoria-3-900-000,"Tenemos 5.774.000 jubilaciones. Sin moratoria, 1.800.000. Con moratoria, 3.900.000",verdadero,validacion,Verdadero,https://chequeado.com/ultimas-noticias/guillermo-francos-tenemos-5-774-000-jubilaciones-sin-moratoria-1-800-000-con-moratoria-3-900-000/
guillermo-pereyra-el-minimo-de-los-jubilados-no-se-incrementa-de-la-misma-manera-que-se-incrementa-el-salario-minimo,El mínimo de los jubilados no se incrementa como el salario mínimo,falso,entrenamiento,Falso,https://chequeado.com/ultimas-noticias/guillermo-pereyra-el-minimo-de-los-jubilados-no-se-incrementa-de-la-misma-manera-que-se-incrementa-el-salario-minimo/
guzman-el-94-de-las-posiciones-arancelarias-hoy-tiene-una-alicuota-menor-que-cuando-empezamos-el-gobierno,El 94% de las posiciones [arancelarias] hoy tiene una alícuota menor que cuando empezamos el gobierno,falso,validacion,Engañoso,https://chequeado.com/ultimas-noticias/guzman-el-94-de-las-posiciones-arancelarias-hoy-tiene-una-alicuota-menor-que-cuando-empezamos-el-gobierno/
guzman-el-gasto-publico-se-redujo-54-puntos-del-producto-en-los-ultimos-4-anos,"El gasto público se redujo 5,4 puntos del producto en los últimos 4 años",verdadero,entrenamiento,Verdadero,https://chequeado.com/ultimas-noticias/guzman-el-gasto-publico-se-redujo-54-puntos-del-producto-en-los-ultimos-4-anos/
guzman-el-producto-cayo-en-3-de-los-ultimos-4-anos,El producto cayó en 3 de los últimos 4 años,verdadero,entrenamiento,Verdadero,https://chequeado.com/ultimas-noticias/guzman-el-producto-cayo-en-3-de-los-ultimos-4-anos/
guzman-ha-habido-un-brutal-crecimiento-de-la-deuda-publica-paso-del-526-del-pbi-en-el-ano-2015-al-888-en-el-ano-2019,"Ha habido un brutal crecimiento de la deuda pública: pasó del 52,6% del PBI en el año 2015 al 88,8% en el año 2019",verdadero,entrenamiento,Verdadero,https://chequeado.com/ultimas-noticias/guzman-ha-habido-un-brutal-crecimiento-de-la-deuda-publica-paso-del-526-del-pbi-en-el-ano-2015-al-888-en-el-ano-2019/
guzman-hoy-hay-menos-desigualdad-que-en-el-ano-2017,Hoy hay menos desigualdad que en el año 2017,verdadero,validacion,"Verdadero, pero…",https://chequeado.com/ultimas-noticias/guzman-hoy-hay-menos-desigualdad-que-en-el-ano-2017/
guzman-logramos-alrededor-de-us-37-mil-millones-de-alivio-con-respecto-a-lo-que-era-la-deuda-pre-reestructuracion-en-un-periodo-de-10-anos,"[Logramos] alrededor de US$ 37 mil millones de alivio, con respecto a lo que era la deuda pre reestructuración, en un período de 10 años",verdadero,validacion,Verdadero,https://chequeado.com/ultimas-noticias/guzman-logramos-alrededor-de-us-37-mil-millones-de-alivio-con-respecto-a-lo-que-era-la-deuda-pre-reestructuracion-en-un-periodo-de-10-anos/
guzman-los-subsidios-energeticos-son-pro-ricos-en-un-pais-con-un-57-de-pobreza-infantil,Los subsidios energéticos son pro-ricos en un país con un 57% de pobreza infantil,verdadero,entrenamiento,Verdadero,https://chequeado.com/ultimas-noticias/guzman-los-subsidios-energeticos-son-pro-ricos-en-un-pais-con-un-57-de-pobreza-infantil/
guzman-sobre-el-prestamo-otorgado-en-2018-esos-casi-us-45-mil-millones-es-una-fortuna-enorme-record-historico-en-la-historia-del-fmi,"Esos casi US$ 45 mil millones es una fortuna enorme, récord histórico en la historia del FMI",verdadero,entrenamiento,Verdadero,https://chequeado.com/ultimas-noticias/guzman-sobre-el-prestamo-otorgado-en-2018-esos-casi-us-45-mil-millones-es-una-fortuna-enorme-record-historico-en-la-historia-del-fmi/
guzman-vemos-un-incremento-de-la-pobreza-que-ya-llega-al-38-mas-de-1-500-000-personas-entraron-en-situacion-de-pobreza,"Vemos un incremento de la pobreza, que ya llega al 38%. Más de 1.500.000 personas entraron en situación de pobreza",verdadero,entrenamiento,Verdadero,https://chequeado.com/ultimas-noticias/guzman-vemos-un-incremento-de-la-pobreza-que-ya-llega-al-38-mas-de-1-500-000-personas-entraron-en-situacion-de-pobreza/
hector-timerman-qhemos-importado-mas-que-nuncaq,Hemos importado más que nunca,verdadero,entrenamiento,"Verdadero, pero…",https://chequeado.com/ultimas-noticias/hector-timerman-qhemos-importado-mas-que-nuncaq/
heller-la-argentina-se-convirtio-en-un-pais-triguero-sobre-la-base-del-cierre-a-la-importacion-de-trigo,La Argentina se convirtió en un país triguero sobre la base del cierre a la importación de trigo,falso,validacion,Falso,https://chequeado.com/ultimas-noticias/heller-la-argentina-se-convirtio-en-un-pais-triguero-sobre-la-base-del-cierre-a-la-importacion-de-trigo/
highton-de-nolasco-hay-mas-muertes-por-accidentes-de-transito-que-por-otro-tipo-de-inseguridad-delictiva,Hay más muertes por accidentes de tránsito que por otro tipo de inseguridad delictiva,verdadero,entrenamiento,Verdadero,https://chequeado.com/ultimas-noticias/highton-de-nolasco-hay-mas-muertes-por-accidentes-de-transito-que-por-otro-tipo-de-inseguridad-delictiva/
hispantv-nuevos-ataques-israelies-a-gaza-dejan-un-muerto-y-ocho-heridos,Nuevos ataques israelíes a Gaza dejan un muerto y ocho heridos,verdadero,entrenamiento,Verdadero,https://chequeado.com/verificacionfb/hispantv-nuevos-ataques-israelies-a-gaza-dejan-un-muerto-y-ocho-heridos/
horacio-rodriguez-larreta-durante-los-3-gobiernos-del-pro-bajo-la-desercion-bajo-la-repitencia-escolar,"(Durante los 3 gobiernos del PRO) bajó la deserción, bajó la repitencia escolar",verdadero,validacion,Verdadero,https://chequeado.com/ultimas-noticias/horacio-rodriguez-larreta-durante-los-3-gobiernos-del-pro-bajo-la-desercion-bajo-la-repitencia-escolar/
horacio-rodriguez-larreta-en-los-ultimos-tres-anos-el-delito-por-excelencia-mas-grave-que-es-el-homicidio-bajo-20,"En los últimos tres años, el delito por excelencia más grave, que es el homicidio, bajó 20%",verdadero,entrenamiento,Verdadero,https://chequeado.com/ultimas-noticias/horacio-rodriguez-larreta-en-los-ultimos-tres-anos-el-delito-por-excelencia-mas-grave-que-es-el-homicidio-bajo-20/
horacio-rodriguez-larreta-la-tasa-de-mortalidad-infantil-es-la-mas-baja-de-la-historia-de-la-ciudad-de-buenos-aires-es-casi-la-mitad-de-lo-que-es-el-promedio-de-toda-la-argentina,La tasa de mortalidad infantil es la más baja de la historia de la Ciudad de Buenos Aires. Es casi la mitad de lo que es el promedio de toda la Argentina,verdadero,entrenamiento,Verdadero,https://chequeado.com/ultimas-noticias/horacio-rodriguez-larreta-la-tasa-de-mortalidad-infantil-es-la-mas-baja-de-la-historia-de-la-ciudad-de-buenos-aires-es-casi-la-mitad-de-lo-que-es-el-promedio-de-toda-la-argentina/
horacio-rodriguez-larreta-llevamos-construidas-mas-de-100-escuelas-en-15-anos,Llevamos construidas más de 100 escuelas en 15 años,falso,entrenamiento,Engañoso,https://chequeado.com/ultimas-noticias/horacio-rodriguez-larreta-llevamos-construidas-mas-de-100-escuelas-en-15-anos/
horacio-rodriguez-larreta-tenemos-la-tasa-de-delitos-mas-baja-desde-que-hay-registro,Tenemos la tasa de delitos más baja desde que hay registro,verdadero,entrenamiento,Verdadero,https://chequeado.com/ultimas-noticias/horacio-rodriguez-larreta-tenemos-la-tasa-de-delitos-mas-baja-desde-que-hay-registro/
hugo-moyano-estos-son-los-anos-en-que-menos-se-ha-distribuido-la-riqueza,Estos son los años en que menos se ha distribuido la riqueza,falso,entrenamiento,Falso,https://chequeado.com/ultimas-noticias/hugo-moyano-estos-son-los-anos-en-que-menos-se-ha-distribuido-la-riqueza/
ibarra-de-los-210-mil-empleados-que-tiene-el-estado-hay-140-mil-que-son-de-planta-y-70-mil-que-son-contratados,"De los 210 mil empleados que tiene el Estado, hay 140 mil que son de planta y 70 mil que son contratados",verdadero,entrenamiento,Verdadero,https://chequeado.com/ultimas-noticias/ibarra-de-los-210-mil-empleados-que-tiene-el-estado-hay-140-mil-que-son-de-planta-y-70-mil-que-son-contratados/
iguacel-hoy-tenemos-la-nafta-mas-barata-de-la-region,Hoy tenemos la nafta más barata de la región,falso,validacion,Falso,https://chequeado.com/ultimas-noticias/iguacel-hoy-tenemos-la-nafta-mas-barata-de-la-region/
iguacel-sobre-la-resolucion-de-energia-no-es-una-compensacion-por-la-devaluacion,No es una compensación por la devaluación,falso,entrenamiento,Engañoso,https://chequeado.com/ultimas-noticias/iguacel-sobre-la-resolucion-de-energia-no-es-una-compensacion-por-la-devaluacion/
infobae-cada-10-horas-muere-una-persona-por-desnutricion-en-la-argentina,Cada 10 horas muere una persona por desnutrición en la Argentina,falso,entrenamiento,Engañoso,https://chequeado.com/ultimas-noticias/infobae-cada-10-horas-muere-una-persona-por-desnutricion-en-la-argentina/
infobae-la-argentina-ya-es-uno-de-los-paises-con-mayor-indice-de-pobreza-de-america-latina,La Argentina ya es uno de los países con mayor índice de pobreza de América Latina,falso,entrenamiento,Falso,https://chequeado.com/ultimas-noticias/infobae-la-argentina-ya-es-uno-de-los-paises-con-mayor-indice-de-pobreza-de-america-latina/
infobae-macri-yo-estoy-a-favor-de-la-vida,Macri: ‘Yo estoy a favor de la vida’,verdadero,entrenamiento,Verdadero,https://chequeado.com/verificacionfb/infobae-macri-yo-estoy-a-favor-de-la-vida/
infobae-mendoza-aseguran-que-el-80-de-los-bebes-recien-nacidos-en-asentamientos-tienen-restos-de-cocaina,Mendoza: aseguran que el 80% de los bebés recién nacidos en asentamientos tienen restos de cocaína,falso,entrenamiento,Engañoso,https://chequeado.com/ultimas-noticias/infobae-mendoza-aseguran-que-el-80-de-los-bebes-recien-nacidos-en-asentamientos-tienen-restos-de-cocaina/
informante-hebe-de-bonafini-trato-a-cormillot-de-facho-el-doctor-le-contesto-y-la-destrozo,"Hebe de Bonafini trató a Cormillot de ‘facho’, el doctor le contestó y la destrozó",verdadero,entrenamiento,Verdadero,https://chequeado.com/verificacionfb/informante-hebe-de-bonafini-trato-a-cormillot-de-facho-el-doctor-le-contesto-y-la-destrozo/
insaurralde-casi-el-10-del-presupuesto-esta-destinado-a-seguridad-eso-no-lo-gasta-la-provincia-de-buenos-aires,"Casi el 10% del presupuesto [está destinado a] seguridad, eso no lo gasta la Provincia de Buenos Aires",falso,entrenamiento,Engañoso,https://chequeado.com/ultimas-noticias/insaurralde-casi-el-10-del-presupuesto-esta-destinado-a-seguridad-eso-no-lo-gasta-la-provincia-de-buenos-aires/
insaurralde-cuando-yo-asumi-teniamos-el-20-de-cobertura-de-agua-potable-y-ahora-tenemos-el-95,"Cuando yo asumí, teníamos el 20% de cobertura de agua potable y ahora tenemos el 95%",falso,entrenamiento,Falso,https://chequeado.com/ultimas-noticias/insaurralde-cuando-yo-asumi-teniamos-el-20-de-cobertura-de-agua-potable-y-ahora-tenemos-el-95/
insaurralde-hemos-destinado-a-seguridad-el-10-del-presupuesto-abocados-a-un-sistema-de-seguridad-integral,Hemos destinado a seguridad el 10% del presupuesto (…) abocados a un sistema de seguridad integral,falso,entrenamiento,Engañoso,https://chequeado.com/ultimas-noticias/insaurralde-hemos-destinado-a-seguridad-el-10-del-presupuesto-abocados-a-un-sistema-de-seguridad-integral/
insfran-formosa-es-la-provincia-que-mas-invierte-por-alumno-en-el-pais,Formosa es la provincia que más invierte por alumno en el país,falso,entrenamiento,Falso,https://chequeado.com/ultimas-noticias/insfran-formosa-es-la-provincia-que-mas-invierte-por-alumno-en-el-pais/
insfran-formosa-tiene-la-mejor-distribucion-de-la-riqueza,Formosa tiene la mejor distribución de la riqueza,falso,entrenamiento,Falso,https://chequeado.com/ultimas-noticias/insfran-formosa-tiene-la-mejor-distribucion-de-la-riqueza/
insfran-nuestro-presupuesto-educativo-registra-el-mayor-crecimiento-en-el-contexto-nacional,Nuestro presupuesto educativo registra el mayor crecimiento en el contexto nacional,falso,entrenamiento,Falso,https://chequeado.com/ultimas-noticias/insfran-nuestro-presupuesto-educativo-registra-el-mayor-crecimiento-en-el-contexto-nacional/
javier-milei-a-sergio-massa-en-el-tercer-debate-presidencial-2023-con-vos-como-ministro-de-economia-cayeron-33-los-ingresos,Con vos como ministro de Economía cayeron 33% los ingresos,falso,entrenamiento,Falso,https://chequeado.com/ultimas-noticias/javier-milei-a-sergio-massa-en-el-tercer-debate-presidencial-2023-con-vos-como-ministro-de-economia-cayeron-33-los-ingresos/
javier-milei-acabamos-de-bajar-la-pobreza-en-8-puntos-porcentuales,Acabamos de bajar la pobreza en 8 puntos porcentuales,falso,validacion,Engañoso,https://chequeado.com/ultimas-noticias/javier-milei-acabamos-de-bajar-la-pobreza-en-8-puntos-porcentuales/
javier-milei-aquellos-estados-que-tienen-libre-portacion-de-armas-tienen-muchos-menos-delitos,Aquellos Estados que tienen libre portación de armas tienen muchos menos delitos,falso,entrenamiento,Falso,https://chequeado.com/ultimas-noticias/javier-milei-aquellos-estados-que-tienen-libre-portacion-de-armas-tienen-muchos-menos-delitos/
javier-milei-argentina-en-el-ultimo-ano-gano-us-25-mil-millones-de-reservas,Argentina en el último año ganó US$ 25 mil millones de reservas,falso,entrenamiento,Engañoso,https://chequeado.com/ultimas-noticias/javier-milei-argentina-en-el-ultimo-ano-gano-us-25-mil-millones-de-reservas/
javier-milei-bajamos-mas-de-19-impuestos,Bajamos más de 19 impuestos,verdadero,entrenamiento,Verdadero,https://chequeado.com/ultimas-noticias/javier-milei-bajamos-mas-de-19-impuestos/
javier-milei-casi-1-de-cada-5-homicidios-en-la-provincia-ocurren-en-la-matanza,Casi 1 de cada 5 homicidios en la provincia ocurren en La Matanza,verdadero,entrenamiento,"Verdadero, pero…",https://chequeado.com/ultimas-noticias/javier-milei-casi-1-de-cada-5-homicidios-en-la-provincia-ocurren-en-la-matanza/
javier-milei-de-9000-piquetes-por-ano-hoy-ese-numero-es-0,"De 9000 piquetes por año, hoy ese número es 0",falso,validacion,Falso,https://chequeado.com/ultimas-noticias/javier-milei-de-9000-piquetes-por-ano-hoy-ese-numero-es-0/
javier-milei-de-los-ultimos-122-anos-la-argentina-tuvo-deficit-durante-112,"De los últimos 122 años, la Argentina tuvo déficit durante 112",verdadero,entrenamiento,Verdadero,https://chequeado.com/ultimas-noticias/javier-milei-de-los-ultimos-122-anos-la-argentina-tuvo-deficit-durante-112/
javier-milei-desde-que-asumimos-compramos-us-7-mil-millones-reforzando-las-reservas,"Desde que asumimos compramos US$ 7 mil millones, reforzando las reservas",verdadero,entrenamiento,Verdadero,https://chequeado.com/ultimas-noticias/javier-milei-desde-que-asumimos-compramos-us-7-mil-millones-reforzando-las-reservas/
javier-milei-durante-el-segundo-debate-2023-hoy-la-inflacion-viaja-al-120,Hoy la inflación viaja al 120%,verdadero,entrenamiento,Verdadero,https://chequeado.com/ultimas-noticias/javier-milei-durante-el-segundo-debate-2023-hoy-la-inflacion-viaja-al-120/
javier-milei-el-60-del-ajuste-cae-sobre-el-sector-publico,El 60% del ajuste cae sobre el sector público,falso,validacion,Engañoso,https://chequeado.com/ultimas-noticias/javier-milei-el-60-del-ajuste-cae-sobre-el-sector-publico/
javier-milei-el-conicet-tiene-35-mil-personas-la-nasa-17-mil-y-produce-mas,"El Conicet tiene 35 mil personas. La NASA, 17 mil y (produce más)",falso,entrenamiento,Falso,https://chequeado.com/ultimas-noticias/javier-milei-el-conicet-tiene-35-mil-personas-la-nasa-17-mil-y-produce-mas/
javier-milei-el-kirchnerismo-termino-licuando-las-jubilaciones-en-un-30,El kirchnerismo terminó licuando las jubilaciones en un 30%,verdadero,entrenamiento,"Verdadero, pero…",https://chequeado.com/ultimas-noticias/javier-milei-el-kirchnerismo-termino-licuando-las-jubilaciones-en-un-30/
javier-milei-el-riesgo-pais-despues-de-la-eleccion-paso-de-1-500-a-estar-en-420,"El riesgo país, después de la elección, pasó de 1.500 a estar en 420",verdadero,entrenamiento,Verdadero,https://chequeado.com/ultimas-noticias/javier-milei-el-riesgo-pais-despues-de-la-eleccion-paso-de-1-500-a-estar-en-420/
javier-milei-en-cadena-nacional-de-los-5-puntos-del-deficit-del-tesoro-que-hemos-ajustado-solo-04-responde-a-la-perdida-del-poder-adquisitivo-de-las-jubilaciones,"De los 5 puntos del déficit del Tesoro que hemos ajustado, sólo 0,4% responde a la pérdida del poder adquisitivo de las jubilaciones",falso,validacion,Falso,https://chequeado.com/ultimas-noticias/javier-milei-en-cadena-nacional-de-los-5-puntos-del-deficit-del-tesoro-que-hemos-ajustado-solo-04-responde-a-la-perdida-del-poder-adquisitivo-de-las-jubilaciones/
javier-milei-en-cadena-nacional-el-salario-basico-promedio-crecio-de-us-300-a-us-1-100,El salario básico promedio creció de US$ 300 a US$ 1.100,falso,entrenamiento,Engañoso,https://chequeado.com/ultimas-noticias/javier-milei-en-cadena-nacional-el-salario-basico-promedio-crecio-de-us-300-a-us-1-100/
javier-milei-en-cadena-nacional-logramos-reducir-los-asesinatos-en-rosario-en-un-63,Logramos reducir los asesinatos en Rosario en un 63%,verdadero,entrenamiento,Verdadero,https://chequeado.com/ultimas-noticias/javier-milei-en-cadena-nacional-logramos-reducir-los-asesinatos-en-rosario-en-un-63/
javier-milei-en-davos-bajamos-la-pobreza-21-puntos-porcentuales,Bajamos la pobreza 21 puntos porcentuales,falso,entrenamiento,Engañoso,https://chequeado.com/ultimas-noticias/javier-milei-en-davos-bajamos-la-pobreza-21-puntos-porcentuales/
javier-milei-en-davos-la-economia-esta-mas-arriba-de-lo-que-la-recibimos,La economía está más arriba de lo que la recibimos,verdadero,validacion,Verdadero,https://chequeado.com/ultimas-noticias/javier-milei-en-davos-la-economia-esta-mas-arriba-de-lo-que-la-recibimos/
javier-milei-en-davos-la-pobreza-bajo-del-57-al-27,La pobreza bajó del 57% al 27%,falso,entrenamiento,Engañoso,https://chequeado.com/ultimas-noticias/javier-milei-en-davos-la-pobreza-bajo-del-57-al-27/
javier-milei-en-davos-venezuela-tuvo-una-caida-del-80-de-su-pib,Venezuela tuvo una caída del 80% de su PIB,verdadero,entrenamiento,Verdadero,https://chequeado.com/ultimas-noticias/javier-milei-en-davos-venezuela-tuvo-una-caida-del-80-de-su-pib/
javier-milei-en-el-ano-2024-la-matanza-tuvo-el-doble-de-homicidios-per-capita-que-la-tasa-nacional,En el año 2024 La Matanza tuvo el doble de homicidios per cápita que la tasa nacional,falso,entrenamiento,Falso,https://chequeado.com/ultimas-noticias/javier-milei-en-el-ano-2024-la-matanza-tuvo-el-doble-de-homicidios-per-capita-que-la-tasa-nacional/
javier-milei-en-el-debate-por-el-balotaje-2023-en-la-lucha-contra-el-narcotrafico-no-hay-en-rosario-un-solo-policia-preso,En la lucha contra el narcotráfico no hay (en Rosario) un solo policía preso,falso,entrenamiento,Falso,https://chequeado.com/ultimas-noticias/javier-milei-en-el-debate-por-el-balotaje-2023-en-la-lucha-contra-el-narcotrafico-no-hay-en-rosario-un-solo-policia-preso/
javier-milei-en-el-debate-por-el-balotaje-2023-solamente-el-35-de-los-delitos-son-condenados-en-la-argentina,"Solamente el 3,5% de los delitos son condenados en la Argentina",verdadero,entrenamiento,Verdadero,https://chequeado.com/ultimas-noticias/javier-milei-en-el-debate-por-el-balotaje-2023-solamente-el-35-de-los-delitos-son-condenados-en-la-argentina/
javier-milei-en-el-debate-presidencial-2023-el-13-de-los-chicos-no-termina-el-colegio-en-tiempo-y-forma,El 13% de los chicos no termina el colegio en tiempo y forma,falso,entrenamiento,Falso,https://chequeado.com/ultimas-noticias/javier-milei-en-el-debate-presidencial-2023-el-13-de-los-chicos-no-termina-el-colegio-en-tiempo-y-forma/
javier-milei-en-el-debate-presidencial-2023-el-50-de-los-chicos-no-entiende-un-texto-que-lee,El 50% de los chicos no entiende un texto que lee,verdadero,entrenamiento,Verdadero,https://chequeado.com/ultimas-noticias/javier-milei-en-el-debate-presidencial-2023-el-50-de-los-chicos-no-entiende-un-texto-que-lee/
javier-milei-en-el-debate-presidencial-2023-la-argentina-inicio-el-siglo-xx-siendo-el-pais-mas-rico-del-mundo-hoy-estamos-de-mitad-de-la-tabla-para-abajo,La Argentina inició el siglo XX siendo el país más rico del mundo. Hoy estamos de mitad de la tabla para abajo,falso,validacion,Falso,https://chequeado.com/ultimas-noticias/javier-milei-en-el-debate-presidencial-2023-la-argentina-inicio-el-siglo-xx-siendo-el-pais-mas-rico-del-mundo-hoy-estamos-de-mitad-de-la-tabla-para-abajo/
javier-milei-en-el-programa-de-susana-gimenez-hoy-las-jubilaciones-estan-10-por-encima-de-la-inflacion-que-se-genero-desde-que-estamos-nosotros-en-el-gobierno,Hoy las jubilaciones están 10% por encima de la inflación que se generó desde que estamos nosotros en el Gobierno,falso,validacion,Engañoso,https://chequeado.com/ultimas-noticias/javier-milei-en-el-programa-de-susana-gimenez-hoy-las-jubilaciones-estan-10-por-encima-de-la-inflacion-que-se-genero-desde-que-estamos-nosotros-en-el-gobierno/
javier-milei-en-el-segundo-debate-presidencial-2023-el-empleo-formal-privado-esta-estancado-desde-el-2011,El empleo formal privado está estancado desde el 2011,verdadero,validacion,Verdadero,https://chequeado.com/ultimas-noticias/javier-milei-en-el-segundo-debate-presidencial-2023-el-empleo-formal-privado-esta-estancado-desde-el-2011/
javier-milei-en-el-segundo-debate-presidencial-2023-hay-7-mil-personas-esperando-un-trasplante-y-300-mil-potenciales-donantes-de-organos,Hay 7 mil personas esperando un trasplante y 300 mil potenciales donantes (de órganos),falso,entrenamiento,Engañoso,https://chequeado.com/ultimas-noticias/javier-milei-en-el-segundo-debate-presidencial-2023-hay-7-mil-personas-esperando-un-trasplante-y-300-mil-potenciales-donantes-de-organos/
javier-milei-en-el-segundo-debate-presidencial-2023-hoy-el-empleo-informal-es-mas-importante-que-el-formal,Hoy el empleo informal es más importante que el formal,verdadero,entrenamiento,Verdadero,https://chequeado.com/ultimas-noticias/javier-milei-en-el-segundo-debate-presidencial-2023-hoy-el-empleo-informal-es-mas-importante-que-el-formal/
javier-milei-en-el-segundo-debate-presidencial-2023-los-indicadores-sociales-son-peores-que-los-que-teniamos-en-2001,Los indicadores sociales son peores que los que teníamos en 2001,falso,entrenamiento,Falso,https://chequeado.com/ultimas-noticias/javier-milei-en-el-segundo-debate-presidencial-2023-los-indicadores-sociales-son-peores-que-los-que-teniamos-en-2001/
javier-milei-en-el-segundo-debate-presidencial-2023-todas-esas-politicas-que-culpan-al-ser-humano-del-cambio-climatico-son-falsas,Todas esas políticas que culpan al ser humano del cambio climático son falsas,falso,entrenamiento,Falso,https://chequeado.com/ultimas-noticias/javier-milei-en-el-segundo-debate-presidencial-2023-todas-esas-politicas-que-culpan-al-ser-humano-del-cambio-climatico-son-falsas/
javier-milei-en-el-tercer-debate-presidencial-2023-el-16-de-los-chicos-termina-el-secundario-en-tiempo-y-forma,El 16% de los chicos termina el secundario en tiempo y forma,verdadero,entrenamiento,Verdadero,https://chequeado.com/ultimas-noticias/javier-milei-en-el-tercer-debate-presidencial-2023-el-16-de-los-chicos-termina-el-secundario-en-tiempo-y-forma/
javier-milei-en-el-tercer-debate-presidencial-2023-la-argentina-inicio-el-siglo-xx-siendo-el-pais-mas-rico-del-mundo-hoy-al-tipo-de-cambio-paralelo-somos-130,"La Argentina inició el siglo XX siendo el país más rico del mundo. Hoy, al tipo de cambio paralelo, somos 130",falso,entrenamiento,Falso,https://chequeado.com/ultimas-noticias/javier-milei-en-el-tercer-debate-presidencial-2023-la-argentina-inicio-el-siglo-xx-siendo-el-pais-mas-rico-del-mundo-hoy-al-tipo-de-cambio-paralelo-somos-130/
javier-milei-en-el-tercer-debate-presidencial-2023-la-cantidad-de-empleados-en-el-sector-privado-esta-estancado-desde-2011,La cantidad de empleados en el sector privado está estancado desde 2011,verdadero,entrenamiento,Verdadero,https://chequeado.com/ultimas-noticias/javier-milei-en-el-tercer-debate-presidencial-2023-la-cantidad-de-empleados-en-el-sector-privado-esta-estancado-desde-2011/
javier-milei-en-el-ultimo-mes-los-salarios-empezaron-a-ganarle-a-la-inflacion,En el último mes los salarios empezaron a ganarle a la inflación,verdadero,entrenamiento,"Verdadero, pero…",https://chequeado.com/ultimas-noticias/javier-milei-en-el-ultimo-mes-los-salarios-empezaron-a-ganarle-a-la-inflacion/
javier-milei-en-la-apertura-de-sesiones-2024-desde-que-llegamos-al-gobierno-hemos-comprado-en-el-mercado-cerca-de-us-9-mil-millones,"Desde que llegamos al gobierno, hemos comprado en el mercado cerca de US$ 9 mil millones",verdadero,entrenamiento,Verdadero,https://chequeado.com/ultimas-noticias/javier-milei-en-la-apertura-de-sesiones-2024-desde-que-llegamos-al-gobierno-hemos-comprado-en-el-mercado-cerca-de-us-9-mil-millones/
javier-milei-en-la-apertura-de-sesiones-2024-el-70-de-los-chicos-de-tercer-grado-no-puede-resolver-un-problema-de-matematica-basica,El 70% (de los chicos de tercer grado) no puede resolver un problema de matemática básica,verdadero,entrenamiento,Verdadero,https://chequeado.com/ultimas-noticias/javier-milei-en-la-apertura-de-sesiones-2024-el-70-de-los-chicos-de-tercer-grado-no-puede-resolver-un-problema-de-matematica-basica/
javier-milei-en-la-apertura-de-sesiones-2024-el-ajuste-ha-sido-realizado-mayormente-sobre-el-sector-publico-nacional,El ajuste ha sido realizado mayormente sobre el sector público nacional,falso,entrenamiento,Engañoso,https://chequeado.com/ultimas-noticias/javier-milei-en-la-apertura-de-sesiones-2024-el-ajuste-ha-sido-realizado-mayormente-sobre-el-sector-publico-nacional/
javier-milei-en-la-apertura-de-sesiones-2024-el-sector-privado-formal-se-encuentra-congelado-hace-12-anos-no-produce-un-solo-puesto-de-trabajo-nuevo,"El sector privado formal se encuentra congelado, hace 12 años no produce un solo puesto de trabajo nuevo",verdadero,validacion,Verdadero,https://chequeado.com/ultimas-noticias/javier-milei-en-la-apertura-de-sesiones-2024-el-sector-privado-formal-se-encuentra-congelado-hace-12-anos-no-produce-un-solo-puesto-de-trabajo-nuevo/
javier-milei-en-la-apertura-de-sesiones-2024-en-los-ultimos-123-anos-la-argentina-tuvo-deficit-fiscal-en-112-de-ellos,En los últimos 123 años la Argentina tuvo déficit fiscal en 112 de ellos,verdadero,entrenamiento,Verdadero,https://chequeado.com/ultimas-noticias/javier-milei-en-la-apertura-de-sesiones-2024-en-los-ultimos-123-anos-la-argentina-tuvo-deficit-fiscal-en-112-de-ellos/
javier-milei-en-la-apertura-de-sesiones-2024-hace-120-anos-la-argentina-tenia-uno-de-los-3-pbi-per-capita-mas-altos-del-mundo,Hace 120 años la Argentina tenía uno de los 3 PBI per cápita más altos del mundo,falso,entrenamiento,Falso,https://chequeado.com/ultimas-noticias/javier-milei-en-la-apertura-de-sesiones-2024-hace-120-anos-la-argentina-tenia-uno-de-los-3-pbi-per-capita-mas-altos-del-mundo/
javier-milei-en-la-apertura-de-sesiones-2024-hemos-duplicado-el-monto-de-la-asignacion-universal-por-hijo,Hemos duplicado el monto de la Asignación Universal por Hijo,verdadero,entrenamiento,"Verdadero, pero…",https://chequeado.com/ultimas-noticias/javier-milei-en-la-apertura-de-sesiones-2024-hemos-duplicado-el-monto-de-la-asignacion-universal-por-hijo/
javier-milei-en-la-apertura-de-sesiones-2024-la-mitad-de-los-chicos-de-tercer-grado-no-entienden-que-leen,La mitad de los chicos de tercer grado no entienden qué leen,verdadero,entrenamiento,Verdadero,https://chequeado.com/ultimas-noticias/javier-milei-en-la-apertura-de-sesiones-2024-la-mitad-de-los-chicos-de-tercer-grado-no-entienden-que-leen/
javier-milei-en-la-apertura-de-sesiones-2024-llegamos-al-superavit-tanto-primario-como-financiero-en-nuestro-primer-mes-de-gobierno,Llegamos al superávit tanto primario como financiero en nuestro primer mes de gobierno,verdadero,entrenamiento,Verdadero,https://chequeado.com/ultimas-noticias/javier-milei-en-la-apertura-de-sesiones-2024-llegamos-al-superavit-tanto-primario-como-financiero-en-nuestro-primer-mes-de-gobierno/
javier-milei-en-la-apertura-de-sesiones-2024-si-lo-actualizamos-al-valor-de-hoy-el-ano-pasado-el-estado-nacional-gasto-54-billones-en-transferencias-discrecionales-a-las-provincias,"Si lo actualizamos al valor de hoy, el año pasado el Estado nacional gastó $ 5,4 billones  en transferencias discrecionales a las provincias",verdadero,entrenamiento,Verdadero,https://chequeado.com/ultimas-noticias/javier-milei-en-la-apertura-de-sesiones-2024-si-lo-actualizamos-al-valor-de-hoy-el-ano-pasado-el-estado-nacional-gasto-54-billones-en-transferencias-discrecionales-a-las-provincias/
javier-milei-en-la-apertura-de-sesiones-2024-tenemos-una-sociedad-con-cifras-record-de-indigencia,(Tenemos) una sociedad con cifras récord de indigencia,falso,entrenamiento,Falso,https://chequeado.com/ultimas-noticias/javier-milei-en-la-apertura-de-sesiones-2024-tenemos-una-sociedad-con-cifras-record-de-indigencia/
javier-milei-en-la-apertura-de-sesiones-2025-10-millones-de-personas-salieron-de-la-linea-de-la-pobreza,10 millones de personas salieron de la línea de la pobreza,falso,entrenamiento,Engañoso,https://chequeado.com/ultimas-noticias/javier-milei-en-la-apertura-de-sesiones-2025-10-millones-de-personas-salieron-de-la-linea-de-la-pobreza/
javier-milei-en-la-apertura-de-sesiones-2025-alcanzamos-el-equilibrio-fiscal-en-el-primer-mes-de-gestion,Alcanzamos el equilibrio fiscal en el primer mes de gestión,verdadero,validacion,Verdadero,https://chequeado.com/ultimas-noticias/javier-milei-en-la-apertura-de-sesiones-2025-alcanzamos-el-equilibrio-fiscal-en-el-primer-mes-de-gestion/
javier-milei-en-la-apertura-de-sesiones-2025-durante-2024-vimos-el-indice-de-homicidios-mas-bajo-de-los-ultimos-25-anos,Durante 2024 vimos el índice de homicidios más bajo de los últimos 25 años,verdadero,validacion,Verdadero,https://chequeado.com/ultimas-noticias/javier-milei-en-la-apertura-de-sesiones-2025-durante-2024-vimos-el-indice-de-homicidios-mas-bajo-de-los-ultimos-25-anos/
javier-milei-en-la-apertura-de-sesiones-2025-el-costo-del-alquiler-bajo-hasta-un-30-en-terminos-reales,El costo del alquiler bajó hasta un 30% en términos reales,verdadero,validacion,Verdadero,https://chequeado.com/ultimas-noticias/javier-milei-en-la-apertura-de-sesiones-2025-el-costo-del-alquiler-bajo-hasta-un-30-en-terminos-reales/
javier-milei-en-la-apertura-de-sesiones-2025-el-empleo-privado-formal-no-crece-desde-hace-casi-15-anos,El empleo privado formal no crece desde hace casi 15 años,verdadero,entrenamiento,Verdadero,https://chequeado.com/ultimas-noticias/javier-milei-en-la-apertura-de-sesiones-2025-el-empleo-privado-formal-no-crece-desde-hace-casi-15-anos/
javier-milei-en-la-apertura-de-sesiones-2025-en-rosario-gracias-al-plan-bandera-vimos-el-indice-de-criminalidad-mas-bajo-desde-2006-con-menos-de-100-crimenes-registrados,"En Rosario, gracias al Plan Bandera, vimos el índice de criminalidad más bajo desde 2006, con menos de 100 crímenes registrados",verdadero,entrenamiento,"Verdadero, pero…",https://chequeado.com/ultimas-noticias/javier-milei-en-la-apertura-de-sesiones-2025-en-rosario-gracias-al-plan-bandera-vimos-el-indice-de-criminalidad-mas-bajo-desde-2006-con-menos-de-100-crimenes-registrados/
javier-milei-en-la-apertura-de-sesiones-2025-hoy-falta-designar-a-alrededor-del-40-de-los-magistrados-de-la-justicia-federal,Hoy falta designar a alrededor del 40% de los magistrados de la Justicia federal,verdadero,entrenamiento,"Verdadero, pero…",https://chequeado.com/ultimas-noticias/javier-milei-en-la-apertura-de-sesiones-2025-hoy-falta-designar-a-alrededor-del-40-de-los-magistrados-de-la-justicia-federal/
javier-milei-en-la-apertura-de-sesiones-2025-hoy-la-brecha-se-encuentra-en-valores-inferiores-al-15,Hoy la brecha cambiaria se encuentra en valores inferiores al 15%,verdadero,entrenamiento,Verdadero,https://chequeado.com/ultimas-noticias/javier-milei-en-la-apertura-de-sesiones-2025-hoy-la-brecha-se-encuentra-en-valores-inferiores-al-15/
javier-milei-en-la-apertura-de-sesiones-2025-la-economia-en-el-ano-2024-punta-a-punta-en-terminos-interanuales-no-solo-no-cayo-sino-que-crecio-entre-las-puntas-alrededor-de-5,"La economía en el año 2024 punta a punta en términos interanuales no sólo no cayó, sino que creció entre las puntas alrededor de 5%",falso,entrenamiento,Engañoso,https://chequeado.com/ultimas-noticias/javier-milei-en-la-apertura-de-sesiones-2025-la-economia-en-el-ano-2024-punta-a-punta-en-terminos-interanuales-no-solo-no-cayo-sino-que-crecio-entre-las-puntas-alrededor-de-5/
javier-milei-en-la-apertura-de-sesiones-2025-la-gran-mayoria-del-ajuste-recayo-sobre-el-sector-publico,La gran mayoría del ajuste recayó sobre el sector público,falso,validacion,Falso,https://chequeado.com/ultimas-noticias/javier-milei-en-la-apertura-de-sesiones-2025-la-gran-mayoria-del-ajuste-recayo-sobre-el-sector-publico/
javier-milei-en-la-apertura-de-sesiones-2025-logramos-bajar-la-cantidad-de-piquetes-en-la-calle-y-rutas-de-mas-de-8-200-a-0,Logramos bajar la cantidad de piquetes en la calle y rutas de más de 8.200 a 0,falso,entrenamiento,Falso,https://chequeado.com/ultimas-noticias/javier-milei-en-la-apertura-de-sesiones-2025-logramos-bajar-la-cantidad-de-piquetes-en-la-calle-y-rutas-de-mas-de-8-200-a-0/
javier-milei-en-la-apertura-de-sesiones-2025-tuvimos-durante-nuestro-primer-ano-superavit-financiero-libre-de-default-algo-que-no-habia-ocurrido-en-los-ultimos-123-anos,"Tuvimos durante nuestro primer año superávit financiero libre de default, algo que no había ocurrido en los últimos 123 años",falso,entrenamiento,Engañoso,https://chequeado.com/ultimas-noticias/javier-milei-en-la-apertura-de-sesiones-2025-tuvimos-durante-nuestro-primer-ano-superavit-financiero-libre-de-default-algo-que-no-habia-ocurrido-en-los-ultimos-123-anos/
javier-milei-en-la-apertura-de-sesiones-2026-durante-2024-redujimos-en-un-30-el-gasto-primario-del-estado-nacional-en-terminos-reales,Durante 2024 redujimos un 30% el gasto primario del Estado nacional en términos reales,verdadero,entrenamiento,Verdadero,https://chequeado.com/ultimas-noticias/javier-milei-en-la-apertura-de-sesiones-2026-durante-2024-redujimos-en-un-30-el-gasto-primario-del-estado-nacional-en-terminos-reales/
javier-milei-en-la-apertura-de-sesiones-2026-durante-nuestra-gestion-no-aumento-el-desempleo,Durante nuestra gestión no aumentó el desempleo,falso,validacion,Falso,https://chequeado.com/ultimas-noticias/javier-milei-en-la-apertura-de-sesiones-2026-durante-nuestra-gestion-no-aumento-el-desempleo/
javier-milei-en-la-apertura-de-sesiones-2026-el-ano-pasado-exportamos-us-80-mil-millones-totales,El año pasado exportamos US$ 80 mil millones totales,verdadero,entrenamiento,Verdadero,https://chequeado.com/ultimas-noticias/javier-milei-en-la-apertura-de-sesiones-2026-el-ano-pasado-exportamos-us-80-mil-millones-totales/
javier-milei-en-la-apertura-de-sesiones-2026-hemos-terminado-con-los-piquetes-de-una-vez-por-todas-los-cuales-pasaron-de-9-mil-por-ano-a-0,"Hemos terminado con los piquetes de una vez por todas, los cuales pasaron de 9 mil por año a 0",falso,entrenamiento,Falso,https://chequeado.com/ultimas-noticias/javier-milei-en-la-apertura-de-sesiones-2026-hemos-terminado-con-los-piquetes-de-una-vez-por-todas-los-cuales-pasaron-de-9-mil-por-ano-a-0/
javier-milei-en-la-apertura-de-sesiones-2026-hemos-triplicado-el-salario-en-dolares,Hemos triplicado el salario en dólares,falso,entrenamiento,Engañoso,https://chequeado.com/ultimas-noticias/javier-milei-en-la-apertura-de-sesiones-2026-hemos-triplicado-el-salario-en-dolares/
javier-milei-en-la-apertura-de-sesiones-2026-sobre-la-pobreza-pasamos-de-un-nivel-heredado-del-57-a-una-tasa-del-30-en-lo-que-va-de-nuestra-gestion,Pasamos de un nivel heredado del 57% a una tasa del 30% en lo que va de nuestra gestión,falso,entrenamiento,Engañoso,https://chequeado.com/ultimas-noticias/javier-milei-en-la-apertura-de-sesiones-2026-sobre-la-pobreza-pasamos-de-un-nivel-heredado-del-57-a-una-tasa-del-30-en-lo-que-va-de-nuestra-gestion/
javier-milei-en-la-apertura-de-sesiones-2026-tan-solo-en-2025-logramos-reducir-un-20-los-robos,Tan solo en 2025 logramos reducir un 20% los robos,verdadero,entrenamiento,Verdadero,https://chequeado.com/ultimas-noticias/javier-milei-en-la-apertura-de-sesiones-2026-tan-solo-en-2025-logramos-reducir-un-20-los-robos/
javier-milei-en-la-apertura-de-sesiones-ordinarias-2026-al-asumir-teniamos-indicadores-sociales-peores-a-los-de-2001,(Al asumir teníamos) indicadores sociales peores a los de 2001,falso,entrenamiento,Falso,https://chequeado.com/ultimas-noticias/javier-milei-en-la-apertura-de-sesiones-ordinarias-2026-al-asumir-teniamos-indicadores-sociales-peores-a-los-de-2001/
javier-milei-en-la-apertura-de-sesiones-ordinarias-2026-antes-de-la-reforma-laboral-la-mitad-de-los-trabajadores-estaban-en-el-mercado-informal,"(Antes de la reforma laboral), la mitad de los trabajadores estaban en el mercado informal",verdadero,entrenamiento,Verdadero,https://chequeado.com/ultimas-noticias/javier-milei-en-la-apertura-de-sesiones-ordinarias-2026-antes-de-la-reforma-laboral-la-mitad-de-los-trabajadores-estaban-en-el-mercado-informal/
javier-milei-en-la-apertura-de-sesiones-ordinarias-2026-hemos-conseguido-reducir-en-un-20-la-planta-estatal,Hemos conseguido reducir en un 20% la planta estatal,verdadero,entrenamiento,Verdadero,https://chequeado.com/ultimas-noticias/javier-milei-en-la-apertura-de-sesiones-ordinarias-2026-hemos-conseguido-reducir-en-un-20-la-planta-estatal/
javier-milei-en-la-apertura-de-sesiones-ordinarias-2026-incorporamos-a-600-mil-chicos-a-la-auh,Incorporamos a 600 mil chicos a la AUH,falso,entrenamiento,Falso,https://chequeado.com/ultimas-noticias/javier-milei-en-la-apertura-de-sesiones-ordinarias-2026-incorporamos-a-600-mil-chicos-a-la-auh/
javier-milei-en-la-apertura-de-sesiones-ordinarias-2026-la-auh-aumento-en-un-4929-respecto-al-valor-heredado-en-2023,"La AUH aumentó en un 492,9% respecto al valor heredado en 2023",falso,entrenamiento,Engañoso,https://chequeado.com/ultimas-noticias/javier-milei-en-la-apertura-de-sesiones-ordinarias-2026-la-auh-aumento-en-un-4929-respecto-al-valor-heredado-en-2023/
javier-milei-en-la-apertura-de-sesiones-ordinarias-2026-recibimos-un-estado-con-7-de-cada-10-chicos-pobres,Recibimos un Estado (…) con 7 de cada 10 chicos pobres,verdadero,entrenamiento,Verdadero,https://chequeado.com/ultimas-noticias/javier-milei-en-la-apertura-de-sesiones-ordinarias-2026-recibimos-un-estado-con-7-de-cada-10-chicos-pobres/
javier-milei-en-la-apertura-de-sesiones-ordinarias-2026-se-fueron-del-gobierno-cuando-el-30-de-los-trabajadores-formales-eran-pobres,Se fueron del Gobierno con el 30% de los trabajadores pobres,falso,entrenamiento,Falso,https://chequeado.com/ultimas-noticias/javier-milei-en-la-apertura-de-sesiones-ordinarias-2026-se-fueron-del-gobierno-cuando-el-30-de-los-trabajadores-formales-eran-pobres/
javier-milei-en-la-apertura-de-sesiones-ordinarias-2026-una-gran-mayoria-de-los-egresados-no-sabian-leer-o-escribir-ni-hacer-cuentas-matematicas-simples,Una gran mayoría de los egresados no sabían leer o escribir ni hacer cuentas matemáticas simples,falso,entrenamiento,Falso,https://chequeado.com/ultimas-noticias/javier-milei-en-la-apertura-de-sesiones-ordinarias-2026-una-gran-mayoria-de-los-egresados-no-sabian-leer-o-escribir-ni-hacer-cuentas-matematicas-simples/
javier-milei-en-la-plata-solo-en-el-ultimo-trimestre-del-ano-pasado-la-provincia-aumento-su-deuda-en-un-122-lo-que-es-13-billones,"Sólo en el último trimestre del año pasado, la Provincia aumentó su deuda en un 12,2%, lo que es $ 1,3 billones",verdadero,entrenamiento,"Verdadero, pero…",https://chequeado.com/ultimas-noticias/javier-milei-en-la-plata-solo-en-el-ultimo-trimestre-del-ano-pasado-la-provincia-aumento-su-deuda-en-un-122-lo-que-es-13-billones/
javier-milei-en-la-presentacion-del-palacio-libertad-cerca-del-40-de-los-chicos-de-primaria-tienen-un-mal-desempeno-en-lengua-y-cerca-del-50-en-matematica,"Cerca del 40% (de los chicos de primaria) tienen un mal desempeño en Lengua y cerca del 50%, en Matemática",verdadero,entrenamiento,Verdadero,https://chequeado.com/ultimas-noticias/javier-milei-en-la-presentacion-del-palacio-libertad-cerca-del-40-de-los-chicos-de-primaria-tienen-un-mal-desempeno-en-lengua-y-cerca-del-50-en-matematica/
javier-milei-en-la-presentacion-del-palacio-libertad-la-universidad-publica-nacional-hoy-no-le-sirve-a-nadie-mas-que-a-los-hijos-de-los-ricos-y-a-los-de-la-clase-media-alta,La Universidad Pública Nacional hoy no le sirve a nadie más que a los hijos de los ricos y a los de la clase media alta,falso,entrenamiento,Falso,https://chequeado.com/ultimas-noticias/javier-milei-en-la-presentacion-del-palacio-libertad-la-universidad-publica-nacional-hoy-no-le-sirve-a-nadie-mas-que-a-los-hijos-de-los-ricos-y-a-los-de-la-clase-media-alta/
javier-milei-en-la-presentacion-del-presupuesto-2025-ciceron-decia-que-el-presupuesto-debe-equilibrarse-el-tesoro-debe-ser-reaprovisionado-y-la-deuda-publica-debe-ser-disminuida,"Cicerón decía que el presupuesto debe equilibrarse, el Tesoro debe ser reaprovisionado y la deuda pública debe ser disminuida",falso,entrenamiento,Falso,https://chequeado.com/ultimas-noticias/javier-milei-en-la-presentacion-del-presupuesto-2025-ciceron-decia-que-el-presupuesto-debe-equilibrarse-el-tesoro-debe-ser-reaprovisionado-y-la-deuda-publica-debe-ser-disminuida/
javier-milei-en-la-presentacion-del-presupuesto-2025-el-70-del-gasto-publico-se-va-en-gasto-social-de-distinto-tipo,El 70% del gasto público se va en gasto social de distinto tipo,verdadero,entrenamiento,Verdadero,https://chequeado.com/ultimas-noticias/javier-milei-en-la-presentacion-del-presupuesto-2025-el-70-del-gasto-publico-se-va-en-gasto-social-de-distinto-tipo/
javier-milei-en-la-presentacion-del-presupuesto-2025-en-el-congreso-redujimos-un-75-los-homicidios-en-rosario,Redujimos un 75% los homicidios en Rosario,verdadero,entrenamiento,Verdadero,https://chequeado.com/ultimas-noticias/javier-milei-en-la-presentacion-del-presupuesto-2025-en-el-congreso-redujimos-un-75-los-homicidios-en-rosario/
javier-milei-en-la-rural-cuando-nosotros-llegamos-el-70-de-nuestros-jovenes-estaban-pobres,"Cuando nosotros llegamos, el 70% de nuestros jóvenes estaban pobres",verdadero,entrenamiento,Verdadero,https://chequeado.com/ultimas-noticias/javier-milei-en-la-rural-cuando-nosotros-llegamos-el-70-de-nuestros-jovenes-estaban-pobres/
javier-milei-en-la-rural-en-2024-logramos-volver-a-superar-las-900-mil-toneladas-de-carne-vacuna-exportadas,En 2024 logramos volver a superar las 900 mil toneladas de carne vacuna exportadas,verdadero,entrenamiento,Verdadero,https://chequeado.com/ultimas-noticias/javier-milei-en-la-rural-en-2024-logramos-volver-a-superar-las-900-mil-toneladas-de-carne-vacuna-exportadas/
javier-milei-en-la-rural-hemos-sacado-de-la-pobreza-a-12-millones-de-argentinos,Hemos sacado de la pobreza a 12 millones de argentinos,falso,entrenamiento,Engañoso,https://chequeado.com/ultimas-noticias/javier-milei-en-la-rural-hemos-sacado-de-la-pobreza-a-12-millones-de-argentinos/
javier-milei-en-la-ultima-semana-la-inflacion-de-alimentos-y-bebidas-fue-del-0,En la última semana la inflación de alimentos y bebidas fue del 0%,falso,entrenamiento,Engañoso,https://chequeado.com/ultimas-noticias/javier-milei-en-la-ultima-semana-la-inflacion-de-alimentos-y-bebidas-fue-del-0/
javier-milei-en-los-ultimos-15-anos-fuimos-el-pais-que-menos-crecio-en-latinoamerica,"En los últimos 15 años, fuimos el país que menos creció en Latinoamérica",verdadero,entrenamiento,Verdadero,https://chequeado.com/ultimas-noticias/javier-milei-en-los-ultimos-15-anos-fuimos-el-pais-que-menos-crecio-en-latinoamerica/
javier-milei-en-su-discurso-a-un-ano-como-presidente-el-precio-promedio-del-alquiler-cayo-hasta-30-en-terminos-reales,El precio promedio del alquiler cayó hasta 30% en términos reales,verdadero,entrenamiento,Verdadero,https://chequeado.com/ultimas-noticias/javier-milei-en-su-discurso-a-un-ano-como-presidente-el-precio-promedio-del-alquiler-cayo-hasta-30-en-terminos-reales/
javier-milei-en-su-discurso-a-un-ano-como-presidente-en-el-segundo-trimestre-la-actividad-ya-empezo-a-repuntar,En el segundo trimestre la actividad ya empezó a repuntar,verdadero,entrenamiento,"Verdadero, pero…",https://chequeado.com/ultimas-noticias/javier-milei-en-su-discurso-a-un-ano-como-presidente-en-el-segundo-trimestre-la-actividad-ya-empezo-a-repuntar/
javier-milei-en-su-discurso-de-asuncion-presidencial-mueren-cerca-de-15-mil-argentinos-por-ano-en-accidentes-de-transito,Mueren cerca de 15 mil argentinos por año en accidentes de tránsito,falso,validacion,Falso,https://chequeado.com/ultimas-noticias/javier-milei-en-su-discurso-de-asuncion-presidencial-mueren-cerca-de-15-mil-argentinos-por-ano-en-accidentes-de-transito/
javier-milei-en-su-discurso-de-asuncion-presidencial-solo-el-16-de-nuestras-rutas-se-encuentran-asfaltadas,Sólo el 16% de nuestras rutas se encuentran asfaltadas,falso,entrenamiento,Falso,https://chequeado.com/ultimas-noticias/javier-milei-en-su-discurso-de-asuncion-presidencial-solo-el-16-de-nuestras-rutas-se-encuentran-asfaltadas/
javier-milei-en-su-discurso-de-asuncion-presidencial-solo-el-16-de-nuestros-chicos-se-reciben-en-tiempo-y-forma-en-la-escuela,Solo el 16% de nuestros chicos se reciben en tiempo y forma en la escuela,verdadero,entrenamiento,Verdadero,https://chequeado.com/ultimas-noticias/javier-milei-en-su-discurso-de-asuncion-presidencial-solo-el-16-de-nuestros-chicos-se-reciben-en-tiempo-y-forma-en-la-escuela/
javier-milei-en-su-discurso-de-asuncion-presidencial-solo-el-3-de-los-delitos-son-condenados,Solo el 3% de los delitos son condenados,verdadero,entrenamiento,Verdadero,https://chequeado.com/ultimas-noticias/javier-milei-en-su-discurso-de-asuncion-presidencial-solo-el-3-de-los-delitos-son-condenados/
javier-milei-estamos-en-record-de-puestos-de-trabajo,Estamos en récord de puestos de trabajo,falso,entrenamiento,Engañoso,https://chequeado.com/ultimas-noticias/javier-milei-estamos-en-record-de-puestos-de-trabajo/
javier-milei-hacia-entre-12-y-8-anos-que-no-se-hacian-nombramientos-nosotros-nombramos-74-jueces,Hacía entre 12 y 8 años que no se hacían nombramientos: nosotros nombramos 74 jueces,falso,entrenamiento,Falso,https://chequeado.com/ultimas-noticias/javier-milei-hacia-entre-12-y-8-anos-que-no-se-hacian-nombramientos-nosotros-nombramos-74-jueces/
javier-milei-hicimos-un-ajuste-en-terminos-reales-del-30-del-gasto-publico,Hicimos un ajuste en términos reales del 30% del gasto público,verdadero,entrenamiento,Verdadero,https://chequeado.com/ultimas-noticias/javier-milei-hicimos-un-ajuste-en-terminos-reales-del-30-del-gasto-publico/
javier-milei-hoy-en-la-provincia-de-buenos-aires-solo-el-46-de-los-estudiantes-llegan-a-6o-grado-en-el-tiempo-esperado-y-con-conocimientos-satisfactorios-en-lengua-y-matematicas,Hoy en la provincia de Buenos Aires sólo el 46% de los estudiantes llegan a 6º grado en el tiempo esperado y con conocimientos satisfactorios en Lengua y Matemáticas,verdadero,entrenamiento,"Verdadero, pero…",https://chequeado.com/ultimas-noticias/javier-milei-hoy-en-la-provincia-de-buenos-aires-solo-el-46-de-los-estudiantes-llegan-a-6o-grado-en-el-tiempo-esperado-y-con-conocimientos-satisfactorios-en-lengua-y-matematicas/
javier-milei-la-argentina-arranco-el-siglo-xx-siendo-el-pais-mas-rico-del-mundo-y-hoy-esta-en-el-puesto-140-al-tipo-de-cambio-paralelo,La Argentina arrancó el siglo XX siendo el país más rico del mundo y hoy está en el puesto 140 al tipo de cambio paralelo,falso,entrenamiento,Falso,https://chequeado.com/ultimas-noticias/javier-milei-la-argentina-arranco-el-siglo-xx-siendo-el-pais-mas-rico-del-mundo-y-hoy-esta-en-el-puesto-140-al-tipo-de-cambio-paralelo/
javier-milei-la-cantidad-de-empleos-desde-que-estamos-en-el-gobierno-subio-en-113-mil-puestos-de-trabajo,La cantidad de empleos desde que estamos en el gobierno subió en 113 mil puestos de trabajo,falso,entrenamiento,Engañoso,https://chequeado.com/ultimas-noticias/javier-milei-la-cantidad-de-empleos-desde-que-estamos-en-el-gobierno-subio-en-113-mil-puestos-de-trabajo/
javier-milei-la-vacuna-contra-el-dengue-recien-se-esta-probando-en-humanos,La vacuna (contra el dengue) recién se está probando en humanos,falso,entrenamiento,Falso,https://chequeado.com/ultimas-noticias/javier-milei-la-vacuna-contra-el-dengue-recien-se-esta-probando-en-humanos/
javier-milei-las-jubilaciones-hoy-en-terminos-reales-estan-5-por-encima-de-las-que-eran-en-noviembre,Las jubilaciones hoy en términos reales están 5% por encima de las que eran en noviembre,falso,validacion,Engañoso,https://chequeado.com/ultimas-noticias/javier-milei-las-jubilaciones-hoy-en-terminos-reales-estan-5-por-encima-de-las-que-eran-en-noviembre/
javier-milei-logramos-reducir-la-pobreza-a-27-28,"Logramos reducir la pobreza a 27, 28%",verdadero,validacion,Verdadero,https://chequeado.com/ultimas-noticias/javier-milei-logramos-reducir-la-pobreza-a-27-28/
javier-milei-los-indicadores-sociales-de-la-economia-argentina-son-peores-que-los-que-teniamos-en-2001,Los indicadores sociales de la economía son peores que los que teníamos en 2001,falso,entrenamiento,Falso,https://chequeado.com/ultimas-noticias/javier-milei-los-indicadores-sociales-de-la-economia-argentina-son-peores-que-los-que-teniamos-en-2001/
javier-milei-nos-echaron-de-las-pruebas-pisa-por-sesgar-las-muestras,Nos echaron de las pruebas PISA por sesgar las muestras,falso,validacion,Engañoso,https://chequeado.com/ultimas-noticias/javier-milei-nos-echaron-de-las-pruebas-pisa-por-sesgar-las-muestras/
javier-milei-nuestro-pais-tiene-una-carga-impositiva-explicita-que-supera-el-30-del-pbi,Nuestro país tiene una carga impositiva explícita que supera el 30% del PBI,verdadero,validacion,Verdadero,https://chequeado.com/ultimas-noticias/javier-milei-nuestro-pais-tiene-una-carga-impositiva-explicita-que-supera-el-30-del-pbi/
javier-milei-perforamos-los-1-200-puntos-de-riesgo-pais,Perforamos (la barrera de) los 1.200 puntos de riesgo país,verdadero,entrenamiento,Verdadero,https://chequeado.com/ultimas-noticias/javier-milei-perforamos-los-1-200-puntos-de-riesgo-pais/
javier-milei-sacamos-de-la-pobreza-a-10-millones-de-argentinos,Sacamos de la pobreza a 10 millones de argentinos,falso,entrenamiento,Engañoso,https://chequeado.com/ultimas-noticias/javier-milei-sacamos-de-la-pobreza-a-10-millones-de-argentinos/
javier-milei-sobre-el-banco-central-desde-que-lo-nacionalizamos-en-1946-nuestra-inflacion-fue-del-250,"Desde que lo nacionalizamos en 1946, nuestra inflación fue del 250%",falso,entrenamiento,Engañoso,https://chequeado.com/ultimas-noticias/javier-milei-sobre-el-banco-central-desde-que-lo-nacionalizamos-en-1946-nuestra-inflacion-fue-del-250/
javier-milei-sobre-el-operativo-bandera-en-rosario-los-homicidios-cayeron-un-70,Los homicidios cayeron un 70%,verdadero,entrenamiento,Verdadero,https://chequeado.com/ultimas-noticias/javier-milei-sobre-el-operativo-bandera-en-rosario-los-homicidios-cayeron-un-70/
javier-milei-sobre-la-economia-cuando-tomas-el-dato-de-ventas-de-came-vas-a-ver-una-v,Cuando tomás el dato de ventas de CAME vas a ver una V,falso,entrenamiento,Engañoso,https://chequeado.com/ultimas-noticias/javier-milei-sobre-la-economia-cuando-tomas-el-dato-de-ventas-de-came-vas-a-ver-una-v/
javier-milei-sobre-las-empresas-publicas-son-superavitarias-por-primera-vez-despues-de-15-anos,Son superavitarias por primera vez después de 15 años,falso,entrenamiento,Falso,https://chequeado.com/ultimas-noticias/javier-milei-sobre-las-empresas-publicas-son-superavitarias-por-primera-vez-despues-de-15-anos/
javier-milei-terminamos-el-ano-2023-con-la-inflacion-interanual-mas-alta-del-mundo-por-encima-de-venezuela-y-el-libano,"Terminamos el año 2023 con la inflación interanual más alta del mundo, por encima de Venezuela y el Líbano",verdadero,entrenamiento,Verdadero,https://chequeado.com/ultimas-noticias/javier-milei-terminamos-el-ano-2023-con-la-inflacion-interanual-mas-alta-del-mundo-por-encima-de-venezuela-y-el-libano/
jorge-argueello-argentina-no-solo-decrece-en-el-monto-de-inversiones-que-recibe-de-eeuu-sino-que-la-tendencia-es-en-alza,Argentina no decrece en el monto de inversiones que recibe de EE.UU. sino que la tendencia es en alza,verdadero,entrenamiento,Verdadero,https://chequeado.com/ultimas-noticias/jorge-argueello-argentina-no-solo-decrece-en-el-monto-de-inversiones-que-recibe-de-eeuu-sino-que-la-tendencia-es-en-alza/
jorge-capitanich-jefe-de-gabinete-de-la-nacion-qen-este-telefono-no-hay-ningun-llamado-del-gobernador-jose-manuel-de-la-sotaq,En este teléfono no hay ningún llamado del gobernador José Manuel De la Sota,falso,entrenamiento,Engañoso,https://chequeado.com/ultimas-noticias/jorge-capitanich-jefe-de-gabinete-de-la-nacion-qen-este-telefono-no-hay-ningun-llamado-del-gobernador-jose-manuel-de-la-sotaq/
jorge-macri-la-ciudad-en-seis-anos-ha-logrado-pasar-del-50-de-chicos-en-escuelas-publicas-al-60,"La Ciudad, en seis años, ha logrado pasar del 50% de chicos en escuelas públicas al 60%",falso,entrenamiento,Falso,https://chequeado.com/ultimas-noticias/jorge-macri-la-ciudad-en-seis-anos-ha-logrado-pasar-del-50-de-chicos-en-escuelas-publicas-al-60/
jorge-macri-por-primera-vez-en-la-historia-el-30-de-la-gente-que-tiene-trabajo-formal-esta-bajo-la-linea-de-la-pobreza,"Por primera vez en la historia, el 30% de la gente que tiene trabajo formal está bajo la línea de la pobreza",falso,entrenamiento,Falso,https://chequeado.com/ultimas-noticias/jorge-macri-por-primera-vez-en-la-historia-el-30-de-la-gente-que-tiene-trabajo-formal-esta-bajo-la-linea-de-la-pobreza/
jose-luis-espert-los-femicidios-no-han-bajado,Los femicidios no han bajado,verdadero,entrenamiento,Verdadero,https://chequeado.com/ultimas-noticias/jose-luis-espert-los-femicidios-no-han-bajado/
juan-cabandie-aumentamos-32-veces-el-presupuesto-para-el-manejo-del-fuego,Aumentamos 32 veces el presupuesto para el manejo del fuego,falso,entrenamiento,Engañoso,https://chequeado.com/ultimas-noticias/juan-cabandie-aumentamos-32-veces-el-presupuesto-para-el-manejo-del-fuego/
juan-grabois-el-40-de-las-familias-argentinas-no-tiene-gas-natural,El 40% de las familias argentinas no tiene gas natural,verdadero,entrenamiento,Verdadero,https://chequeado.com/ultimas-noticias/juan-grabois-el-40-de-las-familias-argentinas-no-tiene-gas-natural/
juan-manzur-transitamos-2-an%cc%83os-consecutivos-de-crecimiento-por-primera-vez-en-una-decada,Transitamos 2 años consecutivos de crecimiento por primera vez en una década,verdadero,entrenamiento,"Verdadero, pero…",https://chequeado.com/ultimas-noticias/juan-manzur-transitamos-2-an%cc%83os-consecutivos-de-crecimiento-por-primera-vez-en-una-decada/
juan-schiaretti-en-el-debate-presidencial-2023-en-cordoba-tenemos-los-jardines-de-3-anos-y-de-4-anos-obligatorios,"En Córdoba, tenemos los jardines de 3 años y de 4 años obligatorios",verdadero,entrenamiento,Verdadero,https://chequeado.com/ultimas-noticias/juan-schiaretti-en-el-debate-presidencial-2023-en-cordoba-tenemos-los-jardines-de-3-anos-y-de-4-anos-obligatorios/
juan-schiaretti-en-terminos-reales-el-producto-bruto-por-habitante-en-la-argentina-es-hoy-casi-el-mismo-que-en-1974,"En términos reales, el Producto Bruto por habitante en la Argentina es hoy casi el mismo que en 1974",falso,entrenamiento,Falso,https://chequeado.com/ultimas-noticias/juan-schiaretti-en-terminos-reales-el-producto-bruto-por-habitante-en-la-argentina-es-hoy-casi-el-mismo-que-en-1974/
juan-schiaretti-no-hay-otra-provincia-que-tenga-la-cantidad-de-jardines-de-3-anos-como-tiene-cordoba,No hay otra provincia que tenga la cantidad de jardines de 3 años como tiene Córdoba,falso,entrenamiento,Falso,https://chequeado.com/ultimas-noticias/juan-schiaretti-no-hay-otra-provincia-que-tenga-la-cantidad-de-jardines-de-3-anos-como-tiene-cordoba/
julian-dominguez-la-argentina-va-reduciendo-progresivamente-la-importacion-de-energia,La Argentina va reduciendo progresivamente la importación de energía,falso,entrenamiento,Engañoso,https://chequeado.com/ultimas-noticias/julian-dominguez-la-argentina-va-reduciendo-progresivamente-la-importacion-de-energia/
juliana-santillan-la-canasta-basica-de-una-familia-de-4-miembros-en-mayo-fue-de-360-mil,La Canasta Básica de una familia de 4 miembros en mayo fue de $ 360 mil,falso,entrenamiento,Falso,https://chequeado.com/ultimas-noticias/juliana-santillan-la-canasta-basica-de-una-familia-de-4-miembros-en-mayo-fue-de-360-mil/
julio-pereyra-en-cloacas-estamos-cerca-del-70-y-en-agua-potable-cerca-del-100,En cloacas estamos cerca del 70% y en agua potable cerca del 100%,falso,entrenamiento,Falso,https://chequeado.com/ultimas-noticias/julio-pereyra-en-cloacas-estamos-cerca-del-70-y-en-agua-potable-cerca-del-100/
katopodis-anunciaron-que-iban-a-hacer-4-mil-kilometros-del-programa-rutas-seguras-e-hicieron-0,Anunciaron que iban a hacer 4 mil kilómetros del programa Rutas Seguras e hicieron 0,verdadero,entrenamiento,"Verdadero, pero…",https://chequeado.com/ultimas-noticias/katopodis-anunciaron-que-iban-a-hacer-4-mil-kilometros-del-programa-rutas-seguras-e-hicieron-0/
katopodis-el-desempleo-esta-en-uno-de-los-niveles-mas-bajos-de-los-ultimos-5-anos,El desempleo está en uno de los niveles más bajos de los últimos 5 años,verdadero,entrenamiento,Verdadero,https://chequeado.com/ultimas-noticias/katopodis-el-desempleo-esta-en-uno-de-los-niveles-mas-bajos-de-los-ultimos-5-anos/
kicillof-antes-de-2011-exportabamos-us-6-000-millones-de-combustibles-y-despues-empezamos-a-importar-la-misma-cifra,Antes de 2011 exportábamos US$ 6.000 millones de combustibles y después empezamos a importar la misma cifra,falso,entrenamiento,Engañoso,https://chequeado.com/ultimas-noticias/kicillof-antes-de-2011-exportabamos-us-6-000-millones-de-combustibles-y-despues-empezamos-a-importar-la-misma-cifra/
kicillof-cambio-la-composicion-de-la-deuda-antes-era-57-en-dolares-ahora-es-83-en-dolares,"Cambió la composición de la deuda. Antes era 57% en dólares, ahora es 83% en dólares",verdadero,entrenamiento,Verdadero,https://chequeado.com/ultimas-noticias/kicillof-cambio-la-composicion-de-la-deuda-antes-era-57-en-dolares-ahora-es-83-en-dolares/
kicillof-con-la-inflacion-mas-alta-el-minimo-deberia-estar-en-13-mil-y-hoy-es-de-15-mil,Con la inflación más alta el mínimo debería estar en $13 mil y hoy es de $15 mil,falso,entrenamiento,Engañoso,https://chequeado.com/ultimas-noticias/kicillof-con-la-inflacion-mas-alta-el-minimo-deberia-estar-en-13-mil-y-hoy-es-de-15-mil/
kicillof-cuanto-endeudo-a-la-provincia-vidal-en-dolares-us-4-400-millones,¿Cuánto endeudó a la Provincia Vidal en dólares? US$ 4.400 millones,falso,validacion,Engañoso,https://chequeado.com/ultimas-noticias/kicillof-cuanto-endeudo-a-la-provincia-vidal-en-dolares-us-4-400-millones/
kicillof-de-las-plazas-existentes-en-las-carceles-bonaerenses-habia-mas-que-el-doble-ocupadas,De las plazas existentes [en las cárceles bonaerenses] había más que el doble [ocupadas],verdadero,entrenamiento,Verdadero,https://chequeado.com/ultimas-noticias/kicillof-de-las-plazas-existentes-en-las-carceles-bonaerenses-habia-mas-que-el-doble-ocupadas/
kicillof-dicen-que-yo-dije-que-no-ibamos-a-pagar-nunca-dije-eso,"Dicen que yo dije que no íbamos a pagar, nunca dije eso",verdadero,entrenamiento,Verdadero,https://chequeado.com/ultimas-noticias/kicillof-dicen-que-yo-dije-que-no-ibamos-a-pagar-nunca-dije-eso/
kicillof-el-gobierno-le-subio-las-retenciones-al-campo-a-niveles-que-habia-antes,[El Gobierno] le subió las retenciones al campo a niveles que había antes,falso,entrenamiento,Engañoso,https://chequeado.com/ultimas-noticias/kicillof-el-gobierno-le-subio-las-retenciones-al-campo-a-niveles-que-habia-antes/
kicillof-en-2011-el-pais-demanda-casi-la-mitad-mas-de-energia-de-lo-que-hacia-al-cabo-de-la-fase-neoliberal,"La demanda [eléctrica] se expandió un 41% entre el 2003 y el 2011, casi un 50% más que en la fase neoliberal",verdadero,entrenamiento,"Verdadero, pero…",https://chequeado.com/ultimas-noticias/kicillof-en-2011-el-pais-demanda-casi-la-mitad-mas-de-energia-de-lo-que-hacia-al-cabo-de-la-fase-neoliberal/
kicillof-en-este-momento-hay-cuarentena-estricta-en-barcelona,En este momento [hay] cuarentena estricta en Barcelona,falso,entrenamiento,Falso,https://chequeado.com/ultimas-noticias/kicillof-en-este-momento-hay-cuarentena-estricta-en-barcelona/
kicillof-en-la-ciudad-la-mitad-de-los-trabajadores-son-de-la-provincia,En la Ciudad la mitad de los trabajadores son de la Provincia,verdadero,entrenamiento,Verdadero,https://chequeado.com/ultimas-noticias/kicillof-en-la-ciudad-la-mitad-de-los-trabajadores-son-de-la-provincia/
kicillof-en-los-4-anos-de-la-gestion-de-vidal-se-habia-licuado-el-salario-real-de-nuestra-fuerza-de-seguridad-en-26,En los 4 años [de la gestión de Vidal] se había licuado el salario real de nuestra fuerza de seguridad en 26%,verdadero,entrenamiento,Verdadero,https://chequeado.com/ultimas-noticias/kicillof-en-los-4-anos-de-la-gestion-de-vidal-se-habia-licuado-el-salario-real-de-nuestra-fuerza-de-seguridad-en-26/
kicillof-es-la-primera-vez-desde-el-ano-75-que-cae-el-producto-bruto-interno-o-sea-cae-la-actividad-y-suben-las-importaciones,"Es la primera vez desde el año 75 que cae el producto bruto interno, o sea cae la actividad, y suben las importaciones",verdadero,entrenamiento,"Verdadero, pero…",https://chequeado.com/ultimas-noticias/kicillof-es-la-primera-vez-desde-el-ano-75-que-cae-el-producto-bruto-interno-o-sea-cae-la-actividad-y-suben-las-importaciones/
kicillof-es-mentira-que-se-han-realizado-menos-test-o-pocos-test-en-la-provincia-llevamos-realizados-60-mil-test-y-en-la-ciudad-38-mil,Es mentira que se han realizado menos test o pocos test. En la Provincia llevamos realizados 60 mil test y en la Ciudad 38 mil,falso,entrenamiento,Engañoso,https://chequeado.com/ultimas-noticias/kicillof-es-mentira-que-se-han-realizado-menos-test-o-pocos-test-en-la-provincia-llevamos-realizados-60-mil-test-y-en-la-ciudad-38-mil/
kicillof-esta-deuda-con-el-sector-privado-en-dolares-esta-alrededor-del-8-es-de-las-mas-bajas-de-la-serie-historica,"Esta deuda con el sector privado en dólares está alrededor del 8%, es de las más bajas de la serie histórica",verdadero,entrenamiento,"Verdadero, pero…",https://chequeado.com/ultimas-noticias/kicillof-esta-deuda-con-el-sector-privado-en-dolares-esta-alrededor-del-8-es-de-las-mas-bajas-de-la-serie-historica/
kicillof-este-es-un-gobierno-que-ha-cerrado-250-escuelas-en-la-provincia-de-buenos-aires,Este es un gobierno que ha cerrado 250 escuelas en la Provincia de Buenos Aires,falso,validacion,Engañoso,https://chequeado.com/ultimas-noticias/kicillof-este-es-un-gobierno-que-ha-cerrado-250-escuelas-en-la-provincia-de-buenos-aires/
kicillof-habitualmente-los-presupuestos-provinciales-tenian-un-3-o-un-4-destinados-a-la-inversion-de-capital,Habitualmente los presupuestos provinciales tenían un 3 o un 4% destinados a la inversión de capital,falso,entrenamiento,Falso,https://chequeado.com/ultimas-noticias/kicillof-habitualmente-los-presupuestos-provinciales-tenian-un-3-o-un-4-destinados-a-la-inversion-de-capital/
kicillof-hay-un-deficit-que-se-calcula-seguro-en-mas-de-1-millon-entre-viviendas-y-problemas-graves-en-lo-habitacional,Hay un déficit que se calcula seguro en más de 1 millón entre viviendas y problemas graves en lo habitacional,verdadero,entrenamiento,Verdadero,https://chequeado.com/ultimas-noticias/kicillof-hay-un-deficit-que-se-calcula-seguro-en-mas-de-1-millon-entre-viviendas-y-problemas-graves-en-lo-habitacional/
kicillof-hay-una-superpoblacion-del-100-en-las-carceles,Hay una superpoblación del 100% en las cárceles,verdadero,entrenamiento,Verdadero,https://chequeado.com/ultimas-noticias/kicillof-hay-una-superpoblacion-del-100-en-las-carceles/
kicillof-hoy-hay-49-567-internos-privados-de-su-libertad-para-24-000-plazas-ha-habido-un-fuerte-crecimiento,Hoy hay 49.567 internos privados de su libertad para 24.000 plazas. Ha habido un fuerte crecimiento,verdadero,entrenamiento,Verdadero,https://chequeado.com/ultimas-noticias/kicillof-hoy-hay-49-567-internos-privados-de-su-libertad-para-24-000-plazas-ha-habido-un-fuerte-crecimiento/
kicillof-la-economia-norteamericana-sufrio-una-caida-en-su-producto-bruto-interno-del-33-es-la-caida-mas-grande-en-los-ultimos-70-anos,La economía norteamericana sufrió una caída en su PBI del 33%. Es la caída más grande en los últimos 70 años,falso,entrenamiento,Engañoso,https://chequeado.com/ultimas-noticias/kicillof-la-economia-norteamericana-sufrio-una-caida-en-su-producto-bruto-interno-del-33-es-la-caida-mas-grande-en-los-ultimos-70-anos/
kicillof-los-delitos-vinculados-a-drogas-subieron-un-331-en-la-provincia,"Los delitos vinculados a drogas subieron un 33,1% [en la Provincia]",verdadero,entrenamiento,"Verdadero, pero…",https://chequeado.com/ultimas-noticias/kicillof-los-delitos-vinculados-a-drogas-subieron-un-331-en-la-provincia/
kicillof-los-impuestos-progresivos-representaban-el-23-en-los-a90-y-ahora-representan-el-43-del-total-de-la-recaudacion,"Los impuestos progresivos representaban el 23% [en los ´90], y ahora representan el 43% del total de la recaudación",verdadero,entrenamiento,"Verdadero, pero…",https://chequeado.com/ultimas-noticias/kicillof-los-impuestos-progresivos-representaban-el-23-en-los-a90-y-ahora-representan-el-43-del-total-de-la-recaudacion/
kicillof-los-programas-de-vivienda-representaron-desde-2003-un-total-de-mas-de-900-mil-soluciones-habitacionales,Los programas [de vivienda] han representado desde 2003 un total de más de 900 mil soluciones habitacionales,verdadero,entrenamiento,Verdadero,https://chequeado.com/ultimas-noticias/kicillof-los-programas-de-vivienda-representaron-desde-2003-un-total-de-mas-de-900-mil-soluciones-habitacionales/
kicillof-mas-que-duplicamos-la-cantidad-de-camas-de-terapia-intensiva-en-los-hospitales-provinciales,Más que duplicamos la cantidad de camas de terapia intensiva en los hospitales provinciales,verdadero,entrenamiento,"Verdadero, pero…",https://chequeado.com/ultimas-noticias/kicillof-mas-que-duplicamos-la-cantidad-de-camas-de-terapia-intensiva-en-los-hospitales-provinciales/
kicillof-paso-en-2016-que-el-consumo-cayo-un-10,Pasó en 2016 que el consumo cayó un 10%,verdadero,entrenamiento,Verdadero,https://chequeado.com/ultimas-noticias/kicillof-paso-en-2016-que-el-consumo-cayo-un-10/
kicillof-se-estima-en-2-millones-de-personas-las-que-tiene-problemas-habitacionales-en-la-provincia,Se estima en 2 millones de personas las que tienen problemas habitacionales en la Provincia,verdadero,validacion,Verdadero,https://chequeado.com/ultimas-noticias/kicillof-se-estima-en-2-millones-de-personas-las-que-tiene-problemas-habitacionales-en-la-provincia/
kicillof-sepan-que-cuando-llegamos-al-gobierno-las-tarifas-de-luz-una-parte-de-la-boleta-se-pagaba-en-dolares,"Sepan que cuando llegamos al Gobierno, las tarifas [de luz], una parte de la boleta se pagaba en dólares",verdadero,entrenamiento,Verdadero,https://chequeado.com/ultimas-noticias/kicillof-sepan-que-cuando-llegamos-al-gobierno-las-tarifas-de-luz-una-parte-de-la-boleta-se-pagaba-en-dolares/
kicillof-si-tomamos-solo-los-empleos-privados-registrados-en-el-ultimo-ano-crecieron-en-180-mil,"Si tomamos sólo los empleos privados registrados, en el último año crecieron en 180 mil",falso,validacion,Engañoso,https://chequeado.com/ultimas-noticias/kicillof-si-tomamos-solo-los-empleos-privados-registrados-en-el-ultimo-ano-crecieron-en-180-mil/
kicillof-si-uno-mira-las-estadisticas-de-hechos-delictivos-no-mejoraron-empeoraron-casi-todos-los-renglones,"Si uno mira las estadísticas de hechos delictivos, no mejoraron. Empeoraron en casi todos los renglones",falso,entrenamiento,Engañoso,https://chequeado.com/ultimas-noticias/kicillof-si-uno-mira-las-estadisticas-de-hechos-delictivos-no-mejoraron-empeoraron-casi-todos-los-renglones/
kicillof-sobre-el-canje-de-deuda-bonaerense-en-los-proximos-4-anos-vence-el-80,En los próximos 4 años vence el 80%,verdadero,entrenamiento,Verdadero,https://chequeado.com/ultimas-noticias/kicillof-sobre-el-canje-de-deuda-bonaerense-en-los-proximos-4-anos-vence-el-80/
kicillof-sobre-el-coronavirus-no-es-verdad-que-es-un-problema-solo-de-barrios-populares-ni-que-los-contagios-sean-un-problema-solamente-de-la-gente-de-edad,"No es verdad que es un problema solo de barrios populares, ni que los contagios sean un problema solamente de la gente de edad",verdadero,entrenamiento,Verdadero,https://chequeado.com/ultimas-noticias/kicillof-sobre-el-coronavirus-no-es-verdad-que-es-un-problema-solo-de-barrios-populares-ni-que-los-contagios-sean-un-problema-solamente-de-la-gente-de-edad/
kicillof-sobre-la-compra-de-dolares-el-mecanismo-tendra-un-sesgo-hacia-los-que-menos-tienen,El mecanismo tendrá un sesgo hacia los que menos tienen,falso,entrenamiento,Falso,https://chequeado.com/ultimas-noticias/kicillof-sobre-la-compra-de-dolares-el-mecanismo-tendra-un-sesgo-hacia-los-que-menos-tienen/
kicillof-sobre-las-tarifas-en-el-gobierno-de-macri-aumentaban-1300-hasta-2000-el-gas-y-3700-la-electricidad,"Aumentaban 1300%, hasta 2000% el gas y 3700% la electricidad",verdadero,entrenamiento,Verdadero,https://chequeado.com/ultimas-noticias/kicillof-sobre-las-tarifas-en-el-gobierno-de-macri-aumentaban-1300-hasta-2000-el-gas-y-3700-la-electricidad/
kreplak-el-186-de-todas-las-vacunas-a-residentes-de-la-ciudad-de-buenos-aires-se-aplico-en-la-provincia,"El 18,6% de todas las vacunas a residentes de la Ciudad de Buenos Aires se aplicó en la Provincia",verdadero,entrenamiento,"Verdadero, pero…",https://chequeado.com/ultimas-noticias/kreplak-el-186-de-todas-las-vacunas-a-residentes-de-la-ciudad-de-buenos-aires-se-aplico-en-la-provincia/
kulfas-el-salario-real-de-los-trabajadores-privados-registrados-hoy-en-la-argentina-esta-aproximadamente-en-los-niveles-de-comienzos-del-2011,El salario real (de los trabajadores privados registrados) hoy en la Argentina está aproximadamente en los niveles de comienzos del 2011,verdadero,entrenamiento,Verdadero,https://chequeado.com/ultimas-noticias/kulfas-el-salario-real-de-los-trabajadores-privados-registrados-hoy-en-la-argentina-esta-aproximadamente-en-los-niveles-de-comienzos-del-2011/
kulfas-en-los-ultimos-10-anos-el-empleo-registrado-estuvo-mas-bien-estancado-y-en-el-gobierno-de-macri-cayo,"En los últimos 10 años, el empleo registrado estuvo más bien estancado y en el gobierno de Macri, cayó",verdadero,entrenamiento,"Verdadero, pero…",https://chequeado.com/ultimas-noticias/kulfas-en-los-ultimos-10-anos-el-empleo-registrado-estuvo-mas-bien-estancado-y-en-el-gobierno-de-macri-cayo/
kulfas-se-han-perdido-140-mil-puestos-de-trabajo-industriales,Se han perdido 140 mil puestos de trabajo industriales,verdadero,validacion,"Verdadero, pero…",https://chequeado.com/ultimas-noticias/kulfas-se-han-perdido-140-mil-puestos-de-trabajo-industriales/
kulfas-sobre-la-recuperacion-del-sector-industrial-van-5-meses-seguidos-de-crecimiento-y-generacion-de-empleos-nuevos,Van 5 meses seguidos de crecimiento y generación de empleos nuevos,verdadero,entrenamiento,Verdadero,https://chequeado.com/ultimas-noticias/kulfas-sobre-la-recuperacion-del-sector-industrial-van-5-meses-seguidos-de-crecimiento-y-generacion-de-empleos-nuevos/
la-gaceta-por-amplia-mayoria-la-legislatura-sanciono-la-resolucion-que-declara-pro-vida-a-tucuman,"Por amplia mayoría, la Legislatura sancionó la resolución que declara ‘pro-vida’ a Tucumán",verdadero,entrenamiento,Verdadero,https://chequeado.com/verificacionfb/la-gaceta-por-amplia-mayoria-la-legislatura-sanciono-la-resolucion-que-declara-pro-vida-a-tucuman/
la-nacion-bajo-impacto-de-la-auh-en-la-escuela,Bajo impacto de la AUH en la escuela,falso,entrenamiento,Falso,https://chequeado.com/ultimas-noticias/la-nacion-bajo-impacto-de-la-auh-en-la-escuela/
la-nacion-cristina-kirchner-anuncio-en-2012-la-compra-de-26-aviones-para-incendios-pero-no-llego-ninguno,"Cristina Kirchner anunció en 2012 la compra de 26 aviones para incendios, pero no llegó ninguno",falso,entrenamiento,Falso,https://chequeado.com/ultimas-noticias/la-nacion-cristina-kirchner-anuncio-en-2012-la-compra-de-26-aviones-para-incendios-pero-no-llego-ninguno/
la-nacion-el-gobierno-envio-al-congreso-la-reforma-laboral,El Gobierno envió al Congreso la reforma laboral,verdadero,entrenamiento,Verdadero,https://chequeado.com/verificacionfb/la-nacion-el-gobierno-envio-al-congreso-la-reforma-laboral/
la-nacion-entre-2001-y-2012-la-argentina-fue-el-tercer-proveedor-mundial-de-cocaina,"Entre 2001 y 2012, la Argentina fue el tercer proveedor mundial de cocaína",verdadero,entrenamiento,"Verdadero, pero…",https://chequeado.com/ultimas-noticias/la-nacion-entre-2001-y-2012-la-argentina-fue-el-tercer-proveedor-mundial-de-cocaina/
la-nacion-fuerte-deterioro-del-campo-en-10-anos-la-soja-fue-la-unica-excepcion,Fuerte deterioro del campo en 10 años: la soja fue la única excepción,verdadero,entrenamiento,Verdadero,https://chequeado.com/ultimas-noticias/la-nacion-fuerte-deterioro-del-campo-en-10-anos-la-soja-fue-la-unica-excepcion/
la-nacion-futbol-para-todos-con-mas-presupuesto-que-el-ministerio-de-cultura,"Fútbol para Todos, con más presupuesto que el Ministerio de Cultura",falso,entrenamiento,Engañoso,https://chequeado.com/ultimas-noticias/la-nacion-futbol-para-todos-con-mas-presupuesto-que-el-ministerio-de-cultura/
la-nacion-la-argentina-es-el-pais-mas-proteccionista-del-mundo,La Argentina es el país más proteccionista del mundo,falso,entrenamiento,Engañoso,https://chequeado.com/ultimas-noticias/la-nacion-la-argentina-es-el-pais-mas-proteccionista-del-mundo/
la-nacion-la-argentina-posee-una-rotacion-claramente-deficiente,La Argentina [posee] una rotación claramente deficiente,verdadero,entrenamiento,Verdadero,https://chequeado.com/ultimas-noticias/la-nacion-la-argentina-posee-una-rotacion-claramente-deficiente/
la-nacion-la-argentina-tiene-hoy-la-mayor-presion-tributaria-de-su-historia,La Argentina tiene hoy la mayor presión tributaria de su historia,verdadero,entrenamiento,Verdadero,https://chequeado.com/ultimas-noticias/la-nacion-la-argentina-tiene-hoy-la-mayor-presion-tributaria-de-su-historia/
la-nacion-qen-la-argentina-muere-mas-gente-producto-de-un-accidente-de-transito-que-a-raiz-de-un-hecho-delictivoq,En la Argentina muere más gente producto de un accidente de tránsito que a raíz de un hecho delictivo,verdadero,entrenamiento,Verdadero,https://chequeado.com/ultimas-noticias/la-nacion-qen-la-argentina-muere-mas-gente-producto-de-un-accidente-de-transito-que-a-raiz-de-un-hecho-delictivoq/
la-nacion-sin-titulo-docente-podran-ser-nombrados-maestros-en-algunas-escuelas,"Sin título docente, podrán ser nombrados maestros en algunas escuelas",falso,validacion,Engañoso,https://chequeado.com/ultimas-noticias/la-nacion-sin-titulo-docente-podran-ser-nombrados-maestros-en-algunas-escuelas/
la-nueva-ley-de-diabetes-le-mejora-la-vida-a-mas-de-3-millones-de-argentinos,La nueva ley de diabetes le mejora la vida a más de tres millones de argentinos,verdadero,entrenamiento,Verdadero,https://chequeado.com/ultimas-noticias/la-nueva-ley-de-diabetes-le-mejora-la-vida-a-mas-de-3-millones-de-argentinos/
la-nueva-provincia-aumenta-el-pasaje-de-colectivo-en-bahia-blanca,Aumenta el pasaje de colectivo en Bahía Blanca,verdadero,entrenamiento,Verdadero,https://chequeado.com/verificacionfb/la-nueva-provincia-aumenta-el-pasaje-de-colectivo-en-bahia-blanca/
la-nueva-provincia-suspenden-la-vacuna-contra-la-meningitis-para-chicos-de-11-anos-hasta-contar-con-la-disponibilidad-necesaria,Suspenden la vacuna contra la meningitis para chicos de 11 años hasta contar con la disponibilidad necesaria,verdadero,entrenamiento,Verdadero,https://chequeado.com/verificacionfb/la-nueva-provincia-suspenden-la-vacuna-contra-la-meningitis-para-chicos-de-11-anos-hasta-contar-con-la-disponibilidad-necesaria/
la-publicidad-oficial-ino-tiene-influencia-alguna-cfk-la-publicidad-oficial-es-el-10-del-total,La publicidad oficial es el 10% del total. Con lo cual su influencia es nula,falso,validacion,Engañoso,https://chequeado.com/ultimas-noticias/la-publicidad-oficial-ino-tiene-influencia-alguna-cfk-la-publicidad-oficial-es-el-10-del-total/
la-voz-del-interior-una-madre-debera-pagar-670-a-su-ex-por-cada-dia-que-no-le-dejo-ver-al-hijo-de-ambos,Una madre deberá pagar $670 a su ex por cada día que no le dejó ver al hijo de ambos,verdadero,entrenamiento,Verdadero,https://chequeado.com/verificacionfb/la-voz-del-interior-una-madre-debera-pagar-670-a-su-ex-por-cada-dia-que-no-le-dejo-ver-al-hijo-de-ambos/
lacunza-hace-8-anos-que-no-crecemos-de-manera-sostenida,Hace 8 años que no crecemos de manera sostenida,verdadero,entrenamiento,Verdadero,https://chequeado.com/ultimas-noticias/lacunza-hace-8-anos-que-no-crecemos-de-manera-sostenida/
lacunza-sobre-cambiemos-se-crearon-cerca-de-1-millon-de-puestos-de-trabajo-de-punta-a-punta,Se crearon cerca de 1 millón de puestos de trabajo de punta a punta,verdadero,entrenamiento,Verdadero,https://chequeado.com/ultimas-noticias/lacunza-sobre-cambiemos-se-crearon-cerca-de-1-millon-de-puestos-de-trabajo-de-punta-a-punta/
lammens-en-educacion-pasamos-del-25-del-total-de-presupuesto-al-17-8-puntos-en-salud-paso-algo-similar-de-19-a-14,"En Educación pasamos del 25% del total de presupuesto al 17%, 8 puntos. En Salud pasó algo similar, de 19% a 14%",falso,entrenamiento,Engañoso,https://chequeado.com/ultimas-noticias/lammens-en-educacion-pasamos-del-25-del-total-de-presupuesto-al-17-8-puntos-en-salud-paso-algo-similar-de-19-a-14/
lammens-los-resultados-de-estos-4-anos-no-fueron-buenos-el-delito-estuvo-en-alza,Los resultados de estos 4 años no fueron buenos: el delito estuvo en alza,falso,entrenamiento,Falso,https://chequeado.com/ultimas-noticias/lammens-los-resultados-de-estos-4-anos-no-fueron-buenos-el-delito-estuvo-en-alza/
lammens-por-primera-vez-en-15-anos-las-obras-del-subte-estan-paradas,Por primera vez en 15 años las obras [del subte] están paradas,verdadero,entrenamiento,"Verdadero, pero…",https://chequeado.com/ultimas-noticias/lammens-por-primera-vez-en-15-anos-las-obras-del-subte-estan-paradas/
lanata-en-la-argentina-cinco-de-cada-diez-chicos-terminan-la-secundaria,"En la Argentina, cinco de cada diez chicos terminan la secundaria",verdadero,entrenamiento,Verdadero,https://chequeado.com/ultimas-noticias/lanata-en-la-argentina-cinco-de-cada-diez-chicos-terminan-la-secundaria/
lanata-en-la-epoca-de-menem-no-habia-produccion-mayorista-post-cultivo-de-droga-como-hay-hoy,En la época de Menem no había producción mayorista [post cultivo] de droga como hay hoy,verdadero,entrenamiento,Verdadero,https://chequeado.com/ultimas-noticias/lanata-en-la-epoca-de-menem-no-habia-produccion-mayorista-post-cultivo-de-droga-como-hay-hoy/
lanata-en-peru-en-bolivia-y-en-paraguay-estan-mejor-que-en-la-argentina,"En Perú, en Bolivia y en Paraguay están mejor [que en la Argentina]",falso,entrenamiento,Engañoso,https://chequeado.com/ultimas-noticias/lanata-en-peru-en-bolivia-y-en-paraguay-estan-mejor-que-en-la-argentina/
lanata-hoy-la-cantidad-de-asesinatos-cada-100-mil-personas-es-mayor-en-santa-fe-que-en-rosario,Hoy la cantidad de asesinatos cada 100 mil personas es mayor en Santa Fe que en Rosario,verdadero,entrenamiento,"Verdadero, pero…",https://chequeado.com/ultimas-noticias/lanata-hoy-la-cantidad-de-asesinatos-cada-100-mil-personas-es-mayor-en-santa-fe-que-en-rosario/
lanata-sacaron-a-seychelles-de-la-lista-de-paraisos-fiscales-era-un-paraiso-fiscal-despues-dejo-de-serlo,"Sacaron a Seychelles de la lista de paraísos fiscales. (…) Era un paraíso fiscal, después dejó de serlo",falso,entrenamiento,Falso,https://chequeado.com/ultimas-noticias/lanata-sacaron-a-seychelles-de-la-lista-de-paraisos-fiscales-era-un-paraiso-fiscal-despues-dejo-de-serlo/
larreta-desde-que-lanzamos-el-plan-integral-de-seguridad-publica-todos-los-delitos-bajaron,"Desde que lanzamos el Plan Integral de Seguridad Pública, todos los delitos bajaron",verdadero,entrenamiento,"Verdadero, pero…",https://chequeado.com/ultimas-noticias/larreta-desde-que-lanzamos-el-plan-integral-de-seguridad-publica-todos-los-delitos-bajaron/
larreta-en-la-ciudad-cumplimos-con-la-ley-nacional-de-educacion-que-dice-que-todos-los-chicos-de-4-anos-en-adelante-tienen-su-vacante-garantizada,"En la Ciudad cumplimos con la Ley Nacional [de Educación], que dice que todos los chicos de 4 años en adelante tienen su vacante garantizada",verdadero,entrenamiento,"Verdadero, pero…",https://chequeado.com/ultimas-noticias/larreta-en-la-ciudad-cumplimos-con-la-ley-nacional-de-educacion-que-dice-que-todos-los-chicos-de-4-anos-en-adelante-tienen-su-vacante-garantizada/
larreta-en-publicidad-nosotros-gastamos-087-del-presupuesto-lo-mismo-que-al-comienzo-del-gobierno,"En Publicidad nosotros gastamos 0,87% del presupuesto, lo mismo que al comienzo del gobierno",falso,entrenamiento,Falso,https://chequeado.com/ultimas-noticias/larreta-en-publicidad-nosotros-gastamos-087-del-presupuesto-lo-mismo-que-al-comienzo-del-gobierno/
larreta-hoy-un-chico-en-la-ciudad-tiene-su-vacante-asegurada-desde-los-cuatro-anos,[Hoy un chico en la Ciudad] tiene su vacante asegurada desde los cuatro años,verdadero,entrenamiento,Verdadero,https://chequeado.com/ultimas-noticias/larreta-hoy-un-chico-en-la-ciudad-tiene-su-vacante-asegurada-desde-los-cuatro-anos/
larreta-hoy-un-chico-puede-votar-a-los-16-anos-pero-no-es-responsable-no-puede-ser-que-no-sea-punible,Hoy un chico puede votar a los 16 años pero no es responsable. No puede ser que no sea punible,falso,entrenamiento,Falso,https://chequeado.com/ultimas-noticias/larreta-hoy-un-chico-puede-votar-a-los-16-anos-pero-no-es-responsable-no-puede-ser-que-no-sea-punible/
larreta-la-deuda-en-la-ciudad-se-ha-mantenido-aun-con-el-recorte-de-la-coparticipacion,"La deuda en la Ciudad se ha mantenido, aún con el recorte de la coparticipación",verdadero,entrenamiento,Verdadero,https://chequeado.com/ultimas-noticias/larreta-la-deuda-en-la-ciudad-se-ha-mantenido-aun-con-el-recorte-de-la-coparticipacion/
larreta-nosotros-tenemos-superavit-hace-muchos-anos-por-eso-invertimos-lo-que-invertimos,"Nosotros tenemos superávit hace muchos años, por eso invertimos lo que invertimos",falso,validacion,Falso,https://chequeado.com/ultimas-noticias/larreta-nosotros-tenemos-superavit-hace-muchos-anos-por-eso-invertimos-lo-que-invertimos/
larreta-se-bajo-la-tasa-de-desempleo-femenino-del-134-al-95,"Se bajó la tasa de desempleo femenino del 13,4% al 9,5%",verdadero,entrenamiento,Verdadero,https://chequeado.com/ultimas-noticias/larreta-se-bajo-la-tasa-de-desempleo-femenino-del-134-al-95/
larreta-si-salis-con-el-sobre-cerrado-del-cuarto-oscuro-ya-sea-con-la-lengua-o-plasticola-te-lo-anulan,"Si salís con el sobre cerrado [del cuarto oscuro], ya sea con la lengua o plasticola, te lo anulan",falso,entrenamiento,Falso,https://chequeado.com/ultimas-noticias/larreta-si-salis-con-el-sobre-cerrado-del-cuarto-oscuro-ya-sea-con-la-lengua-o-plasticola-te-lo-anulan/
larreta-sobre-el-gasto-en-educacion-y-salud-todos-los-anos-viene-aumentando-en-terminos-reales,Todos los años viene aumentando en términos reales,falso,entrenamiento,Falso,https://chequeado.com/ultimas-noticias/larreta-sobre-el-gasto-en-educacion-y-salud-todos-los-anos-viene-aumentando-en-terminos-reales/
larreta-sumamos-110-hectareas-de-parques-nuevos,Sumamos 110 hectáreas de parques nuevos,falso,entrenamiento,Falso,https://chequeado.com/ultimas-noticias/larreta-sumamos-110-hectareas-de-parques-nuevos/
larreta-tanto-en-la-ciudad-como-en-la-provincia-llegamos-a-la-tasa-de-mortalidad-infantil-mas-baja-la-historia,Tanto en la Ciudad como en la Provincia llegamos a la tasa de mortalidad infantil más baja de la historia,verdadero,validacion,Verdadero,https://chequeado.com/ultimas-noticias/larreta-tanto-en-la-ciudad-como-en-la-provincia-llegamos-a-la-tasa-de-mortalidad-infantil-mas-baja-la-historia/
las-exportaciones-aumentaron-casi-2-en-dolares-y-casi-7-en-cantidades-respecto-de-2015-2,Las exportaciones aumentaron casi 2% en dólares y casi 7% en cantidades respecto de 2015,verdadero,entrenamiento,Verdadero,https://chequeado.com/ultimas-noticias/las-exportaciones-aumentaron-casi-2-en-dolares-y-casi-7-en-cantidades-respecto-de-2015-2/
laspina-desde-que-asumio-el-gobierno-hay-segun-datos-oficiales-25-mil-argentinos-mas-que-ya-tienen-residencia-fiscal-en-uruguay,"Desde que asumió el Gobierno hay, según datos oficiales, 25 mil argentinos más que ya tienen residencia fiscal en Uruguay",falso,entrenamiento,Falso,https://chequeado.com/ultimas-noticias/laspina-desde-que-asumio-el-gobierno-hay-segun-datos-oficiales-25-mil-argentinos-mas-que-ya-tienen-residencia-fiscal-en-uruguay/
laspina-sobre-el-presupuesto-2019-las-prestaciones-sociales-aumentan-37,Las prestaciones sociales aumentan 37%,falso,entrenamiento,Engañoso,https://chequeado.com/ultimas-noticias/laspina-sobre-el-presupuesto-2019-las-prestaciones-sociales-aumentan-37/
lavagna-desde-el-2005-hasta-ahora-disminuyo-el-numero-de-empresas-exportadoras,Desde el 2005 hasta ahora ha disminuido el número de empresas exportadoras,verdadero,entrenamiento,Verdadero,https://chequeado.com/ultimas-noticias/lavagna-desde-el-2005-hasta-ahora-disminuyo-el-numero-de-empresas-exportadoras/
lavagna-en-2012-se-usaron-mas-de-100-mil-millones-de-pesos-en-subsidios-en-energia-y-transporte-y-la-auh-fue-9-veces-menos-que-esa-suma,[En 2012] se usaron más de $100 mil millones en subsidios y la AUH fue 9 veces menos que esa suma,verdadero,entrenamiento,"Verdadero, pero…",https://chequeado.com/ultimas-noticias/lavagna-en-2012-se-usaron-mas-de-100-mil-millones-de-pesos-en-subsidios-en-energia-y-transporte-y-la-auh-fue-9-veces-menos-que-esa-suma/
lavagna-hay-alrededor-de-900-mil-jovenes-que-no-estudian-ni-trabajan,Hay alrededor de 900 mil jóvenes que no estudian ni trabajan,verdadero,entrenamiento,Verdadero,https://chequeado.com/ultimas-noticias/lavagna-hay-alrededor-de-900-mil-jovenes-que-no-estudian-ni-trabajan/
lavagna-hoy-el-empleo-publico-tiene-mas-personas-que-todo-el-empleo-de-la-industria-argentina,El empleo público tiene más personas que todo el empleo de la industria,verdadero,entrenamiento,Verdadero,https://chequeado.com/ultimas-noticias/lavagna-hoy-el-empleo-publico-tiene-mas-personas-que-todo-el-empleo-de-la-industria-argentina/
lavagna-la-argentina-lleva-8-anos-de-estancamiento-absoluto,[La Argentina] lleva 8 años de estancamiento absoluto,verdadero,validacion,Verdadero,https://chequeado.com/ultimas-noticias/lavagna-la-argentina-lleva-8-anos-de-estancamiento-absoluto/
lavagna-la-economia-lleva-8-anos-estancada,[La economía] lleva 8 años estancada,verdadero,entrenamiento,Verdadero,https://chequeado.com/ultimas-noticias/lavagna-la-economia-lleva-8-anos-estancada/
lavagna-no-es-cierto-que-las-exportaciones-esten-subiendo,No es cierto que las exportaciones estén subiendo,falso,entrenamiento,Falso,https://chequeado.com/ultimas-noticias/lavagna-no-es-cierto-que-las-exportaciones-esten-subiendo/
lavagna-no-se-ha-creado-empleo-en-los-ultimos-3-anos-excepto-en-el-sector-publico,"No se ha creado empleo en los últimos 3 años, excepto en el sector público",falso,entrenamiento,Falso,https://chequeado.com/ultimas-noticias/lavagna-no-se-ha-creado-empleo-en-los-ultimos-3-anos-excepto-en-el-sector-publico/
lavagna-son-ocho-anos-de-estancamiento-absoluto,Son ocho años de estancamiento absoluto,verdadero,entrenamiento,Verdadero,https://chequeado.com/ultimas-noticias/lavagna-son-ocho-anos-de-estancamiento-absoluto/
leandro-santoro-el-contrato-de-la-basura-en-la-ciudad-de-buenos-aires-representa-el-7-del-presupuesto,El contrato de la basura en la Ciudad de Buenos Aires representa el 7% del presupuesto,verdadero,entrenamiento,Verdadero,https://chequeado.com/ultimas-noticias/leandro-santoro-el-contrato-de-la-basura-en-la-ciudad-de-buenos-aires-representa-el-7-del-presupuesto/
lipovetzky-en-el-presupuesto-sancionado-de-cada-diez-pesos-de-erogacion-publica-seis-estan-destinados-a-inversion-social,En el presupuesto sancionado de cada diez pesos seis están destinados a inversión social,verdadero,entrenamiento,"Verdadero, pero…",https://chequeado.com/ultimas-noticias/lipovetzky-en-el-presupuesto-sancionado-de-cada-diez-pesos-de-erogacion-publica-seis-estan-destinados-a-inversion-social/
llach-el-porcentaje-invertido-en-2010-en-educacion-ciencia-y-tecnologia-es-casi-identico-al-del-periodo-1999-2001,"El porcentaje invertido [en 2010 en Educación, Ciencia y Tecnología] es casi idéntico al del período 1999-2001",verdadero,entrenamiento,"Verdadero, pero…",https://chequeado.com/ultimas-noticias/llach-el-porcentaje-invertido-en-2010-en-educacion-ciencia-y-tecnologia-es-casi-identico-al-del-periodo-1999-2001/
ln-no-publico-que-aysa-le-pago-15-millones-a-pablo-echarri-y-la-factura-presentada-como-evidencia-es-falsa,AySA le pagó a Pablo Echarri $ 15 millones y la supuesta noticia no fue publicada por LN+,falso,entrenamiento,Falso,https://chequeado.com/ultimas-noticias/ln-no-publico-que-aysa-le-pago-15-millones-a-pablo-echarri-y-la-factura-presentada-como-evidencia-es-falsa/
lorenzetti-el-poder-judicial-nunca-va-a-ser-popular-porque-seria-un-error-que-los-jueces-busquen-la-popularidad,"[El Poder Judicial] nunca va a ser popular, porque sería un error que los jueces busquen la popularidad",verdadero,entrenamiento,Verdadero,https://chequeado.com/ultimas-noticias/lorenzetti-el-poder-judicial-nunca-va-a-ser-popular-porque-seria-un-error-que-los-jueces-busquen-la-popularidad/
lorenzetti-en-la-justicia-federal-las-vacantes-oscilan-en-el-30,En la Justicia Federal las vacantes oscilan en el 30%,verdadero,entrenamiento,"Verdadero, pero…",https://chequeado.com/ultimas-noticias/lorenzetti-en-la-justicia-federal-las-vacantes-oscilan-en-el-30/
lorenzetti-la-mayoria-de-las-causas-por-drogas-que-nos-llegan-son-por-consumo-personal,La mayoría de las causas [por drogas] que nos llegan son por consumo personal,verdadero,validacion,Verdadero,https://chequeado.com/ultimas-noticias/lorenzetti-la-mayoria-de-las-causas-por-drogas-que-nos-llegan-son-por-consumo-personal/
lorenzetti-la-sentencia-por-la-causa-del-atentado-a-la-embajada-de-israel-es-cosa-juzgada,La sentencia por la causa del atentado a la Embajada de Israel es cosa juzgada,falso,entrenamiento,Falso,https://chequeado.com/ultimas-noticias/lorenzetti-la-sentencia-por-la-causa-del-atentado-a-la-embajada-de-israel-es-cosa-juzgada/
lousteau-aumento-la-desigualdad-en-la-ciudad-en-el-sur-hay-el-doble-de-homicidios-por-habitante,Aumentó la desigualdad en la Ciudad. En el sur hay el doble de homicidios por habitante,verdadero,entrenamiento,Verdadero,https://chequeado.com/ultimas-noticias/lousteau-aumento-la-desigualdad-en-la-ciudad-en-el-sur-hay-el-doble-de-homicidios-por-habitante/
lousteau-cada-vez-que-en-la-argentina-la-inflacion-nos-come-un-1-del-poder-adquisitivo-hay-230-mil-pobres-nuevos,Cada vez que en la Argentina la inflación nos come un 1% del poder adquisitivo hay 230 mil pobres nuevos,verdadero,entrenamiento,Verdadero,https://chequeado.com/ultimas-noticias/lousteau-cada-vez-que-en-la-argentina-la-inflacion-nos-come-un-1-del-poder-adquisitivo-hay-230-mil-pobres-nuevos/
lousteau-el-gobierno-nacional-no-tiene-informacion-sobre-el-delito-desde-2009-el-gobierno-de-la-ciudad-tampoco,El Gobierno nacional no hace públicas las estadísticas [sobre el delito] desde 2009. El gobierno de la Ciudad tampoco,verdadero,entrenamiento,"Verdadero, pero…",https://chequeado.com/ultimas-noticias/lousteau-el-gobierno-nacional-no-tiene-informacion-sobre-el-delito-desde-2009-el-gobierno-de-la-ciudad-tampoco/
lousteau-el-numero-de-casos-de-mortalidad-infantil-en-la-ciudad-aumento,El número de casos de mortalidad infantil en la Ciudad aumentó,verdadero,entrenamiento,Verdadero,https://chequeado.com/ultimas-noticias/lousteau-el-numero-de-casos-de-mortalidad-infantil-en-la-ciudad-aumento/
lousteau-en-los-ultimos-dos-anos-no-se-han-generado-puestos-de-trabajo-casi-en-el-sector-privado,En los últimos dos años no se han generado puestos de trabajo casi en el sector privado,verdadero,entrenamiento,Verdadero,https://chequeado.com/ultimas-noticias/lousteau-en-los-ultimos-dos-anos-no-se-han-generado-puestos-de-trabajo-casi-en-el-sector-privado/
lousteau-hay-800-mil-pensiones-por-invalidez-de-mas-son-mas-que-los-muertos-de-estados-unidos-reino-unido-francia-polonia-grecia-y-los-paises-bajos-juntos-en-la-segunda-guerra-mundial,"Hay 800 mil pensiones por invalidez de más. Son más que los muertos de Estados Unidos, Reino Unido, Francia, Polonia, Grecia y los Países Bajos juntos en la Segunda Guerra Mundial",falso,entrenamiento,Falso,https://chequeado.com/ultimas-noticias/lousteau-hay-800-mil-pensiones-por-invalidez-de-mas-son-mas-que-los-muertos-de-estados-unidos-reino-unido-francia-polonia-grecia-y-los-paises-bajos-juntos-en-la-segunda-guerra-mundial/
lousteau-la-argentina-tiene-hoy-el-estado-mas-grande-de-toda-su-historia,La Argentina tiene hoy el Estado más grande de toda su historia,verdadero,entrenamiento,Verdadero,https://chequeado.com/ultimas-noticias/lousteau-la-argentina-tiene-hoy-el-estado-mas-grande-de-toda-su-historia/
lousteau-sobre-el-presupuesto-2021-no-contemplo-partidas-para-atender-los-efectos-de-la-pandemia,No contempló partidas para atender los efectos de la pandemia,verdadero,entrenamiento,Verdadero,https://chequeado.com/ultimas-noticias/lousteau-sobre-el-presupuesto-2021-no-contemplo-partidas-para-atender-los-efectos-de-la-pandemia/
lozano-dicen-que-van-a-gravar-la-renta-pero-en-realidad-van-a-gravar-la-rentita,Dicen que van a gravar la renta pero en realidad van a gravar la rentita,verdadero,entrenamiento,Verdadero,https://chequeado.com/ultimas-noticias/lozano-dicen-que-van-a-gravar-la-renta-pero-en-realidad-van-a-gravar-la-rentita/
lozano-en-los-ultimos-seis-meses-se-destruyeron-328-mil-puestos-de-trabajo,En los últimos seis meses se destruyeron 328 mil puestos de trabajo,verdadero,entrenamiento,Verdadero,https://chequeado.com/ultimas-noticias/lozano-en-los-ultimos-seis-meses-se-destruyeron-328-mil-puestos-de-trabajo/
lozano-la-argentina-registra-desde-junio-de-2013-485000-empleos-menos,"La Argentina registra, desde junio de 2013, 485.000 empleos menos",verdadero,entrenamiento,Verdadero,https://chequeado.com/ultimas-noticias/lozano-la-argentina-registra-desde-junio-de-2013-485000-empleos-menos/
luis-caputo-desde-el-2011-al-2023-la-industria-cayo-10,"Desde el 2011 al 2023, la industria cayó 10%",verdadero,entrenamiento,"Verdadero, pero…",https://chequeado.com/ultimas-noticias/luis-caputo-desde-el-2011-al-2023-la-industria-cayo-10/
luis-caputo-desde-que-asumimos-las-jubilaciones-subieron-4-en-terminos-reales,Desde que asumimos las jubilaciones subieron 4% en términos reales,falso,entrenamiento,Engañoso,https://chequeado.com/ultimas-noticias/luis-caputo-desde-que-asumimos-las-jubilaciones-subieron-4-en-terminos-reales/
luis-caputo-estamos-en-record-de-producto-bruto,Estamos en récord de Producto Bruto,falso,entrenamiento,Engañoso,https://chequeado.com/ultimas-noticias/luis-caputo-estamos-en-record-de-producto-bruto/
luis-caputo-los-subsidios-hoy-tanto-energia-como-de-transporte-son-2-puntos-del-pbi,"Los subsidios hoy, tanto de energía como de transporte, son 2 puntos del PBI",verdadero,entrenamiento,Verdadero,https://chequeado.com/ultimas-noticias/luis-caputo-los-subsidios-hoy-tanto-energia-como-de-transporte-son-2-puntos-del-pbi/
luis-caputo-sobre-las-jubilaciones-han-recuperado-un-15-en-poder-de-compra,Han recuperado un 15% en poder de compra,falso,validacion,Engañoso,https://chequeado.com/ultimas-noticias/luis-caputo-sobre-las-jubilaciones-han-recuperado-un-15-en-poder-de-compra/
luis-petri-en-2022-rosario-registro-la-mayor-marca-de-asesinatos-desde-2003,"En 2022, Rosario registró la mayor marca de asesinatos desde 2003",verdadero,entrenamiento,Verdadero,https://chequeado.com/ultimas-noticias/luis-petri-en-2022-rosario-registro-la-mayor-marca-de-asesinatos-desde-2003/
macri-15-millones-de-argentinos-hoy-no-tienen-obra-social-ni-prepaga,15 millones de argentinos hoy no tienen obra social ni prepaga,verdadero,entrenamiento,"Verdadero, pero…",https://chequeado.com/ultimas-noticias/macri-15-millones-de-argentinos-hoy-no-tienen-obra-social-ni-prepaga/
macri-2-millones-y-medio-de-personas-recibieron-agua-y-cloacas,2 millones y medio de personas recibieron agua y cloacas,falso,entrenamiento,Engañoso,https://chequeado.com/ultimas-noticias/macri-2-millones-y-medio-de-personas-recibieron-agua-y-cloacas/
macri-7-del-pbi-es-uno-de-los-mayores-deficits-de-la-historia-de-nuestro-pais,7% del PBI es uno de los mayores déficits de la historia de nuestro país,falso,entrenamiento,Engañoso,https://chequeado.com/ultimas-noticias/macri-7-del-pbi-es-uno-de-los-mayores-deficits-de-la-historia-de-nuestro-pais/
macri-a-los-gobernadores-pasamos-de-darle-el-40-de-los-impuestos-nacionales-a-darles-el-50,"[A los gobernadores] pasamos de darle el 40% de los impuestos nacionales, a darles el 50%",falso,entrenamiento,Engañoso,https://chequeado.com/ultimas-noticias/macri-a-los-gobernadores-pasamos-de-darle-el-40-de-los-impuestos-nacionales-a-darles-el-50/
macri-alrededor-de-1-200-000-personas-estan-desempleadas,Alrededor de 1.200.000 personas están desempleadas,falso,entrenamiento,Engañoso,https://chequeado.com/ultimas-noticias/macri-alrededor-de-1-200-000-personas-estan-desempleadas/
macri-alrededor-del-42-de-la-poblacion-carece-de-cloacas-el-13-no-tiene-agua-corriente-y-el-42-no-tiene-gas-de-red,"Alrededor del 42% de la población carece de cloacas, el 13% no tiene agua corriente y el 42% no tiene gas de red",verdadero,validacion,"Verdadero, pero…",https://chequeado.com/ultimas-noticias/macri-alrededor-del-42-de-la-poblacion-carece-de-cloacas-el-13-no-tiene-agua-corriente-y-el-42-no-tiene-gas-de-red/
macri-argentina-es-el-tercer-pais-proveedor-mundial-de-cocaina,Argentina es el tercer país proveedor mundial de cocaína,verdadero,entrenamiento,"Verdadero, pero…",https://chequeado.com/ultimas-noticias/macri-argentina-es-el-tercer-pais-proveedor-mundial-de-cocaina/
macri-argentina-mejoro-las-posiciones-y-calificaciones-del-indice-de-transparencia-internacional-pasamos-del-puesto-106-al-85-en-dos-anos,Argentina mejoró las posiciones y calificaciones del Índice de Transparencia Internacional. Pasamos del puesto 106 al 85 en dos años,verdadero,entrenamiento,Verdadero,https://chequeado.com/ultimas-noticias/macri-argentina-mejoro-las-posiciones-y-calificaciones-del-indice-de-transparencia-internacional-pasamos-del-puesto-106-al-85-en-dos-anos/
macri-aumenta-sistematicamente-la-matricula-de-la-escuela-publica-de-la-ciudad,Aumenta sistemáticamente la matrícula de la escuela pública de la Ciudad,verdadero,entrenamiento,"Verdadero, pero…",https://chequeado.com/ultimas-noticias/macri-aumenta-sistematicamente-la-matricula-de-la-escuela-publica-de-la-ciudad/
macri-cada-37-horas-una-mujer-muere-por-violencia-de-genero,Cada 37 horas una mujer muere por violencia de género,verdadero,entrenamiento,Verdadero,https://chequeado.com/ultimas-noticias/macri-cada-37-horas-una-mujer-muere-por-violencia-de-genero/
macri-cada-dia-mas-personas-recurren-a-nuestro-sistema-de-salud,Cada día más personas recurren a nuestro sistema de salud. En especial de la Provincia,falso,entrenamiento,Engañoso,https://chequeado.com/ultimas-noticias/macri-cada-dia-mas-personas-recurren-a-nuestro-sistema-de-salud/
macri-caputo-s-a-no-licito-una-sola-obra-en-mi-gestion,Caputo S.A. no licitó una sola obra en mi gestión,falso,validacion,Engañoso,https://chequeado.com/ultimas-noticias/macri-caputo-s-a-no-licito-una-sola-obra-en-mi-gestion/
macri-casi-cuatro-de-cada-diez-chicos-estan-malnutridos,Casi cuatro de cada diez chicos están malnutridos,verdadero,entrenamiento,"Verdadero, pero…",https://chequeado.com/ultimas-noticias/macri-casi-cuatro-de-cada-diez-chicos-estan-malnutridos/
macri-comercio-exterior,La Argentina hoy tiene un bajísimo intercambio con los Estados Unidos,verdadero,entrenamiento,"Verdadero, pero…",https://chequeado.com/ultimas-noticias/macri-comercio-exterior/
macri-conectamos-1400-escuelas-rurales-a-traves-de-arsat,Conectamos 1400 escuelas rurales a través de ARSAT,verdadero,entrenamiento,"Verdadero, pero…",https://chequeado.com/ultimas-noticias/macri-conectamos-1400-escuelas-rurales-a-traves-de-arsat/
macri-creamos-de-cero-una-fuerza-modelo-formada-por-casi-800-mil-hombres,"Creamos, de cero, una fuerza modelo, formada por casi 800 mil hombres",falso,entrenamiento,Falso,https://chequeado.com/ultimas-noticias/macri-creamos-de-cero-una-fuerza-modelo-formada-por-casi-800-mil-hombres/
macri-crecimos-a-tasas-elevadisimas-pero-los-niveles-de-pobreza-son-los-mismos-que-teniamos-hace-diez-anos,Crecimos a tasas elevadísimas pero los niveles de pobreza son los mismos que teníamos hace diez años,falso,entrenamiento,Falso,https://chequeado.com/ultimas-noticias/macri-crecimos-a-tasas-elevadisimas-pero-los-niveles-de-pobreza-son-los-mismos-que-teniamos-hace-diez-anos/
macri-cuando-alberto-fernandez-fue-jefe-de-gabinete-llegamos-a-importar-20-mil-kilos-de-efedrina-por-ano,Cuando Alberto Fernández fue jefe de Gabinete llegamos a importar 20 mil kilos de efedrina por año,verdadero,entrenamiento,Verdadero,https://chequeado.com/ultimas-noticias/macri-cuando-alberto-fernandez-fue-jefe-de-gabinete-llegamos-a-importar-20-mil-kilos-de-efedrina-por-ano/
macri-cuando-uno-ve-sector-por-sector-en-ningun-caso-la-importacion-es-mas-del-2-o-3-del-total-del-mercado,"Cuando uno ve sector por sector, en ningún caso la importación es más del 2 o 3% del total del mercado",falso,entrenamiento,Falso,https://chequeado.com/ultimas-noticias/macri-cuando-uno-ve-sector-por-sector-en-ningun-caso-la-importacion-es-mas-del-2-o-3-del-total-del-mercado/
macri-desde-2008-no-se-publican-los-datos-del-delito,Desde 2008 no se publican los datos del delito,verdadero,entrenamiento,Verdadero,https://chequeado.com/ultimas-noticias/macri-desde-2008-no-se-publican-los-datos-del-delito/
macri-desde-agosto-para-aca-hemos-creado-82-mil-nuevos-puestos-de-trabajo-formales,Desde agosto para acá hemos creado 82 mil nuevos puestos de trabajo formales,verdadero,entrenamiento,"Verdadero, pero…",https://chequeado.com/ultimas-noticias/macri-desde-agosto-para-aca-hemos-creado-82-mil-nuevos-puestos-de-trabajo-formales/
macri-desde-el-2016-hay-27-proyectos-nuevos-de-energia-renovables-en-marcha,Desde el 2016 hay 27 proyectos nuevos de energía renovables en marcha,verdadero,entrenamiento,Verdadero,https://chequeado.com/ultimas-noticias/macri-desde-el-2016-hay-27-proyectos-nuevos-de-energia-renovables-en-marcha/
macri-desde-que-empezamos-a-medir-la-pobreza-casi-2-millones-de-argentinos-pudieron-superarla-pero-lamentablemente-la-pobreza-ha-vuelto-a-los-niveles-de-antes,"Desde que empezamos a medir la pobreza casi 2 millones de argentinos pudieron superarla. Pero, lamentablemente, la pobreza ha vuelto a los niveles de antes",verdadero,validacion,Verdadero,https://chequeado.com/ultimas-noticias/macri-desde-que-empezamos-a-medir-la-pobreza-casi-2-millones-de-argentinos-pudieron-superarla-pero-lamentablemente-la-pobreza-ha-vuelto-a-los-niveles-de-antes/
macri-despues-de-muchos-anos-de-produccion-decreciente-de-gas-en-el-pais-logramos-revertir-la-tendencia-y-la-produccion-de-gas-volvio-a-crecer,Después de muchos años de producción decreciente de gas en el país logramos revertir la tendencia y la producción de gas volvió a crecer,verdadero,entrenamiento,"Verdadero, pero…",https://chequeado.com/ultimas-noticias/macri-despues-de-muchos-anos-de-produccion-decreciente-de-gas-en-el-pais-logramos-revertir-la-tendencia-y-la-produccion-de-gas-volvio-a-crecer/
macri-durante-2-anos-y-medio-creamos-700-mil-puestos-de-trabajo,Durante 2 años y medio (…) creamos 700 mil puestos de trabajo,verdadero,validacion,"Verdadero, pero…",https://chequeado.com/ultimas-noticias/macri-durante-2-anos-y-medio-creamos-700-mil-puestos-de-trabajo/
macri-durante-dos-anos-y-medio-bajo-la-inflacion,Durante dos años y medio (…) bajó la inflación,falso,entrenamiento,Falso,https://chequeado.com/ultimas-noticias/macri-durante-dos-anos-y-medio-bajo-la-inflacion/
macri-durante-dos-anos-y-medio-crecio-la-economia,Durante dos años y medio creció la economía,falso,entrenamiento,Falso,https://chequeado.com/ultimas-noticias/macri-durante-dos-anos-y-medio-crecio-la-economia/
macri-durante-los-ultimos-cuatro-anos-no-crecio-el-empleo-privado-en-la-argentina,Durante los últimos cuatro años no creció el empleo [privado] en la Argentina,verdadero,entrenamiento,Verdadero,https://chequeado.com/ultimas-noticias/macri-durante-los-ultimos-cuatro-anos-no-crecio-el-empleo-privado-en-la-argentina/
macri-el-11-de-agosto-cuando-termino-mi-gobierno-economico-estabamos-en-el-mismo-nivel-de-pobreza-que-habiamos-heredado,"El 11 de agosto, cuando terminó mi gobierno económico, estábamos en el mismo nivel de pobreza que habíamos heredado",falso,entrenamiento,Falso,https://chequeado.com/ultimas-noticias/macri-el-11-de-agosto-cuando-termino-mi-gobierno-economico-estabamos-en-el-mismo-nivel-de-pobreza-que-habiamos-heredado/
macri-el-2014-fue-el-record-de-muertes-por-la-policia,El 2014 fue el año récord de muertes por la policía,verdadero,entrenamiento,Verdadero,https://chequeado.com/ultimas-noticias/macri-el-2014-fue-el-record-de-muertes-por-la-policia/
macri-el-ano-pasado-alcanzamos-un-record-historico-con-la-creacion-de-seis-areas-naturales-protegidas,El año pasado alcanzamos un récord histórico con la creación de seis áreas naturales protegidas,verdadero,entrenamiento,Verdadero,https://chequeado.com/ultimas-noticias/macri-el-ano-pasado-alcanzamos-un-record-historico-con-la-creacion-de-seis-areas-naturales-protegidas/
macri-el-ano-pasado-la-inversion-crecio-11-fue-el-mayor-de-los-aumentos-en-seis-anos,"El año pasado la inversión creció 11%, fue el mayor de los aumentos en seis años",verdadero,entrenamiento,Verdadero,https://chequeado.com/ultimas-noticias/macri-el-ano-pasado-la-inversion-crecio-11-fue-el-mayor-de-los-aumentos-en-seis-anos/
macri-el-ano-pasado-murieron-5-000-argentinos-que-no-tenian-que-morir,El año pasado murieron 5.000 argentinos que no tenían que morir,verdadero,entrenamiento,Verdadero,https://chequeado.com/ultimas-noticias/macri-el-ano-pasado-murieron-5-000-argentinos-que-no-tenian-que-morir/
macri-el-consumo-de-drogas-ha-crecido-exponencialmente,El consumo [de drogas] ha crecido exponencialmente,falso,entrenamiento,Engañoso,https://chequeado.com/ultimas-noticias/macri-el-consumo-de-drogas-ha-crecido-exponencialmente/
macri-el-jefe-de-gabinete-respondio-preguntas-como-nunca-antes,El Jefe de Gabinete respondió preguntas como nunca antes,verdadero,entrenamiento,Verdadero,https://chequeado.com/ultimas-noticias/macri-el-jefe-de-gabinete-respondio-preguntas-como-nunca-antes/
macri-el-kirchnerismo-prometio-asado-y-hoy-tenemos-el-menor-consumo-de-carne-per-capita-en-100-anos,El kirchnerismo prometió asado y hoy tenemos el menor consumo de carne per cápita en 100 años,verdadero,entrenamiento,Verdadero,https://chequeado.com/ultimas-noticias/macri-el-kirchnerismo-prometio-asado-y-hoy-tenemos-el-menor-consumo-de-carne-per-capita-en-100-anos/
macri-el-lago-escondido-tiene-mejor-acceso-que-el-que-tenia-antes-de-que-joe-lewis-compre-esa-propiedad,El Lago [Escondido] tiene mejor acceso que el que tenía antes de que Joe Lewis compre esa propiedad,falso,entrenamiento,Falso,https://chequeado.com/ultimas-noticias/macri-el-lago-escondido-tiene-mejor-acceso-que-el-que-tenia-antes-de-que-joe-lewis-compre-esa-propiedad/
macri-el-plan-renovar-ya-adjudico-59-proyectos-en-los-que-captaremos-la-energia-en-17-provincias-por-una-inversion-privada-aproximada-de-4-000-millones-de-dolares,El Plan RenovAr ya adjudicó 59 proyectos en los que captaremos la energía en 17 provincias por una inversión privada aproximada de 4.000 millones de dólares,verdadero,entrenamiento,Verdadero,https://chequeado.com/ultimas-noticias/macri-el-plan-renovar-ya-adjudico-59-proyectos-en-los-que-captaremos-la-energia-en-17-provincias-por-una-inversion-privada-aproximada-de-4-000-millones-de-dolares/
macri-el-programa-qtermina-la-secundariaq-justamente-es-para-todo-el-pais-es-totalmente-valido-esta-todo-perfectamente-establecido,[El programa ‘Terminá la Secundaria’] es para todo el país (…) es totalmente válido. (…) Está todo perfectamente establecido,falso,entrenamiento,Falso,https://chequeado.com/ultimas-noticias/macri-el-programa-qtermina-la-secundariaq-justamente-es-para-todo-el-pais-es-totalmente-valido-esta-todo-perfectamente-establecido/
macri-el-total-de-trabajadores-registrados-aumento-en-casi-270-mil,El total de trabajadores registrados aumentó en casi 270 mil,verdadero,validacion,"Verdadero, pero…",https://chequeado.com/ultimas-noticias/macri-el-total-de-trabajadores-registrados-aumento-en-casi-270-mil/
macri-el-turismo-interno-del-2013-al-2015-cayo-en-tres-millones-de-pasajeros,[El turismo interno] del 2013 al 2015 cayó en tres millones de pasajeros,verdadero,entrenamiento,Verdadero,https://chequeado.com/ultimas-noticias/macri-el-turismo-interno-del-2013-al-2015-cayo-en-tres-millones-de-pasajeros/
macri-empezamos-por-reconstruir-la-estadistica-criminal-no-teniamos-numeros-reales-desde-2008,Empezamos por reconstruir la estadística criminal: no teníamos números reales desde 2008,verdadero,entrenamiento,Verdadero,https://chequeado.com/ultimas-noticias/macri-empezamos-por-reconstruir-la-estadistica-criminal-no-teniamos-numeros-reales-desde-2008/
macri-en-2002-hubo-leyes-que-prohibian-despidos-y-eso-no-trajo-mas-trabajo-destruyo-trabajo,"En 2002 hubo leyes que prohibían despidos y eso no trajo más trabajo, destruyó trabajo",falso,entrenamiento,Falso,https://chequeado.com/ultimas-noticias/macri-en-2002-hubo-leyes-que-prohibian-despidos-y-eso-no-trajo-mas-trabajo-destruyo-trabajo/
macri-en-2015-contabamos-con-65-localidades-conectadas-por-el-plan-federal-de-internet-ya-triplicamos-ese-numero,En 2015 contábamos con 65 localidades conectadas [por el Plan Federal de Internet]. Ya triplicamos ese número,verdadero,entrenamiento,"Verdadero, pero…",https://chequeado.com/ultimas-noticias/macri-en-2015-contabamos-con-65-localidades-conectadas-por-el-plan-federal-de-internet-ya-triplicamos-ese-numero/
macri-en-2016-la-venta-de-tractores-aumento-25-la-de-cosechadoras-54-y-la-de-sembradoras-un-80,"En 2016 la venta de tractores aumentó 25%, la de cosechadoras 54% y la de sembradoras un 80%",verdadero,entrenamiento,Verdadero,https://chequeado.com/ultimas-noticias/macri-en-2016-la-venta-de-tractores-aumento-25-la-de-cosechadoras-54-y-la-de-sembradoras-un-80/
macri-en-2017-fuimos-el-primer-destino-de-sudamerica-en-2018-llegaron-7-millones-de-turistas-extranjeros-un-34-mas-que-en-2017,"En 2017 fuimos el primer destino de Sudamérica. En 2018 llegaron 7 millones de turistas extranjeros, un 3,4% más que en 2017.",verdadero,entrenamiento,Verdadero,https://chequeado.com/ultimas-noticias/macri-en-2017-fuimos-el-primer-destino-de-sudamerica-en-2018-llegaron-7-millones-de-turistas-extranjeros-un-34-mas-que-en-2017/
macri-en-aerolineas-viaja-el-3-de-la-poblacion,[En Aerolíneas viaja] el 3% de la población,verdadero,entrenamiento,"Verdadero, pero…",https://chequeado.com/ultimas-noticias/macri-en-aerolineas-viaja-el-3-de-la-poblacion/
macri-en-buenos-aires-estamos-consumiendo-70-mas-de-gas-que-en-montevideo-y-santiago-de-chile,En Buenos Aires estamos consumiendo 70% más [de gas] que en Montevideo y Santiago de Chile,falso,entrenamiento,Engañoso,https://chequeado.com/ultimas-noticias/macri-en-buenos-aires-estamos-consumiendo-70-mas-de-gas-que-en-montevideo-y-santiago-de-chile/
macri-en-el-siglo-xxi-seguimos-votando-con-un-sistema-viejo-y-abierto-al-fraude,En el siglo XXI seguimos votando con un sistema viejo y abierto al fraude,verdadero,entrenamiento,"Verdadero, pero…",https://chequeado.com/ultimas-noticias/macri-en-el-siglo-xxi-seguimos-votando-con-un-sistema-viejo-y-abierto-al-fraude/
macri-en-lengua-mejoramos-en-todas-las-provincias-y-redujimos-la-brecha-entre-los-mejores-alumnos-y-los-peores-alumnos,"En Lengua, mejoramos en todas las provincias",falso,entrenamiento,Engañoso,https://chequeado.com/ultimas-noticias/macri-en-lengua-mejoramos-en-todas-las-provincias-y-redujimos-la-brecha-entre-los-mejores-alumnos-y-los-peores-alumnos/
macri-en-nuestro-gobierno-la-deuda-crecio-el-26-del-pbi-en-el-gobierno-kirchnerista-crecio-el-38-del-pbi,"En nuestro gobierno la deuda creció el 26% del PBI, en el gobierno kirchnerista creció el 38% del PBI",falso,entrenamiento,Falso,https://chequeado.com/ultimas-noticias/macri-en-nuestro-gobierno-la-deuda-crecio-el-26-del-pbi-en-el-gobierno-kirchnerista-crecio-el-38-del-pbi/
macri-en-ocho-anos-de-gobierno-no-tuvimos-una-denuncia-de-corrupcion,En ocho años de gobierno no tuvimos una denuncia de corrupción,falso,entrenamiento,Falso,https://chequeado.com/ultimas-noticias/macri-en-ocho-anos-de-gobierno-no-tuvimos-una-denuncia-de-corrupcion/
macri-en-rosario-redujimos-un-20-la-tasa-de-homicidios,En Rosario redujimos un 20% la tasa de homicidios,verdadero,entrenamiento,Verdadero,https://chequeado.com/ultimas-noticias/macri-en-rosario-redujimos-un-20-la-tasa-de-homicidios/
macri-enero-de-2019-fue-el-mes-con-mayor-cantidad-de-pasajeros-desde-que-se-tiene-registro,Enero de 2019 fue el mes con mayor cantidad de pasajeros desde que se tiene registro,verdadero,validacion,Verdadero,https://chequeado.com/ultimas-noticias/macri-enero-de-2019-fue-el-mes-con-mayor-cantidad-de-pasajeros-desde-que-se-tiene-registro/
macri-entre-2006-y-2015-los-argentinos-pagamos-al-estado-nacional-casi-us-694-mil-millones-mas-en-impuestos-que-en-la-decada-del-90,"Entre 2006 y 2015, los argentinos pagamos al Estado nacional casi US$ 694 mil millones más en impuestos que en la década del 90",verdadero,entrenamiento,Verdadero,https://chequeado.com/ultimas-noticias/macri-entre-2006-y-2015-los-argentinos-pagamos-al-estado-nacional-casi-us-694-mil-millones-mas-en-impuestos-que-en-la-decada-del-90/
macri-entre-2015-y-2016-redujimos-el-deficit-fiscal-de-52-a-46-del-pbi,"Entre 2015 y 2016 redujimos el déficit fiscal de 5,2% a 4,6% del PBI",falso,entrenamiento,Falso,https://chequeado.com/ultimas-noticias/macri-entre-2015-y-2016-redujimos-el-deficit-fiscal-de-52-a-46-del-pbi/
macri-entre-el-2003-al-2015-aumento-el-empleo-publico-en-64-paso-de-2-200-000-a-3-600-000,"Entre el 2003 al 2015 aumentó el empleo público en 64%, pasó de 2.200.000 a 3.600.000",verdadero,entrenamiento,Verdadero,https://chequeado.com/ultimas-noticias/macri-entre-el-2003-al-2015-aumento-el-empleo-publico-en-64-paso-de-2-200-000-a-3-600-000/
macri-es-uno-de-los-cinco-presupuestos-que-mas-crecio-en-nuestro-gobierno-ciencia-y-tecnologia,"Es uno de los cinco presupuestos que más creció en nuestro gobierno, Ciencia y Tecnología",falso,entrenamiento,Falso,https://chequeado.com/ultimas-noticias/macri-es-uno-de-los-cinco-presupuestos-que-mas-crecio-en-nuestro-gobierno-ciencia-y-tecnologia/
macri-esta-aumentando-el-nivel-del-poder-adquisitivo-mes-a-mes,Está aumentando el nivel del poder adquisitivo mes a mes,verdadero,entrenamiento,"Verdadero, pero…",https://chequeado.com/ultimas-noticias/macri-esta-aumentando-el-nivel-del-poder-adquisitivo-mes-a-mes/
macri-estamos-107-en-el-ranking-de-transparencia-internacional-muy-por-debajo-de-chile-y-uruguay-y-por-debajo-de-cuba-mexico-brasil-colombia-y-bolivia,"Estamos 107 en el ránking de transparencia internacional muy por debajo de Chile y Uruguay, y por debajo de Cuba, México, Brasil, Colombia y Bolivia",verdadero,entrenamiento,Verdadero,https://chequeado.com/ultimas-noticias/macri-estamos-107-en-el-ranking-de-transparencia-internacional-muy-por-debajo-de-chile-y-uruguay-y-por-debajo-de-cuba-mexico-brasil-colombia-y-bolivia/
macri-estamos-batiendo-records-de-incautacion-de-droga,Estamos batiendo récords de incautación de droga,verdadero,entrenamiento,"Verdadero, pero…",https://chequeado.com/ultimas-noticias/macri-estamos-batiendo-records-de-incautacion-de-droga/
macri-estamos-consumiendo-un-70-mas-de-gas-buenos-aires-contra-la-ciudad-de-montevideo,"[Estamos consumiendo] un 70% más de gas, Buenos Aires contra la ciudad de Montevideo",falso,entrenamiento,Engañoso,https://chequeado.com/ultimas-noticias/macri-estamos-consumiendo-un-70-mas-de-gas-buenos-aires-contra-la-ciudad-de-montevideo/
macri-este-ano-logramos-bajar-los-cortes-de-luz-45,Este año logramos bajar los cortes [de luz] 45%,verdadero,entrenamiento,Verdadero,https://chequeado.com/ultimas-noticias/macri-este-ano-logramos-bajar-los-cortes-de-luz-45/
macri-este-enero-tuvimos-record-de-venta-de-autos,Este enero tuvimos récord de venta de (…) autos,verdadero,entrenamiento,Verdadero,https://chequeado.com/ultimas-noticias/macri-este-enero-tuvimos-record-de-venta-de-autos/
macri-este-enero-tuvimos-record-de-venta-en-cemento,Este enero tuvimos récord de venta en cemento,verdadero,validacion,Verdadero,https://chequeado.com/ultimas-noticias/macri-este-enero-tuvimos-record-de-venta-en-cemento/
macri-este-es-el-camino-por-el-cual-vamos-a-derrotar-la-inflacion-la-inflacion-en-80-anos-ha-sido-en-promedio-625-sin-contar-los-anos-de-hiperinflacion,"La inflación en 80 años ha sido, en promedio, 62,5% sin contar los años de hiperinflación",falso,entrenamiento,Engañoso,https://chequeado.com/ultimas-noticias/macri-este-es-el-camino-por-el-cual-vamos-a-derrotar-la-inflacion-la-inflacion-en-80-anos-ha-sido-en-promedio-625-sin-contar-los-anos-de-hiperinflacion/
macri-este-es-el-gobierno-que-mas-impuestos-cobro-en-la-historia,Este es el Gobierno que más impuestos cobró en la historia,verdadero,entrenamiento,Verdadero,https://chequeado.com/ultimas-noticias/macri-este-es-el-gobierno-que-mas-impuestos-cobro-en-la-historia/
macri-este-primer-trimestre-del-2017-estamos-batiendo-el-record-de-la-historia-de-la-obra-publica-en-la-argentina,Este primer trimestre del 2017 estamos batiendo el récord de la historia de la obra pública en la Argentina,falso,entrenamiento,Falso,https://chequeado.com/ultimas-noticias/macri-este-primer-trimestre-del-2017-estamos-batiendo-el-record-de-la-historia-de-la-obra-publica-en-la-argentina/
macri-exportaciones,Argentina es el país que menos aumentó sus exportaciones,verdadero,entrenamiento,Verdadero,https://chequeado.com/ultimas-noticias/macri-exportaciones/
macri-hace-40-anos-que-no-se-invertia-en-seguridad-en-los-trenes-de-pasajeros-metropolitanos,Hace 40 años que no se invertía en seguridad en los trenes de pasajeros metropolitanos,verdadero,entrenamiento,"Verdadero, pero…",https://chequeado.com/ultimas-noticias/macri-hace-40-anos-que-no-se-invertia-en-seguridad-en-los-trenes-de-pasajeros-metropolitanos/
macri-hace-cinco-anos-empezaron-los-paros-en-los-subtes,Hace 5 años empezaron los paros en los subtes,falso,entrenamiento,Falso,https://chequeado.com/ultimas-noticias/macri-hace-cinco-anos-empezaron-los-paros-en-los-subtes/
macri-hace-cuatro-anos-que-no-crecemos,Hace cuatro años que no crecemos,verdadero,entrenamiento,"Verdadero, pero…",https://chequeado.com/ultimas-noticias/macri-hace-cuatro-anos-que-no-crecemos/
macri-hace-una-decada-la-argentina-es-uno-de-los-paises-con-mayor-inflacion-del-mundo-con-un-promedio-anual-arriba-del-20-y-una-inflacion-acumulada-aproximadamente-del-700,"Hace una década la Argentina es uno de los países con mayor inflación del mundo, con un promedio anual arriba del 20% y una inflación acumulada aproximadamente del 700%",verdadero,entrenamiento,Verdadero,https://chequeado.com/ultimas-noticias/macri-hace-una-decada-la-argentina-es-uno-de-los-paises-con-mayor-inflacion-del-mundo-con-un-promedio-anual-arriba-del-20-y-una-inflacion-acumulada-aproximadamente-del-700/
macri-hace-varios-meses-crece-el-empleo-en-la-argentina,Hace varios meses crece el empleo en la Argentina,verdadero,entrenamiento,"Verdadero, pero…",https://chequeado.com/ultimas-noticias/macri-hace-varios-meses-crece-el-empleo-en-la-argentina/
macri-hay-mas-de-tres-mil-sindicatos-y-solo-600-firman-paritarias-anualmente,Hay más de tres mil sindicatos y sólo 600 firman paritarias anualmente,falso,entrenamiento,Engañoso,https://chequeado.com/ultimas-noticias/macri-hay-mas-de-tres-mil-sindicatos-y-solo-600-firman-paritarias-anualmente/
macri-hemos-achicado-el-deficit-fiscal-al-20,Hemos achicado el déficit fiscal al 20%,falso,entrenamiento,Engañoso,https://chequeado.com/ultimas-noticias/macri-hemos-achicado-el-deficit-fiscal-al-20/
macri-hemos-aumentado-la-cantidad-de-programas-sociales,Hemos aumentado la cantidad de programas sociales,verdadero,entrenamiento,Verdadero,https://chequeado.com/ultimas-noticias/macri-hemos-aumentado-la-cantidad-de-programas-sociales/
macri-hicimos-una-inversion-record-en-infraestructura-escolar,Hicimos una inversión récord en infraestructura escolar,falso,entrenamiento,Falso,https://chequeado.com/ultimas-noticias/macri-hicimos-una-inversion-record-en-infraestructura-escolar/
macri-hoy-aerolineas-argentinas-nos-cuesta-a-todos-los-argentinos-dos-jardines-de-infantes-por-semana,Hoy Aerolíneas Argentinas nos cuesta a todos los argentinos dos jardines de infantes por semana,verdadero,entrenamiento,"Verdadero, pero…",https://chequeado.com/ultimas-noticias/macri-hoy-aerolineas-argentinas-nos-cuesta-a-todos-los-argentinos-dos-jardines-de-infantes-por-semana/
macri-hoy-casi-cuatro-millones-de-usuarios-reciben-tarifa-social-eso-es-casi-uno-de-cada-tres-hogares,"Hoy casi cuatro millones de usuarios reciben tarifa social, eso es casi uno de cada tres hogares",verdadero,entrenamiento,Verdadero,https://chequeado.com/ultimas-noticias/macri-hoy-casi-cuatro-millones-de-usuarios-reciben-tarifa-social-eso-es-casi-uno-de-cada-tres-hogares/
macri-hoy-con-la-presencia-de-la-gendarmeria-en-la-villa-1-11-14-en-3-anos-se-redujeron-los-homicidios-de-28-a-2,Hoy con la presencia de la gendarmería en la Villa 1-11-14 en 3 años se redujeron los homicidios de 28 a 2,verdadero,validacion,"Verdadero, pero…",https://chequeado.com/ultimas-noticias/macri-hoy-con-la-presencia-de-la-gendarmeria-en-la-villa-1-11-14-en-3-anos-se-redujeron-los-homicidios-de-28-a-2/
macri-hoy-consumimos-mas-que-el-doble-de-energia-de-lo-que-consume-un-hermano-de-uruguay-o-de-chile,Hoy consumimos más que el doble [de energía] de lo que consume un hermano de Uruguay o de Chile,falso,entrenamiento,Falso,https://chequeado.com/ultimas-noticias/macri-hoy-consumimos-mas-que-el-doble-de-energia-de-lo-que-consume-un-hermano-de-uruguay-o-de-chile/
macri-hoy-la-mitad-de-los-chicos-no-termina-el-secundario,Hoy la mitad de los chicos no termina el secundario,verdadero,entrenamiento,"Verdadero, pero…",https://chequeado.com/ultimas-noticias/macri-hoy-la-mitad-de-los-chicos-no-termina-el-secundario/
macri-hoy-tenemos-una-cuenta-corriente-equilibrada-hoy-producimos-la-misma-mas-o-menos-cantidad-de-dolares-que-necesitamos,"Hoy producimos la misma, más o menos, cantidad de dólares que necesitamos",falso,entrenamiento,Falso,https://chequeado.com/ultimas-noticias/macri-hoy-tenemos-una-cuenta-corriente-equilibrada-hoy-producimos-la-misma-mas-o-menos-cantidad-de-dolares-que-necesitamos/
macri-hubo-un-aumento-de-las-inscripciones-en-escuelas-publicas-de-la-ciudad,[Hubo un] aumento de las inscripciones en escuelas públicas de la Ciudad,verdadero,entrenamiento,"Verdadero, pero…",https://chequeado.com/ultimas-noticias/macri-hubo-un-aumento-de-las-inscripciones-en-escuelas-publicas-de-la-ciudad/
macri-la-argentina-es-el-pais-con-mayor-obesidad-infantil-en-america-latina,La Argentina es el país con mayor obesidad infantil en América Latina,verdadero,validacion,Verdadero,https://chequeado.com/ultimas-noticias/macri-la-argentina-es-el-pais-con-mayor-obesidad-infantil-en-america-latina/
macri-la-argentina-tiene-una-carga-tributaria-record-en-latinoamerica,La Argentina tiene una carga tributaria récord en Latinoamérica,verdadero,validacion,Verdadero,https://chequeado.com/ultimas-noticias/macri-la-argentina-tiene-una-carga-tributaria-record-en-latinoamerica/
macri-la-argentina-tiene-uno-de-los-menores-porcentajes-de-reservas-respecto-del-pbi-de-america-latina-6-que-compara-con-el-17-de-chile-y-mexico-y-25-de-brasil,"La Argentina tiene uno de los menores porcentajes de reservas respecto del PBI de América Latina, 6%, que compara con el 17% de Chile y México y 25% de Brasil",verdadero,entrenamiento,Verdadero,https://chequeado.com/ultimas-noticias/macri-la-argentina-tiene-uno-de-los-menores-porcentajes-de-reservas-respecto-del-pbi-de-america-latina-6-que-compara-con-el-17-de-chile-y-mexico-y-25-de-brasil/
macri-la-argentina-ya-ha-recibido-130-mil-venezolanos,La Argentina ya ha recibido 130 mil venezolanos,verdadero,entrenamiento,Verdadero,https://chequeado.com/ultimas-noticias/macri-la-argentina-ya-ha-recibido-130-mil-venezolanos/
macri-la-cantidad-de-robos-se-redujo-en-un-11-y-los-homicidios-en-un-20-en-estos-dos-anos,La cantidad de robos se redujo en un 11% y los homicidios en un 20% en estos dos años,verdadero,entrenamiento,Verdadero,https://chequeado.com/ultimas-noticias/macri-la-cantidad-de-robos-se-redujo-en-un-11-y-los-homicidios-en-un-20-en-estos-dos-anos/
macri-la-ciudad-cumplio-con-el-fallo-de-la-corte-suprema-y-reglamento-el-aborto-no-punible-mediante-un-protocolo,La Ciudad cumplió con el fallo de la Corte Suprema y reglamentó el aborto no punible mediante un protocolo,falso,entrenamiento,Falso,https://chequeado.com/ultimas-noticias/macri-la-ciudad-cumplio-con-el-fallo-de-la-corte-suprema-y-reglamento-el-aborto-no-punible-mediante-un-protocolo/
macri-la-ciudad-genera-casi-el-25-de-los-recursos-coparticipables-y-se-lleva-poco-mas-del-1-de-coparticipacion,La Ciudad genera casi el 25% de los recursos coparticipables y se lleva poco más del 1% de coparticipación,verdadero,entrenamiento,"Verdadero, pero…",https://chequeado.com/ultimas-noticias/macri-la-ciudad-genera-casi-el-25-de-los-recursos-coparticipables-y-se-lleva-poco-mas-del-1-de-coparticipacion/
macri-la-ciudad-genera-casi-el-25-de-los-recursos-coparticipables-y-se-lleva-poco-mas-del-1-de-la-coparticipacion,La Ciudad genera casi el 25% de los recursos coparticipables y se lleva poco más del 1% de la coparticipación,verdadero,entrenamiento,"Verdadero, pero…",https://chequeado.com/ultimas-noticias/macri-la-ciudad-genera-casi-el-25-de-los-recursos-coparticipables-y-se-lleva-poco-mas-del-1-de-la-coparticipacion/
macri-la-ciudad-tiene-la-misma-cantidad-de-empleados-publicos-que-cuando-llegamos,La Ciudad tiene la misma cantidad de empleados públicos que cuando llegamos,falso,entrenamiento,Falso,https://chequeado.com/ultimas-noticias/macri-la-ciudad-tiene-la-misma-cantidad-de-empleados-publicos-que-cuando-llegamos/
macri-la-construccion-es-de-los-sectores-que-mas-esta-creciendo,La construcción es de los sectores que más está creciendo,verdadero,entrenamiento,Verdadero,https://chequeado.com/ultimas-noticias/macri-la-construccion-es-de-los-sectores-que-mas-esta-creciendo/
macri-la-inflacion-se-ha-comido-el-poder-adquisitivo-de-los-jubilados,La inflación se ha comido [el poder adquisitivo] de los jubilados,falso,entrenamiento,Falso,https://chequeado.com/ultimas-noticias/macri-la-inflacion-se-ha-comido-el-poder-adquisitivo-de-los-jubilados/
macri-la-inversion-aumenta-el-ano-pasado-crecio-un-11,La inversión aumenta. El año pasado creció un 11%,verdadero,entrenamiento,Verdadero,https://chequeado.com/ultimas-noticias/macri-la-inversion-aumenta-el-ano-pasado-crecio-un-11/
macri-la-minima-de-un-jubilado-son-9-mil-y-pico,La mínima [de un jubilado] son $9 mil y pico,falso,entrenamiento,Falso,https://chequeado.com/ultimas-noticias/macri-la-minima-de-un-jubilado-son-9-mil-y-pico/
macri-la-peor-sequia-en-50-anos-nos-toco-ahora,La peor sequía en 50 años nos tocó ahora,verdadero,entrenamiento,Verdadero,https://chequeado.com/ultimas-noticias/macri-la-peor-sequia-en-50-anos-nos-toco-ahora/
macri-la-pobreza-promedio-de-los-ultimos-30-anos-ha-sido-el-36,La pobreza promedio de los últimos 30 años ha sido el 36%,verdadero,entrenamiento,"Verdadero, pero…",https://chequeado.com/ultimas-noticias/macri-la-pobreza-promedio-de-los-ultimos-30-anos-ha-sido-el-36/
macri-la-revolucion-de-los-aviones-ha-generado-que-mas-de-medio-millon-de-personas-viajaran-por-primera-vez,La revolución de los aviones ha generado que más de medio millón de personas viajaran por primera vez,verdadero,entrenamiento,"Verdadero, pero…",https://chequeado.com/ultimas-noticias/macri-la-revolucion-de-los-aviones-ha-generado-que-mas-de-medio-millon-de-personas-viajaran-por-primera-vez/
macri-la-velocidad-promedio-de-internet-en-2015-era-apenas-de-45-megabits-por-segundo-hoy-la-triplicamos,"La velocidad promedio de Internet en 2015 era apenas de 4,5 megabits por segundo, hoy la triplicamos",verdadero,entrenamiento,"Verdadero, pero…",https://chequeado.com/ultimas-noticias/macri-la-velocidad-promedio-de-internet-en-2015-era-apenas-de-45-megabits-por-segundo-hoy-la-triplicamos/
macri-las-exportaciones-crecieron-15-el-ultimo-ano-sin-contar-los-productos-afectados-por-la-sequia,Las exportaciones crecieron 15% el último año sin contar los productos afectados por la sequía,verdadero,entrenamiento,"Verdadero, pero…",https://chequeado.com/ultimas-noticias/macri-las-exportaciones-crecieron-15-el-ultimo-ano-sin-contar-los-productos-afectados-por-la-sequia/
macri-las-exportaciones-estan-creciendo-a-una-velocidad-del-18-o-20,Las exportaciones están creciendo a una velocidad del 18 o 20%,falso,entrenamiento,Engañoso,https://chequeado.com/ultimas-noticias/macri-las-exportaciones-estan-creciendo-a-una-velocidad-del-18-o-20/
macri-las-incautaciones-de-drogas-son-record,Las incautaciones de drogas son récord,verdadero,entrenamiento,"Verdadero, pero…",https://chequeado.com/ultimas-noticias/macri-las-incautaciones-de-drogas-son-record/
macri-las-pensiones-por-invalidez-durante-el-kirchnerismo-habian-crecido-de-alrededor-de-200-mil-a-1-millon-gracias-a-un-sistema-muy-laxo-de-controles,"[Las pensiones por invalidez] durante el kirchnerismo habían crecido de alrededor de 200 mil a 1 millón, gracias a un sistema muy laxo de controles",verdadero,entrenamiento,"Verdadero, pero…",https://chequeado.com/ultimas-noticias/macri-las-pensiones-por-invalidez-durante-el-kirchnerismo-habian-crecido-de-alrededor-de-200-mil-a-1-millon-gracias-a-un-sistema-muy-laxo-de-controles/
macri-las-unicas-viviendas-que-construyo-la-nacion-en-la-ciudad-fueron-800-que-se-estan-terminando,Las únicas viviendas que construyó la Nación en la Ciudad fueron 800 que se están terminando,falso,entrenamiento,Falso,https://chequeado.com/ultimas-noticias/macri-las-unicas-viviendas-que-construyo-la-nacion-en-la-ciudad-fueron-800-que-se-estan-terminando/
macri-las-universidades-publicas-tienen-un-rol-fundamental-por-eso-aumentamos-su-presupuesto,Las universidades públicas tienen un rol fundamental. Por eso aumentamos su presupuesto,verdadero,entrenamiento,"Verdadero, pero…",https://chequeado.com/ultimas-noticias/macri-las-universidades-publicas-tienen-un-rol-fundamental-por-eso-aumentamos-su-presupuesto/
macri-llevamos-cinco-anos-sin-crecimiento,Llevamos cinco años sin crecimiento,verdadero,entrenamiento,"Verdadero, pero…",https://chequeado.com/ultimas-noticias/macri-llevamos-cinco-anos-sin-crecimiento/
macri-logramos-un-record-de-detencion-de-narcotraficantes,[Logramos un récord] de detención de narcotraficantes,falso,validacion,Engañoso,https://chequeado.com/ultimas-noticias/macri-logramos-un-record-de-detencion-de-narcotraficantes/
macri-los-cortes-de-luz-pasaron-de-2003-a-2014-a-casi-cuadruplicarse,"Los cortes de luz pasaron, de 2003 a 2014, a casi cuadruplicarse",verdadero,validacion,Verdadero,https://chequeado.com/ultimas-noticias/macri-los-cortes-de-luz-pasaron-de-2003-a-2014-a-casi-cuadruplicarse/
macri-los-salarios-le-ganaron-a-la-inflacion-en-relacion-a-2015,Los salarios le ganaron a la inflación [en relación a 2015],falso,entrenamiento,Falso,https://chequeado.com/ultimas-noticias/macri-los-salarios-le-ganaron-a-la-inflacion-en-relacion-a-2015/
macri-los-trabajadores-en-el-programa-de-recuperacion-productiva-eran-67-200-en-2015-y-ahora-son-9-087,"Los trabajadores en el Programa de Recuperación Productiva eran 67.200 en 2015, y ahora son 9.087",falso,entrenamiento,Engañoso,https://chequeado.com/ultimas-noticias/macri-los-trabajadores-en-el-programa-de-recuperacion-productiva-eran-67-200-en-2015-y-ahora-son-9-087/
macri-mas-de-1-millon-y-medio-de-chicos-comenzaron-a-recibir-asignaciones-familiares-o-por-hijo,Más de 1 millón y medio de chicos comenzaron a recibir asignaciones familiares o por hijo,verdadero,validacion,"Verdadero, pero…",https://chequeado.com/ultimas-noticias/macri-mas-de-1-millon-y-medio-de-chicos-comenzaron-a-recibir-asignaciones-familiares-o-por-hijo/
macri-mas-del-83-pago-las-tarifas-de-gas-demostrando-que-entendia-la-necesidad-del-compromiso,Más del 83% pagó las tarifas de gas demostrando que entendía la necesidad del compromiso,falso,entrenamiento,Engañoso,https://chequeado.com/ultimas-noticias/macri-mas-del-83-pago-las-tarifas-de-gas-demostrando-que-entendia-la-necesidad-del-compromiso/
macri-mejoramos-la-infraestructura-de-19-aeropuertos,Mejoramos la infraestructura de 19 aeropuertos,verdadero,entrenamiento,Verdadero,https://chequeado.com/ultimas-noticias/macri-mejoramos-la-infraestructura-de-19-aeropuertos/
macri-no-puede-ser-que-los-hogares-mas-pudientes-gasten-20-veces-mas-gas-que-los-humildes,No puede ser que los hogares más pudientes gasten 20 veces más gas que los humildes,verdadero,validacion,"Verdadero, pero…",https://chequeado.com/ultimas-noticias/macri-no-puede-ser-que-los-hogares-mas-pudientes-gasten-20-veces-mas-gas-que-los-humildes/
macri-no-teniamos-mas-cortes-de-luz,No teníamos más cortes de luz,falso,entrenamiento,Falso,https://chequeado.com/ultimas-noticias/macri-no-teniamos-mas-cortes-de-luz/
macri-nosotros-gobernamos-12-anos-la-ciudad-de-buenos-aires-y-hace-anos-que-no-se-inunda,Nosotros gobernamos 12 años la Ciudad de Buenos Aires y hace años que no se inunda,falso,entrenamiento,Falso,https://chequeado.com/ultimas-noticias/macri-nosotros-gobernamos-12-anos-la-ciudad-de-buenos-aires-y-hace-anos-que-no-se-inunda/
macri-nueve-mil-argentinos-pierden-la-vida-por-ano-en-las-rutas,Nueve mil argentinos pierden la vida por año en las rutas,falso,entrenamiento,Falso,https://chequeado.com/ultimas-noticias/macri-nueve-mil-argentinos-pierden-la-vida-por-ano-en-las-rutas/
macri-nunca-antes-habia-viajado-tanta-gente-en-vuelos-de-cabotaje,Nunca antes había viajado tanta gente en vuelos de cabotaje,verdadero,entrenamiento,Verdadero,https://chequeado.com/ultimas-noticias/macri-nunca-antes-habia-viajado-tanta-gente-en-vuelos-de-cabotaje/
macri-pasaron-diez-anos-y-las-pruebas-pisa-somos-el-unico-pais-que-en-diez-anos-no-mejoro-en-una-sola-materia,Somos el único país que en diez años no mejoró en una sola materia [en las pruebas PISA],falso,entrenamiento,Falso,https://chequeado.com/ultimas-noticias/macri-pasaron-diez-anos-y-las-pruebas-pisa-somos-el-unico-pais-que-en-diez-anos-no-mejoro-en-una-sola-materia/
macri-practicamente-duplicamos-el-presupuesto-del-ministerio-de-ciencia-y-tecnologia,Prácticamente duplicamos el presupuesto del Ministerio de Ciencia y Tecnología,falso,entrenamiento,Falso,https://chequeado.com/ultimas-noticias/macri-practicamente-duplicamos-el-presupuesto-del-ministerio-de-ciencia-y-tecnologia/
macri-pusimos-en-marcha-el-plan-nacional-contra-la-violencia-de-genero,Pusimos en marcha el Plan Nacional contra la Violencia de Género,falso,entrenamiento,Engañoso,https://chequeado.com/ultimas-noticias/macri-pusimos-en-marcha-el-plan-nacional-contra-la-violencia-de-genero/
macri-pusimos-robotica-y-programacion-desde-jardin-de-infantes-uno-de-los-5-paises-del-mundo-reconocidos-por-la-unesco,Pusimos robótica y programación desde jardín de infantes,verdadero,validacion,Verdadero,https://chequeado.com/ultimas-noticias/macri-pusimos-robotica-y-programacion-desde-jardin-de-infantes-uno-de-los-5-paises-del-mundo-reconocidos-por-la-unesco/
macri-qbajamos-de-mas-de-6-mil-toneladas-a-3800-toneladas-que-tenemos-que-disponerq,Bajamos de más de 6 mil toneladas a 3.800 toneladas que tenemos que disponer,verdadero,entrenamiento,"Verdadero, pero…",https://chequeado.com/ultimas-noticias/macri-qbajamos-de-mas-de-6-mil-toneladas-a-3800-toneladas-que-tenemos-que-disponerq/
macri-qnos-llevo-un-ano-en-tribunales-en-distintas-instancias-conseguir-todas-las-aprobaciones-para-llevar-a-cabo-este-edificioq,Nos llevó un año conseguir todas las aprobaciones para llevar a cabo este edificio,falso,entrenamiento,Falso,https://chequeado.com/ultimas-noticias/macri-qnos-llevo-un-ano-en-tribunales-en-distintas-instancias-conseguir-todas-las-aprobaciones-para-llevar-a-cabo-este-edificioq/
macri-recibimos-un-estado-con-un-deficit-total-de-mas-del-7,Recibimos un Estado con un déficit total de más del 7%,falso,entrenamiento,Engañoso,https://chequeado.com/ultimas-noticias/macri-recibimos-un-estado-con-un-deficit-total-de-mas-del-7/
macri-recibimos-un-pais-donde-solo-el-41-de-los-argentinos-tienen-cloacas,Recibimos un país donde sólo el 41% de los argentinos tienen cloacas,falso,entrenamiento,Falso,https://chequeado.com/ultimas-noticias/macri-recibimos-un-pais-donde-solo-el-41-de-los-argentinos-tienen-cloacas/
macri-recibimos-un-pais-donde-uno-de-cada-tres-argentinos-esta-en-la-pobreza-o-la-exclusion-total,Recibimos un país donde uno de cada tres argentinos está en la pobreza o la exclusión total,verdadero,entrenamiento,Verdadero,https://chequeado.com/ultimas-noticias/macri-recibimos-un-pais-donde-uno-de-cada-tres-argentinos-esta-en-la-pobreza-o-la-exclusion-total/
macri-redujimos-la-basura-en-un-5-por-cientoq,[Redujimos] la basura en un 5%,verdadero,entrenamiento,"Verdadero, pero…",https://chequeado.com/ultimas-noticias/macri-redujimos-la-basura-en-un-5-por-cientoq/
macri-se-crearon-11-mil-sociedades-anonimas-simplificadas,Se crearon 11 mil sociedades anónimas simplificadas,verdadero,validacion,Verdadero,https://chequeado.com/ultimas-noticias/macri-se-crearon-11-mil-sociedades-anonimas-simplificadas/
macri-se-exporta-menos-carne-que-pesca,Se exporta menos carne que pesca,verdadero,entrenamiento,Verdadero,https://chequeado.com/ultimas-noticias/macri-se-exporta-menos-carne-que-pesca/
macri-se-pago-al-club-de-paris-sin-negociar-intereses-y-punitorios-y-seguimos-con-la-peor-calificacion,"Se pagó al Club de París, sin negociar, intereses y punitorios. Y seguimos con la peor calificación",falso,entrenamiento,Engañoso,https://chequeado.com/ultimas-noticias/macri-se-pago-al-club-de-paris-sin-negociar-intereses-y-punitorios-y-seguimos-con-la-peor-calificacion/
macri-seguir-potenciando-la-economia-del-conocimiento-es-la-que-genera-valor-y-trabajo-a-partir-del-saber-y-las-ideas-hoy-ya-se-exportan-6-300-millones-de-dolares,"Seguir potenciando la economía del conocimiento, es la que genera valor y trabajo a partir del saber y las ideas. Hoy ya se exportan 6.300 millones de dólares",falso,entrenamiento,Engañoso,https://chequeado.com/ultimas-noticias/macri-seguir-potenciando-la-economia-del-conocimiento-es-la-que-genera-valor-y-trabajo-a-partir-del-saber-y-las-ideas-hoy-ya-se-exportan-6-300-millones-de-dolares/
macri-segun-la-uca-el-29-de-los-argentinos-estan-en-situacion-de-pobreza-y-el-6-en-situacion-de-indigencia,"Según la UCA, el 29% de los argentinos están en situación de pobreza y el 6% en situación de indigencia",verdadero,entrenamiento,"Verdadero, pero…",https://chequeado.com/ultimas-noticias/macri-segun-la-uca-el-29-de-los-argentinos-estan-en-situacion-de-pobreza-y-el-6-en-situacion-de-indigencia/
macri-sobre-el-deficit-fiscal-es-algo-que-la-argentina-no-logra-equilibrar-hace-mas-de-70-anos,[Es] algo que la Argentina no logra [equilibrar] hace más de 70 años,verdadero,entrenamiento,"Verdadero, pero…",https://chequeado.com/ultimas-noticias/macri-sobre-el-deficit-fiscal-es-algo-que-la-argentina-no-logra-equilibrar-hace-mas-de-70-anos/
macri-sobre-el-gasto-publico-en-2003-apenas-alcanzaba-el-24-del-pbi-12-anos-de-gobiernos-kirchneristas-lo-habian-hecho-trepar-hasta-un-42,(En 2003) apenas alcanzaba el 24% del PBI. 12 años de gobiernos kirchneristas lo habían hecho trepar hasta un 42%,verdadero,entrenamiento,Verdadero,https://chequeado.com/ultimas-noticias/macri-sobre-el-gasto-publico-en-2003-apenas-alcanzaba-el-24-del-pbi-12-anos-de-gobiernos-kirchneristas-lo-habian-hecho-trepar-hasta-un-42/
macri-sobre-el-presupuesto-en-politicas-sociales-fue-uno-de-los-rubros-que-mas-ha-crecido-durante-nuestro-gobierno,Fue uno de los rubros que más ha crecido durante nuestro gobierno,falso,entrenamiento,Falso,https://chequeado.com/ultimas-noticias/macri-sobre-el-presupuesto-en-politicas-sociales-fue-uno-de-los-rubros-que-mas-ha-crecido-durante-nuestro-gobierno/
macri-sobre-empleo-publico-en-la-ciudad-en-ocho-anos-se-fueron-20-mil-personas-y-se-incorporaron-otras-20-mil,En ocho años se fueron 20 mil personas y se incorporaron otras 20 mil,falso,entrenamiento,Falso,https://chequeado.com/ultimas-noticias/macri-sobre-empleo-publico-en-la-ciudad-en-ocho-anos-se-fueron-20-mil-personas-y-se-incorporaron-otras-20-mil/
macri-sobre-la-carne-vacuna-en-estos-anos-logramos-triplicar-la-exportacion,En estos años logramos triplicar la exportación,verdadero,entrenamiento,Verdadero,https://chequeado.com/ultimas-noticias/macri-sobre-la-carne-vacuna-en-estos-anos-logramos-triplicar-la-exportacion/
macri-sobre-su-gobierno-nunca-tantos-argentinos-pudieron-viajar-en-avion-por-el-pais,Nunca tantos argentinos pudieron viajar en avión por el país,verdadero,entrenamiento,Verdadero,https://chequeado.com/ultimas-noticias/macri-sobre-su-gobierno-nunca-tantos-argentinos-pudieron-viajar-en-avion-por-el-pais/
macri-somos-uno-de-los-cuatro-paises-que-mas-azucares-consume-en-el-mundo,Somos uno de los cuatro países que más azúcares consume en el mundo,verdadero,entrenamiento,Verdadero,https://chequeado.com/ultimas-noticias/macri-somos-uno-de-los-cuatro-paises-que-mas-azucares-consume-en-el-mundo/
macri-tampoco-podemos-permitir-que-una-mujer-gane-menos-que-un-hombre-segun-el-indec-estas-diferencias-llegan-hasta-el-30-por-ciento,"Tampoco podemos permitir que una mujer gane menos que un hombre. Según el INDEC, estas diferencias llegan hasta el 30 por ciento",verdadero,validacion,Verdadero,https://chequeado.com/ultimas-noticias/macri-tampoco-podemos-permitir-que-una-mujer-gane-menos-que-un-hombre-segun-el-indec-estas-diferencias-llegan-hasta-el-30-por-ciento/
macri-tenemos-230-jueces-nombrados-los-mejores-de-los-concursos,"Tenemos 230 jueces nombrados, los mejores de los concursos",falso,entrenamiento,Falso,https://chequeado.com/ultimas-noticias/macri-tenemos-230-jueces-nombrados-los-mejores-de-los-concursos/
macri-tenemos-mas-de-mil-profugos-en-la-argentina,Tenemos más de mil prófugos en la Argentina,verdadero,entrenamiento,Verdadero,https://chequeado.com/ultimas-noticias/macri-tenemos-mas-de-mil-profugos-en-la-argentina/
macri-todos-los-dias-llegan-entre-100-y-200-inmigrantes-a-la-ciudad-que-no-sabemos-quienes-son,"Todos los días llegan entre 100 y 200 inmigrantes a la ciudad, que no sabemos quiénes son",falso,entrenamiento,Falso,https://chequeado.com/ultimas-noticias/macri-todos-los-dias-llegan-entre-100-y-200-inmigrantes-a-la-ciudad-que-no-sabemos-quienes-son/
macri-tres-de-cada-mil-personas-que-hoy-estan-cometiendo-un-delito-van-a-ir-a-la-carcel,Tres de cada mil [personas] que hoy están cometiendo un delito van a ir a la cárcel,verdadero,entrenamiento,"Verdadero, pero…",https://chequeado.com/ultimas-noticias/macri-tres-de-cada-mil-personas-que-hoy-estan-cometiendo-un-delito-van-a-ir-a-la-carcel/
macri-un-millon-y-medio-de-personas-consiguieron-acceso-a-cloacas-y-817-000-personas-pueden-ahora-abrir-una-canilla-y-ver-salir-agua-limpia,Un millón y medio de personas consiguieron acceso a cloacas y 817.000 personas pueden ahora abrir una canilla y ver salir agua limpia,verdadero,entrenamiento,Verdadero,https://chequeado.com/ultimas-noticias/macri-un-millon-y-medio-de-personas-consiguieron-acceso-a-cloacas-y-817-000-personas-pueden-ahora-abrir-una-canilla-y-ver-salir-agua-limpia/
macri-vaca-muerta-representa-la-2o-reserva-mundial-de-gas-y-la-4o-de-petroleo-no-convencional,Vaca Muerta representa la 2º reserva mundial de gas y la 4º de petróleo no convencional,verdadero,entrenamiento,"Verdadero, pero…",https://chequeado.com/ultimas-noticias/macri-vaca-muerta-representa-la-2o-reserva-mundial-de-gas-y-la-4o-de-petroleo-no-convencional/
macri-volvio-a-crecer-tambien-la-produccion-de-gas,[Volvió a crecer] también la producción de gas,verdadero,entrenamiento,Verdadero,https://chequeado.com/ultimas-noticias/macri-volvio-a-crecer-tambien-la-produccion-de-gas/
macri-ya-hay-casi-700-tramites-que-se-hacen-por-internet,Ya hay casi 700 trámites que se hacen por Internet,verdadero,entrenamiento,Verdadero,https://chequeado.com/ultimas-noticias/macri-ya-hay-casi-700-tramites-que-se-hacen-por-internet/
macri-ya-llevamos-mas-de-85-mil-detenidos-por-narcotrafico-67-delincuentes-detenidos-por-dia-desde-que-somos-gobierno,"Llevamos más de 85 mil detenidos por narcotráfico, 67 delincuentes detenidos por día desde que somos gobierno",falso,entrenamiento,Falso,https://chequeado.com/ultimas-noticias/macri-ya-llevamos-mas-de-85-mil-detenidos-por-narcotrafico-67-delincuentes-detenidos-por-dia-desde-que-somos-gobierno/
macri-ya-reparamos-cinco-mil-kilometros-de-rutas-que-estaban-en-pesimo-estado-y-estamos-recuperando-12-mil-mas,Ya reparamos cinco mil kilómetros de rutas que estaban en pésimo estado y estamos recuperando 12 mil más,verdadero,entrenamiento,Verdadero,https://chequeado.com/ultimas-noticias/macri-ya-reparamos-cinco-mil-kilometros-de-rutas-que-estaban-en-pesimo-estado-y-estamos-recuperando-12-mil-mas/
macri-ya-sobrepasamos-la-cantidad-de-personas-empleadas-en-2015,Ya sobrepasamos la cantidad de personas empleadas en 2015,verdadero,entrenamiento,"Verdadero, pero…",https://chequeado.com/ultimas-noticias/macri-ya-sobrepasamos-la-cantidad-de-personas-empleadas-en-2015/
macri-ya-terminamos-7-600-kilometros-entre-autopistas-y-rutas-y-tenemos-13-480-kilometros-en-construccion-esto-es-mas-que-en-los-ultimos-65-anos,"Ya terminamos 7.600 km, entre autopistas y rutas, y tenemos 13.480 km en construcción. Esto es más que en los últimos 65 años",falso,entrenamiento,Falso,https://chequeado.com/ultimas-noticias/macri-ya-terminamos-7-600-kilometros-entre-autopistas-y-rutas-y-tenemos-13-480-kilometros-en-construccion-esto-es-mas-que-en-los-ultimos-65-anos/
magario-la-provincia-de-buenos-aires-aumento-su-deuda-provincial-en-un-113,[La Provincia de Buenos Aires] aumentó su deuda provincial en un 113%,falso,entrenamiento,Engañoso,https://chequeado.com/ultimas-noticias/magario-la-provincia-de-buenos-aires-aumento-su-deuda-provincial-en-un-113/
majdalani-pro-en-la-secretaria-de-inteligencia-no-todos-los-fondos-son-reservados,En la Secretaría de Inteligencia no todos los fondos son reservados,falso,entrenamiento,Falso,https://chequeado.com/ultimas-noticias/majdalani-pro-en-la-secretaria-de-inteligencia-no-todos-los-fondos-son-reservados/
malcorra-la-argentina-se-ha-transformado-en-el-tercer-pais-exportador-de-coca,La Argentina se ha transformado en el tercer país exportador de coca,verdadero,entrenamiento,"Verdadero, pero…",https://chequeado.com/ultimas-noticias/malcorra-la-argentina-se-ha-transformado-en-el-tercer-pais-exportador-de-coca/
malena-baro-scioli-destinaba-el-224-del-presupuesto-provincial-a-vialidad-hoy-descendio-al-110,"Scioli destinaba el 2,24% del presupuesto provincial a Vialidad, hoy descendió al 1,10%",verdadero,entrenamiento,Verdadero,https://chequeado.com/ultimas-noticias/malena-baro-scioli-destinaba-el-224-del-presupuesto-provincial-a-vialidad-hoy-descendio-al-110/
manes-el-ingreso-per-capita-de-la-argentina-en-promedio-y-ajustado-por-inflacion-es-similar-al-del-ano-74,"El ingreso per cápita de la Argentina, en promedio y ajustado por inflación, es similar al del año 74",verdadero,validacion,Verdadero,https://chequeado.com/ultimas-noticias/manes-el-ingreso-per-capita-de-la-argentina-en-promedio-y-ajustado-por-inflacion-es-similar-al-del-ano-74/
manes-sobre-id-la-argentina-solo-invierte-un-05-de-su-pbi-mientras-que-paises-como-corea-del-sur-e-israel-lo-hacen-en-un-4-y-la-media-de-los-paises-desarrollados-es-un-22,"La Argentina sólo invierte un 0,5% de su PBI, mientras que países como Corea del Sur e Israel lo hacen en un 4% y la media de los países desarrollados es un 2,2%",verdadero,entrenamiento,Verdadero,https://chequeado.com/ultimas-noticias/manes-sobre-id-la-argentina-solo-invierte-un-05-de-su-pbi-mientras-que-paises-como-corea-del-sur-e-israel-lo-hacen-en-un-4-y-la-media-de-los-paises-desarrollados-es-un-22/
manuel-adorni-desde-1983-el-64-de-las-44-medidas-de-fuerza-convocadas-por-la-cgt-fueron-contra-gobiernos-no-peronistas,"Desde 1983, el 64% de las 44 medidas de fuerza convocadas por la CGT fueron contra gobiernos no peronistas",verdadero,entrenamiento,Verdadero,https://chequeado.com/ultimas-noticias/manuel-adorni-desde-1983-el-64-de-las-44-medidas-de-fuerza-convocadas-por-la-cgt-fueron-contra-gobiernos-no-peronistas/
manuel-adorni-el-garrahan-tiene-953-empleados-administrativos-y-solo-478-medicos-de-planta,El Garrahan tiene 953 empleados administrativos y sólo 478 médicos de planta,falso,validacion,Falso,https://chequeado.com/ultimas-noticias/manuel-adorni-el-garrahan-tiene-953-empleados-administrativos-y-solo-478-medicos-de-planta/
manuel-adorni-hoy-tenemos-45-de-informalidad-laboral,Hoy tenemos 45% de informalidad laboral,verdadero,entrenamiento,Verdadero,https://chequeado.com/ultimas-noticias/manuel-adorni-hoy-tenemos-45-de-informalidad-laboral/
manuel-adorni-hoy-un-celular-con-tecnologia-5g-en-la-argentina-cuesta-el-doble-que-en-brasil-y-estados-unidos,Hoy un celular con tecnología 5G en la Argentina cuesta el doble que en Brasil y Estados Unidos,verdadero,entrenamiento,Verdadero,https://chequeado.com/ultimas-noticias/manuel-adorni-hoy-un-celular-con-tecnologia-5g-en-la-argentina-cuesta-el-doble-que-en-brasil-y-estados-unidos/
manuela-castaneira-necesitamos-400-mil-votos-para-que-tus-reclamos-no-se-queden-afuera,Necesitamos 400 mil votos para que tus reclamos no se queden afuera,verdadero,entrenamiento,Verdadero,https://chequeado.com/ultimas-noticias/manuela-castaneira-necesitamos-400-mil-votos-para-que-tus-reclamos-no-se-queden-afuera/
marco-del-pont-lo-que-mas-ha-crecido-en-volumen-fisico-han-sido-las-exportaciones-industriales,Lo que más ha crecido en volumen físico han sido las exportaciones industriales,verdadero,entrenamiento,"Verdadero, pero…",https://chequeado.com/ultimas-noticias/marco-del-pont-lo-que-mas-ha-crecido-en-volumen-fisico-han-sido-las-exportaciones-industriales/
marco-del-pont-lo-que-mas-viene-creciendo-en-terminos-de-exportacion-son-las-manufacturas-de-origen-industrial,Lo que más viene creciendo en términos de exportación son las manufacturas de origen industrial,verdadero,entrenamiento,"Verdadero, pero…",https://chequeado.com/ultimas-noticias/marco-del-pont-lo-que-mas-viene-creciendo-en-terminos-de-exportacion-son-las-manufacturas-de-origen-industrial/
marco-del-pont-qlos-bancos-centrales-se-crearon-para-financiar-al-estadoq,Los bancos centrales se crearon para financiar al Estado,verdadero,entrenamiento,Verdadero,https://chequeado.com/ultimas-noticias/marco-del-pont-qlos-bancos-centrales-se-crearon-para-financiar-al-estadoq/
marco-del-pont-se-estan-comprando-mas-dolares-que-en-las-peores-epocas-del-kirchnerismo,Se están comprando más dólares que en las peores épocas del kirchnerismo,falso,entrenamiento,Falso,https://chequeado.com/ultimas-noticias/marco-del-pont-se-estan-comprando-mas-dolares-que-en-las-peores-epocas-del-kirchnerismo/
maria-eugenia-vidal-kicillof-suma-31-empleados-por-dia,Kicillof suma 31 empleados por día,verdadero,entrenamiento,Verdadero,https://chequeado.com/ultimas-noticias/maria-eugenia-vidal-kicillof-suma-31-empleados-por-dia/
mariano-cuneo-libarona-sobre-las-sad-en-el-mundo-todos-los-clubes-son-sociedades-con-capitales-privados-bayern-munich-real-madrid-barcelona-y-psg,"En el mundo todos los clubes son sociedades con capitales privados: Bayern Münich, Real Madrid, Barcelona y PSG",falso,entrenamiento,Engañoso,https://chequeado.com/ultimas-noticias/mariano-cuneo-libarona-sobre-las-sad-en-el-mundo-todos-los-clubes-son-sociedades-con-capitales-privados-bayern-munich-real-madrid-barcelona-y-psg/
mariano-rajoy-solo-a-argentina-se-estan-marchando-cada-mes-1200-jovenes-a-trabajar,Sólo a Argentina se están marchando cada mes 1200 jóvenes a trabajar,falso,validacion,Falso,https://chequeado.com/ultimas-noticias/mariano-rajoy-solo-a-argentina-se-estan-marchando-cada-mes-1200-jovenes-a-trabajar/
mariano-recalde-la-incidencia-de-la-tasa-de-delito-es-5-veces-mayor-en-el-sur-que-en-el-norte,La incidencia de la tasa de delito es 5 veces mayor en el Sur que en el Norte,verdadero,entrenamiento,Verdadero,https://chequeado.com/ultimas-noticias/mariano-recalde-la-incidencia-de-la-tasa-de-delito-es-5-veces-mayor-en-el-sur-que-en-el-norte/
mariano-recalde-no-construyeron-un-hospital-en-12-anos-y-ahora-hay-500-camas-menos,No construyeron un hospital en 12 años y ahora hay 500 camas menos,verdadero,entrenamiento,"Verdadero, pero…",https://chequeado.com/ultimas-noticias/mariano-recalde-no-construyeron-un-hospital-en-12-anos-y-ahora-hay-500-camas-menos/
marin-el-83-de-los-argentinos-ve-el-futbol-por-cable,El 83% de los argentinos ve el fútbol por cable,verdadero,validacion,"Verdadero, pero…",https://chequeado.com/ultimas-noticias/marin-el-83-de-los-argentinos-ve-el-futbol-por-cable/
mario-ishii-desde-que-se-fue-el-servicio-militar-la-inseguridad-empeoro,"Desde que se fue el Servicio Militar, la [inseguridad] empeoró",falso,entrenamiento,Falso,https://chequeado.com/ultimas-noticias/mario-ishii-desde-que-se-fue-el-servicio-militar-la-inseguridad-empeoro/
mariotto-hoy-hay-una-gran-superpoblacion-en-los-penales-bonaerenses,Hoy hay una gran superpoblación en los penales bonaerenses,verdadero,entrenamiento,Verdadero,https://chequeado.com/ultimas-noticias/mariotto-hoy-hay-una-gran-superpoblacion-en-los-penales-bonaerenses/
martin-casares-por-primera-vez-en-la-historia-en-2017-el-porcentaje-de-condenados-supero-al-de-procesados,"Por primera vez en la historia, en 2017 el porcentaje de condenados superó al de procesados",verdadero,entrenamiento,"Verdadero, pero…",https://chequeado.com/ultimas-noticias/martin-casares-por-primera-vez-en-la-historia-en-2017-el-porcentaje-de-condenados-supero-al-de-procesados/
martin-guzman-en-el-periodo-2020-2030-el-alivio-sera-de-us-37-700-millones,En el período 2020-2030 el alivio será de US$ 37.700 millones,verdadero,entrenamiento,Verdadero,https://chequeado.com/ultimas-noticias/martin-guzman-en-el-periodo-2020-2030-el-alivio-sera-de-us-37-700-millones/
martin-guzman-en-un-mundo-en-donde-la-pandemia-fue-profundamente-desigualadora-logramos-una-reduccion-de-la-desigualdad-personal-de-los-ingresos,"En un mundo en donde la pandemia fue profundamente desigualadora, [logramos] una reducción de la desigualdad personal de los ingresos",verdadero,entrenamiento,"Verdadero, pero…",https://chequeado.com/ultimas-noticias/martin-guzman-en-un-mundo-en-donde-la-pandemia-fue-profundamente-desigualadora-logramos-una-reduccion-de-la-desigualdad-personal-de-los-ingresos/
martin-guzman-la-creacion-de-mas-de-11-millon-de-puestos-de-trabajo,"La creación de más de 1,1 millón de puestos de trabajo",verdadero,entrenamiento,Verdadero,https://chequeado.com/ultimas-noticias/martin-guzman-la-creacion-de-mas-de-11-millon-de-puestos-de-trabajo/
martin-lousteau-el-estado-gasta-el-doble-por-cada-uno-de-nosotros-ajustado-por-inflacion-que-hace-30-anos,"El Estado gasta el doble por cada uno de nosotros, ajustado por inflación, que hace 30 años",verdadero,entrenamiento,Verdadero,https://chequeado.com/ultimas-noticias/martin-lousteau-el-estado-gasta-el-doble-por-cada-uno-de-nosotros-ajustado-por-inflacion-que-hace-30-anos/
martin-lousteau-hoy-alrededor-de-uno-de-cada-12-o-13-vive-en-una-villa,Hoy alrededor de uno de cada 12 o 13 vive en una villa,verdadero,entrenamiento,Verdadero,https://chequeado.com/ultimas-noticias/martin-lousteau-hoy-alrededor-de-uno-de-cada-12-o-13-vive-en-una-villa/
martin-lousteau-la-ciudad-ahora-tiene-superavit-en-los-anos-de-macri-tuvo-deficit-siempre,"La Ciudad ahora tiene superávit, en los años de Macri tuvo déficit, siempre",verdadero,entrenamiento,"Verdadero, pero…",https://chequeado.com/ultimas-noticias/martin-lousteau-la-ciudad-ahora-tiene-superavit-en-los-anos-de-macri-tuvo-deficit-siempre/
martin-tetaz-hace-11-anos-que-en-la-argentina-no-se-crea-empleo-privado,Hace 11 años que en la Argentina no se crea empleo privado,verdadero,validacion,Verdadero,https://chequeado.com/ultimas-noticias/martin-tetaz-hace-11-anos-que-en-la-argentina-no-se-crea-empleo-privado/
massa-con-el-nuevo-codigo-la-corrupcion-y-sustraccion-de-menores-el-robo-con-armas-y-el-trafico-de-drogas-son-excarcelables,"Con el nuevo Código la corrupción y sustracción de menores, el robo con armas y el tráfico de drogas son excarcelables",falso,validacion,Engañoso,https://chequeado.com/ultimas-noticias/massa-con-el-nuevo-codigo-la-corrupcion-y-sustraccion-de-menores-el-robo-con-armas-y-el-trafico-de-drogas-son-excarcelables/
massa-dara-lo-mismo-violar-una-vez-que-diez-veces,[Dará] lo mismo violar una vez que diez veces,falso,entrenamiento,Engañoso,https://chequeado.com/ultimas-noticias/massa-dara-lo-mismo-violar-una-vez-que-diez-veces/
massa-de-cada-100-que-los-misioneros-pagan-de-impuestos-76-se-los-lleva-cristina,"De cada $100 que los misioneros pagan de impuestos, $76 se los lleva Cristina",verdadero,entrenamiento,"Verdadero, pero…",https://chequeado.com/ultimas-noticias/massa-de-cada-100-que-los-misioneros-pagan-de-impuestos-76-se-los-lleva-cristina/
massa-de-los-ocho-anos-de-scioli-como-gobernador-los-chicos-de-escuelas-estatales-tuvieron-siete-anos-de-clase-pasa-lo-mismo-en-la-ciudad,"De los ocho años de Scioli como Gobernador, los chicos [de escuelas estatales] tuvieron siete años de clase. Pasa lo mismo en la Ciudad",verdadero,entrenamiento,"Verdadero, pero…",https://chequeado.com/ultimas-noticias/massa-de-los-ocho-anos-de-scioli-como-gobernador-los-chicos-de-escuelas-estatales-tuvieron-siete-anos-de-clase-pasa-lo-mismo-en-la-ciudad/
massa-desde-2003-hasta-aca-las-tasas-municipales-son-las-que-menos-han-acompanado-la-inflacion,"Desde 2003 hasta acá, las tasas municipales son las que menos han acompañado la inflación",verdadero,entrenamiento,"Verdadero, pero…",https://chequeado.com/ultimas-noticias/massa-desde-2003-hasta-aca-las-tasas-municipales-son-las-que-menos-han-acompanado-la-inflacion/
massa-el-ano-pasado-15-millones-de-trabajadores-dejaron-de-pagar-ganancias-para-siempre-por-el-sistema-de-actualizacion-que-tienen,"El año pasado 1,5 millones de trabajadores dejaron de pagar Ganancias para siempre, por el sistema de actualización que tienen",verdadero,entrenamiento,"Verdadero, pero…",https://chequeado.com/ultimas-noticias/massa-el-ano-pasado-15-millones-de-trabajadores-dejaron-de-pagar-ganancias-para-siempre-por-el-sistema-de-actualizacion-que-tienen/
massa-el-ultimo-censo-nacional-muestra-una-clara-reversion-en-la-poblacion-sin-agua-potable-y-sin-cloacas,El último Censo Nacional muestra una clara reversión en la población sin agua potable y sin cloacas,verdadero,entrenamiento,"Verdadero, pero…",https://chequeado.com/ultimas-noticias/massa-el-ultimo-censo-nacional-muestra-una-clara-reversion-en-la-poblacion-sin-agua-potable-y-sin-cloacas/
massa-en-argentina-la-corrupcion-no-esta-tipificada-en-el-codigo-penal,En Argentina la corrupción no está tipificada en el Código Penal,falso,entrenamiento,Falso,https://chequeado.com/ultimas-noticias/massa-en-argentina-la-corrupcion-no-esta-tipificada-en-el-codigo-penal/
massa-en-la-argentina-hay-mas-personas-con-pedido-de-captura-que-detenidos,En la Argentina hay más personas con pedido de captura que detenidos,falso,validacion,Engañoso,https://chequeado.com/ultimas-noticias/massa-en-la-argentina-hay-mas-personas-con-pedido-de-captura-que-detenidos/
massa-en-la-provincia-las-muertes-por-robo-aumentaron-un-90-y-en-la-ciudad-un-70,"En la Provincia, las muertes por robo aumentaron un 90% y, en la Ciudad, un 70%",falso,entrenamiento,Falso,https://chequeado.com/ultimas-noticias/massa-en-la-provincia-las-muertes-por-robo-aumentaron-un-90-y-en-la-ciudad-un-70/
massa-este-es-un-estado-que-tiene-el-deficit-mas-alto-de-los-ultimos-10-anos,Este es un Estado que tiene el déficit más alto de los últimos 10 años,verdadero,entrenamiento,Verdadero,https://chequeado.com/ultimas-noticias/massa-este-es-un-estado-que-tiene-el-deficit-mas-alto-de-los-ultimos-10-anos/
massa-hoy-los-argentinos-trabajan-16-dias-al-mes-para-pagarle-al-estado,Hoy los argentinos trabajan 16 días al mes para pagarle al Estado,falso,entrenamiento,Engañoso,https://chequeado.com/ultimas-noticias/massa-hoy-los-argentinos-trabajan-16-dias-al-mes-para-pagarle-al-estado/
massa-la-perdida-del-poder-adquisitivo-del-salario-este-ano-ha-sido-muy-alta,La pérdida del poder [adquisitivo] del salario este año ha sido muy alta,verdadero,entrenamiento,Verdadero,https://chequeado.com/ultimas-noticias/massa-la-perdida-del-poder-adquisitivo-del-salario-este-ano-ha-sido-muy-alta/
massa-lo-que-hicieron-fue-copiar-la-ley-de-telecomunicaciones-venezolana,Copiaron la ley de telecomunicaciones venezolana para influir sobre los contenidos,falso,entrenamiento,Falso,https://chequeado.com/ultimas-noticias/massa-lo-que-hicieron-fue-copiar-la-ley-de-telecomunicaciones-venezolana/
massa-pudimos-tambien-mejorar-las-jubilaciones-mas-bajas,Pudimos también mejorar las jubilaciones más bajas,falso,entrenamiento,Engañoso,https://chequeado.com/ultimas-noticias/massa-pudimos-tambien-mejorar-las-jubilaciones-mas-bajas/
massa-recaudariamos-mas-si-gravamos-la-renta-financiera-solo-en-el-primer-trimestre-los-bancos-ganaron-mas-de-us-400-millones,[Recaudaríamos más si gravamos la renta financiera] Solo en el primer trimestre los bancos ganaron más de US$ 400 millones,falso,entrenamiento,Engañoso,https://chequeado.com/ultimas-noticias/massa-recaudariamos-mas-si-gravamos-la-renta-financiera-solo-en-el-primer-trimestre-los-bancos-ganaron-mas-de-us-400-millones/
massa-se-bajaron-las-retenciones-y-sin-embargo-cayo-8-el-empleo-del-sector-minero,Se bajaron las retenciones y sin embargo cayó 8% el empleo del sector minero,falso,entrenamiento,Falso,https://chequeado.com/ultimas-noticias/massa-se-bajaron-las-retenciones-y-sin-embargo-cayo-8-el-empleo-del-sector-minero/
massa-sobre-la-gestion-de-macri-tuvo-la-inflacion-mas-alta-de-los-ultimos-25-anos,[Tuvo] la inflación más alta de los últimos 25 años,verdadero,entrenamiento,Verdadero,https://chequeado.com/ultimas-noticias/massa-sobre-la-gestion-de-macri-tuvo-la-inflacion-mas-alta-de-los-ultimos-25-anos/
massa-tigre-tenia-0-de-presupuesto-en-seguridad-municipal-y-paso-a-tener-145-del-presupuesto,"Tigre tenía 0% de presupuesto en seguridad municipal y pasó a tener 14,5% del presupuesto",falso,entrenamiento,Falso,https://chequeado.com/ultimas-noticias/massa-tigre-tenia-0-de-presupuesto-en-seguridad-municipal-y-paso-a-tener-145-del-presupuesto/
massa-un-chico-de-13-anos-en-la-argentina-no-tiene-ley-de-victimas-no-puede-ser-parte-del-proceso,"Un chico de 13 años (…) en la Argentina no tiene ley de víctimas, no puede ser parte del proceso",verdadero,entrenamiento,"Verdadero, pero…",https://chequeado.com/ultimas-noticias/massa-un-chico-de-13-anos-en-la-argentina-no-tiene-ley-de-victimas-no-puede-ser-parte-del-proceso/
massa-un-productor-de-salta-paga-mas-caro-el-flete-de-salta-a-rosario-que-de-rosario-a-rotterdam,Un productor de Salta paga más caro el flete de Salta a Rosario que de Rosario a Rotterdam,falso,entrenamiento,Engañoso,https://chequeado.com/ultimas-noticias/massa-un-productor-de-salta-paga-mas-caro-el-flete-de-salta-a-rosario-que-de-rosario-a-rotterdam/
massa-us-60-mil-millones-se-fueron-de-la-argentina-desde-que-macri-es-presidente,US$ 60 mil millones se fueron de la Argentina desde que Macri es Presidente,verdadero,entrenamiento,"Verdadero, pero…",https://chequeado.com/ultimas-noticias/massa-us-60-mil-millones-se-fueron-de-la-argentina-desde-que-macri-es-presidente/
massot-es-el-blanqueo-con-los-impuestos-mas-altos-de-la-historia-argentina,Es el blanqueo con los impuestos más altos de la historia argentina,falso,entrenamiento,Engañoso,https://chequeado.com/ultimas-noticias/massot-es-el-blanqueo-con-los-impuestos-mas-altos-de-la-historia-argentina/
matias-lammens-el-turismo-es-el-sector-que-lidera-el-crecimiento-de-la-actividad-economica-y-del-trabajo-registrado,El turismo es el sector que lidera el crecimiento de la actividad económica y del trabajo registrado,verdadero,entrenamiento,Verdadero,https://chequeado.com/ultimas-noticias/matias-lammens-el-turismo-es-el-sector-que-lidera-el-crecimiento-de-la-actividad-economica-y-del-trabajo-registrado/
mauricio-macri-el-gobierno-no-cerro-ni-privatizo-ninguna-empresa-publica,El Gobierno no cerró ni privatizó ninguna empresa pública,falso,entrenamiento,Falso,https://chequeado.com/ultimas-noticias/mauricio-macri-el-gobierno-no-cerro-ni-privatizo-ninguna-empresa-publica/
mauricio-macri-mi-gobierno-saco-los-impuestos-internos-que-beneficiaban-aun-mas-a-tierra-del-fuego,Mi gobierno sacó los impuestos internos que beneficiaban aún más a Tierra del Fuego,verdadero,entrenamiento,Verdadero,https://chequeado.com/ultimas-noticias/mauricio-macri-mi-gobierno-saco-los-impuestos-internos-que-beneficiaban-aun-mas-a-tierra-del-fuego/
mauricio-macri-nuestra-produccion-de-granos-esta-estancada,Nuestra producción de granos está estancada,verdadero,validacion,Verdadero,https://chequeado.com/ultimas-noticias/mauricio-macri-nuestra-produccion-de-granos-esta-estancada/
mauricio-macri-se-cambia-en-serio-cuando-la-droga-no-llega-a-los-barrios-porque-la-incautamos-y-quemamos-como-nunca-antes,Se cambia en serio cuando la droga no llega a los barrios porque la incautamos y quemamos como nunca antes,falso,entrenamiento,Engañoso,https://chequeado.com/ultimas-noticias/mauricio-macri-se-cambia-en-serio-cuando-la-droga-no-llega-a-los-barrios-porque-la-incautamos-y-quemamos-como-nunca-antes/
mauricio-macri-sobre-el-actual-gobierno-practicamente-ha-aumentado-un-50-mas-el-empleo-publico-a-nivel-nacional,Prácticamente ha aumentado un 50% más el empleo público a nivel nacional,falso,validacion,Falso,https://chequeado.com/ultimas-noticias/mauricio-macri-sobre-el-actual-gobierno-practicamente-ha-aumentado-un-50-mas-el-empleo-publico-a-nivel-nacional/
mauricio-macri-sobre-la-homosexualidad-en-qatar-viven-con-absoluta-tranquilidad-nadie-tiene-ningun-problema-ni-conflicto,Viven con absoluta tranquilidad. Nadie tiene ningún problema ni conflicto,falso,entrenamiento,Falso,https://chequeado.com/ultimas-noticias/mauricio-macri-sobre-la-homosexualidad-en-qatar-viven-con-absoluta-tranquilidad-nadie-tiene-ningun-problema-ni-conflicto/
maxima-zorreguieta-solo-el-50-de-los-argentinos-tiene-acceso-a-una-cuenta-bancaria,Sólo el 50% de los argentinos tiene acceso a una cuenta bancaria,verdadero,entrenamiento,Verdadero,https://chequeado.com/ultimas-noticias/maxima-zorreguieta-solo-el-50-de-los-argentinos-tiene-acceso-a-una-cuenta-bancaria/
maximo-kirchner-de-los-3-paises-que-mas-litio-tienen-uno-solo-tiene-industria-automotriz-y-es-la-argentina,"De los 3 países que más litio tienen, uno sólo tiene industria automotriz y es la Argentina",verdadero,entrenamiento,Verdadero,https://chequeado.com/ultimas-noticias/maximo-kirchner-de-los-3-paises-que-mas-litio-tienen-uno-solo-tiene-industria-automotriz-y-es-la-argentina/
maximo-kirchner-el-proceso-mas-largo-de-superavit-fiscal-lo-tienen-nestor-y-cristina,El proceso más largo de superávit fiscal lo tienen Néstor y Cristina,verdadero,validacion,"Verdadero, pero…",https://chequeado.com/ultimas-noticias/maximo-kirchner-el-proceso-mas-largo-de-superavit-fiscal-lo-tienen-nestor-y-cristina/
maximo-kirchner-sobre-los-dolares-que-ingresaron-del-fmi-en-un-mes-y-medio-ya-quemaron-la-mitad-en-fuga-de-capitales-us-7-mil-millones,En un mes y medio ya quemaron la mitad en fuga de capitales: US$ 7 mil millones,falso,entrenamiento,Engañoso,https://chequeado.com/ultimas-noticias/maximo-kirchner-sobre-los-dolares-que-ingresaron-del-fmi-en-un-mes-y-medio-ya-quemaron-la-mitad-en-fuga-de-capitales-us-7-mil-millones/
mayans-sobre-el-aborto-es-la-causal-de-muerte-numero-74,Es la causal de muerte número 74,falso,validacion,Falso,https://chequeado.com/ultimas-noticias/mayans-sobre-el-aborto-es-la-causal-de-muerte-numero-74/
mayoral-de-79-mil-empleos-mineros-en-2003-pasamos-a-casi-medio-millon-en-la-actualidad,"De 79 mil empleos (mineros) en 2003, pasamos a casi medio millón en la actualidad",falso,entrenamiento,Falso,https://chequeado.com/ultimas-noticias/mayoral-de-79-mil-empleos-mineros-en-2003-pasamos-a-casi-medio-millon-en-la-actualidad/
melconian-desde-2007-no-se-crea-empleo-privado-en-la-argentina,Desde 2007 no se crea empleo privado en la Argentina,falso,entrenamiento,Falso,https://chequeado.com/ultimas-noticias/melconian-desde-2007-no-se-crea-empleo-privado-en-la-argentina/
mendez-la-argentina-es-el-segundo-pais-en-inflacion-mundial,La Argentina es el segundo país en inflación mundial,verdadero,entrenamiento,Verdadero,https://chequeado.com/ultimas-noticias/mendez-la-argentina-es-el-segundo-pais-en-inflacion-mundial/
meoni-los-filtros-de-un-avion-generan-un-aire-puro-permanente-un-ambiente-absolutamente-aseptico-que-simula-la-situacion-de-un-quirofano,"Los filtros de un avión generan un aire puro permanente, un ambiente absolutamente aséptico que simula la situación de un quirófano",verdadero,entrenamiento,Verdadero,https://chequeado.com/ultimas-noticias/meoni-los-filtros-de-un-avion-generan-un-aire-puro-permanente-un-ambiente-absolutamente-aseptico-que-simula-la-situacion-de-un-quirofano/
meoni-por-cada-boleto-de-18-el-estado-pone-el-doble-o-el-triple-de-esto-segun-la-zona-en-subsidios,"Por cada boleto de $18, el Estado pone el doble o el triple de esto, según la zona, en subsidios",verdadero,entrenamiento,Verdadero,https://chequeado.com/ultimas-noticias/meoni-por-cada-boleto-de-18-el-estado-pone-el-doble-o-el-triple-de-esto-segun-la-zona-en-subsidios/
meoni-sobre-el-precio-del-colectivo-en-amba-tenes-70-de-subsidio-y-20-que-paga-la-gente,Tenés $ 70 de subsidio y $ 20 que paga la gente,verdadero,entrenamiento,Verdadero,https://chequeado.com/ultimas-noticias/meoni-sobre-el-precio-del-colectivo-en-amba-tenes-70-de-subsidio-y-20-que-paga-la-gente/
meritello-en-un-ano-y-4-meses-no-hemos-tenido-una-sola-denuncia-de-corrupcion,En un año y 4 meses no hemos tenido una sola denuncia de corrupción,falso,entrenamiento,Falso,https://chequeado.com/ultimas-noticias/meritello-en-un-ano-y-4-meses-no-hemos-tenido-una-sola-denuncia-de-corrupcion/
micheli-cada-vez-hay-mas-trabajadores-en-negro-en-nuestro-pais,Cada vez hay más trabajadores en negro en nuestro país,falso,entrenamiento,Engañoso,https://chequeado.com/ultimas-noticias/micheli-cada-vez-hay-mas-trabajadores-en-negro-en-nuestro-pais/
michetti-a-nivel-de-inversiones-no-se-hicieron-nunca-en-la-historia-de-la-ciudad-inversiones-en-infraestructura-escolar-como-en-nuestra-gestion,No se hicieron nunca en la historia de la Ciudad inversiones en infraestructura escolar como en nuestra gestión,falso,entrenamiento,Engañoso,https://chequeado.com/ultimas-noticias/michetti-a-nivel-de-inversiones-no-se-hicieron-nunca-en-la-historia-de-la-ciudad-inversiones-en-infraestructura-escolar-como-en-nuestra-gestion/
michetti-fuerzas,El beneficio de la duda siempre lo debe tener la fuerza de seguridad,falso,entrenamiento,Engañoso,https://chequeado.com/ultimas-noticias/michetti-fuerzas/
michetti-hace-cinco-anos-que-el-pais-no-crece,Hace cinco años que el país no crece,verdadero,entrenamiento,"Verdadero, pero…",https://chequeado.com/ultimas-noticias/michetti-hace-cinco-anos-que-el-pais-no-crece/
michetti-hemos-logrado-hacer-31-escuelas-nuevas-en-la-ciudad-de-buenos-aires,Hemos logrado hacer 31 escuelas nuevas en la Ciudad de Buenos Aires,falso,entrenamiento,Engañoso,https://chequeado.com/ultimas-noticias/michetti-hemos-logrado-hacer-31-escuelas-nuevas-en-la-ciudad-de-buenos-aires/
michetti-la-argentina-y-uruguay-somos-los-unicos-paises-que-tenemos-tan-poquitos-jueces-en-la-corte,La Argentina y Uruguay somos los únicos países que tenemos tan poquitos jueces en la Corte,verdadero,entrenamiento,Verdadero,https://chequeado.com/ultimas-noticias/michetti-la-argentina-y-uruguay-somos-los-unicos-paises-que-tenemos-tan-poquitos-jueces-en-la-corte/
michetti-la-ciudad-tiene-la-misma-dotacion-de-empleados-que-cuando-macri-asumio-en-2007,La Ciudad tiene la misma dotación de empleados [que cuando Macri asumió en 2007],falso,entrenamiento,Falso,https://chequeado.com/ultimas-noticias/michetti-la-ciudad-tiene-la-misma-dotacion-de-empleados-que-cuando-macri-asumio-en-2007/
michetti-la-ultima-sequia-fue-la-peor-que-tuvimos-en-50-anos,La última sequía fue la peor que tuvimos en 50 años,verdadero,entrenamiento,Verdadero,https://chequeado.com/ultimas-noticias/michetti-la-ultima-sequia-fue-la-peor-que-tuvimos-en-50-anos/
michetti-logramos-en-seis-anos-que-el-3-de-inversion-en-infraestructura-pasara-a-ser-el-23,Logramos en seis años que el 3% de inversión en Infraestructura pasara a ser el 23%,falso,entrenamiento,Falso,https://chequeado.com/ultimas-noticias/michetti-logramos-en-seis-anos-que-el-3-de-inversion-en-infraestructura-pasara-a-ser-el-23/
michetti-nosotros-trabajamos-por-un-pais-donde-los-chicos-de-15-anos-comprendan-lo-que-leen-y-no-solo-la-mitad-de-ellos-como-pasa-hoy,"Nosotros trabajamos por un país donde los chicos de 15 años comprendan lo que leen, y no sólo la mitad de ellos como pasa hoy",verdadero,entrenamiento,"Verdadero, pero…",https://chequeado.com/ultimas-noticias/michetti-nosotros-trabajamos-por-un-pais-donde-los-chicos-de-15-anos-comprendan-lo-que-leen-y-no-solo-la-mitad-de-ellos-como-pasa-hoy/
michetti-teniamos-dos-mil-empleados-en-el-senado-y-en-un-ano-en-2015-se-le-sumaron-dos-mil-mas,"Teníamos dos mil empleados [en el Senado] y en un año, en 2015, se le sumaron dos mil más",verdadero,entrenamiento,Verdadero,https://chequeado.com/ultimas-noticias/michetti-teniamos-dos-mil-empleados-en-el-senado-y-en-un-ano-en-2015-se-le-sumaron-dos-mil-mas/
miguel-galuccio-en-dos-anos-hemos-fabricado-el-yacimiento-que-produce-mas-petroleo-no-convencional-en-el-mundo-fuera-de-eeuu,En dos años hemos fabricado el yacimiento que produce más petróleo no convencional en el mundo fuera de EEUU,verdadero,validacion,"Verdadero, pero…",https://chequeado.com/ultimas-noticias/miguel-galuccio-en-dos-anos-hemos-fabricado-el-yacimiento-que-produce-mas-petroleo-no-convencional-en-el-mundo-fuera-de-eeuu/
miguel-pichetto-le-dieron-a-los-jovenes-vacunas-que-les-pueden-reconfigurar-el-adn,Le dieron a los jóvenes vacunas que les pueden reconfigurar el ADN,falso,entrenamiento,Falso,https://chequeado.com/ultimas-noticias/miguel-pichetto-le-dieron-a-los-jovenes-vacunas-que-les-pueden-reconfigurar-el-adn/
milani-tomando-todo-el-presupuesto-en-su-conjunto-lo-que-va-destinado-a-inteligencia-es-apenas-el-17,"Tomando todo el presupuesto en su conjunto, lo que va destinado a Inteligencia es apenas el 1,7%",falso,entrenamiento,Engañoso,https://chequeado.com/ultimas-noticias/milani-tomando-todo-el-presupuesto-en-su-conjunto-lo-que-va-destinado-a-inteligencia-es-apenas-el-17/
milei-7-de-cada-10-chicos-en-la-provincia-de-buenos-aires-estan-debajo-de-la-linea-de-la-pobreza,7 de cada 10 chicos en la Provincia de Buenos Aires están debajo de la línea de la pobreza,verdadero,entrenamiento,Verdadero,https://chequeado.com/ultimas-noticias/milei-7-de-cada-10-chicos-en-la-provincia-de-buenos-aires-estan-debajo-de-la-linea-de-la-pobreza/
milei-argentina-esta-entre-los-10-paises-con-mayor-cantidad-de-muertos-por-millon-de-habitantes,La Argentina está entre los 10 países con mayor cantidad de muertos por millón de habitantes,verdadero,entrenamiento,Verdadero,https://chequeado.com/ultimas-noticias/milei-argentina-esta-entre-los-10-paises-con-mayor-cantidad-de-muertos-por-millon-de-habitantes/
milei-el-calentamiento-global-es-una-mentira,El calentamiento global es una mentira,falso,entrenamiento,Falso,https://chequeado.com/ultimas-noticias/milei-el-calentamiento-global-es-una-mentira/
milei-sobre-el-cambio-climatico-si-uno-mirara-lo-que-son-los-estudios-de-10-mil-anos-atras-hasta-hoy-5-mil-anos-atras-la-temperatura-del-planeta-esta-en-el-nivel-minimo,"Si uno mirara lo que son los estudios de 10 mil años atrás hasta hoy, 5 mil años atrás, la temperatura del planeta está en el nivel mínimo",falso,entrenamiento,Falso,https://chequeado.com/ultimas-noticias/milei-sobre-el-cambio-climatico-si-uno-mirara-lo-que-son-los-estudios-de-10-mil-anos-atras-hasta-hoy-5-mil-anos-atras-la-temperatura-del-planeta-esta-en-el-nivel-minimo/
milei-todas-las-empresas-del-estado-tienen-un-deficit-del-07-del-pbi,"Todas las empresas (del Estado) tienen un déficit del 0,7% del PBI",verdadero,entrenamiento,Verdadero,https://chequeado.com/ultimas-noticias/milei-todas-las-empresas-del-estado-tienen-un-deficit-del-07-del-pbi/
ministerio-de-capital-humano-el-salario-medio-real-del-empleo-registrado-privado-formal-crecio-mas-del-10-desde-diciembre-de-2023,El salario medio real del empleo registrado privado formal creció más del 10% desde diciembre de 2023,falso,entrenamiento,Engañoso,https://chequeado.com/ultimas-noticias/ministerio-de-capital-humano-el-salario-medio-real-del-empleo-registrado-privado-formal-crecio-mas-del-10-desde-diciembre-de-2023/
ministerio-de-capital-humano-se-registro-un-crecimiento-real-del-192-en-los-ingresos-de-los-trabajadores-desde-diciembre-de-2023,"Se registró un crecimiento real del 19,2% en los ingresos de los trabajadores desde diciembre de 2023",falso,entrenamiento,Engañoso,https://chequeado.com/ultimas-noticias/ministerio-de-capital-humano-se-registro-un-crecimiento-real-del-192-en-los-ingresos-de-los-trabajadores-desde-diciembre-de-2023/
minuto-uno-tiene-15-anos-fue-violada-por-su-hermano-e-ira-presa-por-abortar,"Tiene 15 años, fue violada por su hermano e irá presa por abortar",verdadero,entrenamiento,Verdadero,https://chequeado.com/verificacionfb/minuto-uno-tiene-15-anos-fue-violada-por-su-hermano-e-ira-presa-por-abortar/
monzo-este-ano-el-gobierno-nacional-lleva-mas-de-100-leyes-aprobadas-en-minoria,Este año [el Gobierno nacional] lleva más de 100 leyes aprobadas en minoría,verdadero,entrenamiento,Verdadero,https://chequeado.com/ultimas-noticias/monzo-este-ano-el-gobierno-nacional-lleva-mas-de-100-leyes-aprobadas-en-minoria/
morales-el-proyecto-de-ampliacion-de-la-corte-provincial-lo-voto-todo-el-bloque-del-frente-para-la-victoria,[El proyecto de ampliación de la Corte provincial] lo votó todo el bloque del Frente para la Victoria,falso,validacion,Falso,https://chequeado.com/ultimas-noticias/morales-el-proyecto-de-ampliacion-de-la-corte-provincial-lo-voto-todo-el-bloque-del-frente-para-la-victoria/
morales-en-el-area-metropolitana-de-buenos-aires-el-20-de-los-contagiados-es-personal-de-salud,En el AMBA el 20% de los contagiados es personal de salud,falso,entrenamiento,Falso,https://chequeado.com/ultimas-noticias/morales-en-el-area-metropolitana-de-buenos-aires-el-20-de-los-contagiados-es-personal-de-salud/
morales-sola-gils-carbo-le-encontro-la-razon-a-los-aumentos-que-habia-dado-cristina-kirchner,Gils Carbó le encontró la razón a los aumentos que había dado Cristina Kirchner,falso,entrenamiento,Falso,https://chequeado.com/ultimas-noticias/morales-sola-gils-carbo-le-encontro-la-razon-a-los-aumentos-que-habia-dado-cristina-kirchner/
moreno-nosotros-dejamos-24-millones-de-argentinos-en-la-pobreza,"Nosotros dejamos 2,4 millones de argentinos en la pobreza",falso,entrenamiento,Falso,https://chequeado.com/ultimas-noticias/moreno-nosotros-dejamos-24-millones-de-argentinos-en-la-pobreza/
moreno-tres-de-cada-diez-productos-se-venden-en-los-supermercados,Tres de cada diez productos se venden en los supermercados,falso,validacion,Falso,https://chequeado.com/ultimas-noticias/moreno-tres-de-cada-diez-productos-se-venden-en-los-supermercados/
moroni-durante-el-ano-de-pandemia-la-argentina-perdio-menos-empleo-que-en-los-4-anos-del-gobierno-anterior,"Durante el año de pandemia, la Argentina perdió menos empleo que en los 4 años del gobierno anterior",falso,entrenamiento,Falso,https://chequeado.com/ultimas-noticias/moroni-durante-el-ano-de-pandemia-la-argentina-perdio-menos-empleo-que-en-los-4-anos-del-gobierno-anterior/
moroni-en-estados-unidos-por-ejemplo-el-empleo-se-contrajo-un-14-en-australia-casi-un-5-nosotros-estamos-en-2-6-o-2-7-es-decir-una-caida-muy-baja,"En Estados Unidos, por ejemplo, [el empleo] se contrajo un 14%; en Australia casi un 5, nosotros estamos en 2.6 o 2.7. Es decir, una caída muy baja",falso,entrenamiento,Engañoso,https://chequeado.com/ultimas-noticias/moroni-en-estados-unidos-por-ejemplo-el-empleo-se-contrajo-un-14-en-australia-casi-un-5-nosotros-estamos-en-2-6-o-2-7-es-decir-una-caida-muy-baja/
moyano-el-promedio-de-salario-de-los-trabajadores-es-de-6-000-6-500,"El promedio de salario de los trabajadores es de $6.000, $6.500",verdadero,entrenamiento,Verdadero,https://chequeado.com/ultimas-noticias/moyano-el-promedio-de-salario-de-los-trabajadores-es-de-6-000-6-500/
moyano-hoy-pagan-mas-trabajadores-de-los-que-pagaban-con-el-gobierno-anterior,Hoy pagan [Ganancias] más trabajadores de los que pagaban con el gobierno anterior,verdadero,entrenamiento,Verdadero,https://chequeado.com/ultimas-noticias/moyano-hoy-pagan-mas-trabajadores-de-los-que-pagaban-con-el-gobierno-anterior/
moyano-no-estoy-implicado-en-ningun-tema-de-corrupcion,No estoy implicado en ningún tema de corrupción,falso,entrenamiento,Falso,https://chequeado.com/ultimas-noticias/moyano-no-estoy-implicado-en-ningun-tema-de-corrupcion/
moyano-qen-este-gobierno-se-duplico-la-pobreza-y-la-falta-de-trabajoq,En este gobierno se duplicó la pobreza y la falta de trabajo,falso,validacion,Falso,https://chequeado.com/ultimas-noticias/moyano-qen-este-gobierno-se-duplico-la-pobreza-y-la-falta-de-trabajoq/
moyano-qhay-40-de-trabajo-precario,No es posible que haya el  40% de trabajo precario,verdadero,entrenamiento,Verdadero,https://chequeado.com/ultimas-noticias/moyano-qhay-40-de-trabajo-precario/
moyano-sobre-la-gestion-de-cambiemos-los-trabajadores-han-perdido-poder-adquisitivo-del-salario,Los trabajadores han perdido poder adquisitivo del salario,verdadero,entrenamiento,Verdadero,https://chequeado.com/ultimas-noticias/moyano-sobre-la-gestion-de-cambiemos-los-trabajadores-han-perdido-poder-adquisitivo-del-salario/
myriam-bregman-hay-casi-un-femicidio-por-dia-en-nuestro-pais,(Hay) casi un femicidio por día en nuestro país,verdadero,entrenamiento,Verdadero,https://chequeado.com/ultimas-noticias/myriam-bregman-hay-casi-un-femicidio-por-dia-en-nuestro-pais/
nancy-gonzalez-en-nuestro-pais-muere-una-mujer-cada-30-horas-por-femicidios,En nuestro país muere una mujer cada 30 horas por femicidios,verdadero,entrenamiento,Verdadero,https://chequeado.com/ultimas-noticias/nancy-gonzalez-en-nuestro-pais-muere-una-mujer-cada-30-horas-por-femicidios/
nancy-gonzalez-es-mucho-mas-economico-para-el-estado-aprobar-este-proyecto-hoy-a-que-sigan-habiendo-abortos-clandestinos,"Es mucho más económico para el Estado aprobar este proyecto hoy, a que sigan habiendo abortos clandestinos",verdadero,entrenamiento,Verdadero,https://chequeado.com/ultimas-noticias/nancy-gonzalez-es-mucho-mas-economico-para-el-estado-aprobar-este-proyecto-hoy-a-que-sigan-habiendo-abortos-clandestinos/
narcotrafico-segun-javkin-la-infraestructura-de-control-en-los-puertos-de-rosario-es-absolutamente-deficiente,La infraestructura de control [en los puertos de Rosario] es absolutamente deficiente,verdadero,entrenamiento,Verdadero,https://chequeado.com/ultimas-noticias/narcotrafico-segun-javkin-la-infraestructura-de-control-en-los-puertos-de-rosario-es-absolutamente-deficiente/
nelson-castro-hoy-hay-cinco-millones-de-personas-con-planes,Hoy hay cinco millones de personas con planes,verdadero,entrenamiento,"Verdadero, pero…",https://chequeado.com/ultimas-noticias/nelson-castro-hoy-hay-cinco-millones-de-personas-con-planes/
nicola-la-argentina-tiene-recursos-de-gas-no-convencional-que-la-ubica-segunda-en-el-ranking-mundial-despues-de-china,La Argentina tiene recursos de gas no convencional que la ubica segunda en el ranking mundial después de China,verdadero,entrenamiento,Verdadero,https://chequeado.com/ultimas-noticias/nicola-la-argentina-tiene-recursos-de-gas-no-convencional-que-la-ubica-segunda-en-el-ranking-mundial-despues-de-china/
nicolas-del-cano-sobre-la-gestion-de-cambiemos-se-fugaron-casi-un-pbi-falso,Se fugaron casi un PBI,falso,entrenamiento,Falso,https://chequeado.com/ultimas-noticias/nicolas-del-cano-sobre-la-gestion-de-cambiemos-se-fugaron-casi-un-pbi-falso/
nicolas-posse-ante-el-senado-aerolineas-argentinas-en-los-ultimos-15-anos-ha-tenido-7-mil-millones-de-dolares-de-deficit,"Aerolíneas Argentinas, en los últimos 15 años, ha tenido 7 mil millones de dólares de déficit",verdadero,entrenamiento,Verdadero,https://chequeado.com/ultimas-noticias/nicolas-posse-ante-el-senado-aerolineas-argentinas-en-los-ultimos-15-anos-ha-tenido-7-mil-millones-de-dolares-de-deficit/
nicolas-posse-ante-el-senado-la-mitad-del-presupuesto-nacional-hoy-esta-destinado-a-atender-a-los-sectores-mas-vulnerables-y-a-hacerse-cargo-de-todo-el-sistema-previsional,La mitad del presupuesto nacional hoy está destinado a atender a los sectores más vulnerables y a hacerse cargo de todo el sistema previsional,falso,entrenamiento,Engañoso,https://chequeado.com/ultimas-noticias/nicolas-posse-ante-el-senado-la-mitad-del-presupuesto-nacional-hoy-esta-destinado-a-atender-a-los-sectores-mas-vulnerables-y-a-hacerse-cargo-de-todo-el-sistema-previsional/
niembro-aqui-500-mil-chicos-al-ano-dejan-de-estudiar,Aquí 500 mil chicos al año dejan de estudiar,verdadero,entrenamiento,Verdadero,https://chequeado.com/ultimas-noticias/niembro-aqui-500-mil-chicos-al-ano-dejan-de-estudiar/
niembro-no-hubo-una-sola-contratacion-directa,No hubo una sola contratación directa,falso,entrenamiento,Falso,https://chequeado.com/ultimas-noticias/niembro-no-hubo-una-sola-contratacion-directa/
nilda-garre-si-vamos-al-homicidio-la-argentina-segun-datos-de-naciones-unidas-esta-muy-por-debajo-de-otros-paises-latinoamericanosq,"Si vamos al (…) homicidio, la Argentina, según datos de Naciones Unidas, está muy por debajo de otros países latinoamericanos",verdadero,entrenamiento,"Verdadero, pero…",https://chequeado.com/ultimas-noticias/nilda-garre-si-vamos-al-homicidio-la-argentina-segun-datos-de-naciones-unidas-esta-muy-por-debajo-de-otros-paises-latinoamericanosq/
obama-hemos-triplicado-la-energia-eolica-en-los-estados-unidos,Hemos triplicado la energía eólica en los Estados Unidos,verdadero,entrenamiento,Verdadero,https://chequeado.com/ultimas-noticias/obama-hemos-triplicado-la-energia-eolica-en-los-estados-unidos/
ocana-a-esta-altura-iba-a-haber-20-millones-de-vacunas-en-la-argentina-y-no-llegan-a-2-millones-de-vacunas-menos-del-10,"A esta altura iba a haber 20 millones de vacunas en la Argentina y no llegan a 2 millones de vacunas, menos del 10%",verdadero,entrenamiento,Verdadero,https://chequeado.com/ultimas-noticias/ocana-a-esta-altura-iba-a-haber-20-millones-de-vacunas-en-la-argentina-y-no-llegan-a-2-millones-de-vacunas-menos-del-10/
ocana-el-estado-gasto-7-mil-millones-en-futbol-para-todos,El Estado gastó $7 mil millones en Fútbol Para Todos,verdadero,entrenamiento,Verdadero,https://chequeado.com/ultimas-noticias/ocana-el-estado-gasto-7-mil-millones-en-futbol-para-todos/
odarda-en-el-presupuesto-se-preve-un-recorte-de-20-para-el-incucai-siempre-en-terminos-reales,"En el presupuesto se prevé un recorte de 20% para el Incucai, siempre en términos reales",verdadero,entrenamiento,Verdadero,https://chequeado.com/ultimas-noticias/odarda-en-el-presupuesto-se-preve-un-recorte-de-20-para-el-incucai-siempre-en-terminos-reales/
odarda-se-preve-un-recorte-de-70-en-infraestructura-escolar-y-un-70-para-jardines-de-infantes,Se prevé un recorte de 70% en infraestructura escolar y un 70% para jardines de infantes,verdadero,validacion,Verdadero,https://chequeado.com/ultimas-noticias/odarda-se-preve-un-recorte-de-70-en-infraestructura-escolar-y-un-70-para-jardines-de-infantes/
ofelia-fernandez-hay-que-ver-lo-que-hicieron-otras-ciudades-berlin-aprobo-la-expropiacion-de-240-mil-viviendas,Hay que ver lo que hicieron otras ciudades. Berlín aprobó la expropiación de 240 mil viviendas,falso,entrenamiento,Engañoso,https://chequeado.com/ultimas-noticias/ofelia-fernandez-hay-que-ver-lo-que-hicieron-otras-ciudades-berlin-aprobo-la-expropiacion-de-240-mil-viviendas/
omar-perotti-santa-fe-tiene-el-doble-de-tasa-de-homicidios-que-otras-provincias,Santa Fe tiene el doble de tasa de homicidios que otras provincias,verdadero,entrenamiento,Verdadero,https://chequeado.com/ultimas-noticias/omar-perotti-santa-fe-tiene-el-doble-de-tasa-de-homicidios-que-otras-provincias/
orfila-la-herencia-que-hemos-recibido-es-critica-el-57-de-las-vias-esta-en-estado-malo-o-muy-malo,La herencia que hemos recibido es crítica. El 57% de las vías está en estado malo o muy malo,verdadero,validacion,"Verdadero, pero…",https://chequeado.com/ultimas-noticias/orfila-la-herencia-que-hemos-recibido-es-critica-el-57-de-las-vias-esta-en-estado-malo-o-muy-malo/
paenza-con-el-lanzamiento-de-arsat-1-la-argentina-va-a-formar-parte-de-un-grupo-muy-selecto,[Con el lanzamiento de ArSat 1] la Argentina va a formar parte de un grupo muy selecto,verdadero,entrenamiento,Verdadero,https://chequeado.com/ultimas-noticias/paenza-con-el-lanzamiento-de-arsat-1-la-argentina-va-a-formar-parte-de-un-grupo-muy-selecto/
pagina-12-hay-una-subrepresentacion-del-gran-buenos-aires-en-la-camara-de-diputados-de-la-nacion,[Hay una] subrepresentación del Gran Buenos Aires en la Cámara de Diputados de la Nación,verdadero,validacion,Verdadero,https://chequeado.com/ultimas-noticias/pagina-12-hay-una-subrepresentacion-del-gran-buenos-aires-en-la-camara-de-diputados-de-la-nacion/
pagina-12-la-industria-perdio-mas-de-100-mil-empleos,La industria perdió más de 100 mil empleos,verdadero,entrenamiento,Verdadero,https://chequeado.com/ultimas-noticias/pagina-12-la-industria-perdio-mas-de-100-mil-empleos/
pagina-12-sobre-el-rescate-en-catamarca-el-gobierno-implemento-un-salvataje-de-primera-y-uno-de-segunda,El Gobierno implementó un salvataje de primera y uno de segunda,falso,entrenamiento,Falso,https://chequeado.com/ultimas-noticias/pagina-12-sobre-el-rescate-en-catamarca-el-gobierno-implemento-un-salvataje-de-primera-y-uno-de-segunda/
pagina12-sobre-la-ley-de-trombofilia-otra-ley-que-no-paso-el-veto,Otra ley que no pasó el veto,verdadero,entrenamiento,Verdadero,https://chequeado.com/verificacionfb/pagina12-sobre-la-ley-de-trombofilia-otra-ley-que-no-paso-el-veto/
pagni-casacion-establecio-que-cualquier-delito-ligado-a-la-investigacion-del-atentado-contra-la-amia-es-crimen-de-lesa-humanidad,Casación estableció que cualquier delito ligado a la investigación del atentado contra la AMIA es crimen de lesa humanidad,falso,entrenamiento,Falso,https://chequeado.com/ultimas-noticias/pagni-casacion-establecio-que-cualquier-delito-ligado-a-la-investigacion-del-atentado-contra-la-amia-es-crimen-de-lesa-humanidad/
palazzo-hay-mas-de-290-mil-puestos-de-trabajo-perdidos-en-la-gestion-de-macri,Hay más de 290 mil puestos de trabajo perdidos en la gestión de Macri,falso,entrenamiento,Falso,https://chequeado.com/ultimas-noticias/palazzo-hay-mas-de-290-mil-puestos-de-trabajo-perdidos-en-la-gestion-de-macri/
papa-francisco-la-argentina-hace-30-anos-era-un-pais-de-transito-de-drogas-despues-de-consumo-y-hasta-algo-de-produccion,"[La Argentina] hace 30 años era un país de tránsito [de drogas]; después, de consumo, y hasta algo de producción",verdadero,entrenamiento,Verdadero,https://chequeado.com/ultimas-noticias/papa-francisco-la-argentina-hace-30-anos-era-un-pais-de-transito-de-drogas-despues-de-consumo-y-hasta-algo-de-produccion/
parrilli-mas-del-70-de-la-deuda-que-hoy-tiene-la-argentina-fue-tomada-durante-la-gestion-de-macri,Más del 70% de la deuda que hoy tiene la Argentina fue tomada durante la gestión de Macri,falso,entrenamiento,Falso,https://chequeado.com/ultimas-noticias/parrilli-mas-del-70-de-la-deuda-que-hoy-tiene-la-argentina-fue-tomada-durante-la-gestion-de-macri/
parrilli-pueden-mentir-sin-peligro-de-ser-querellados-penalmente-ya-que-fue-la-actual-presidenta-la-que-promovio-la-derogacion-del-delito-de-calumnias-e-injurias,Fue la actual Presidenta la que promovió la derogación del delito de calumnias e injurias,falso,entrenamiento,Falso,https://chequeado.com/ultimas-noticias/parrilli-pueden-mentir-sin-peligro-de-ser-querellados-penalmente-ya-que-fue-la-actual-presidenta-la-que-promovio-la-derogacion-del-delito-de-calumnias-e-injurias/
partido-socialista-las-campanas-fueron-iniciadas-fuera-del-tiempo-legal,[Las campañas fueron] iniciadas fuera del tiempo legal,verdadero,validacion,Verdadero,https://chequeado.com/ultimas-noticias/partido-socialista-las-campanas-fueron-iniciadas-fuera-del-tiempo-legal/
patricia-bullrich-a-sergio-massa-en-el-segundo-debate-presidencial-2023-el-salario-de-la-gente-cayo-un-30,El salario de la gente cayó un 30%,falso,entrenamiento,Falso,https://chequeado.com/ultimas-noticias/patricia-bullrich-a-sergio-massa-en-el-segundo-debate-presidencial-2023-el-salario-de-la-gente-cayo-un-30/
patricia-bullrich-a-sergio-massa-en-el-segundo-debate-presidencial-2023-estas-con-el-gobierno-que-aumento-los-homicidios-el-70-en-rosario,Estás con el gobierno que aumentó los homicidios el 70% en Rosario,verdadero,entrenamiento,Verdadero,https://chequeado.com/ultimas-noticias/patricia-bullrich-a-sergio-massa-en-el-segundo-debate-presidencial-2023-estas-con-el-gobierno-que-aumento-los-homicidios-el-70-en-rosario/
patricia-bullrich-el-unico-pais-del-mundo-donde-hay-paros-generales-es-la-argentina-ni-en-europa-hay,"El único país del mundo donde hay paros generales es la Argentina, ni en Europa hay",falso,entrenamiento,Falso,https://chequeado.com/ultimas-noticias/patricia-bullrich-el-unico-pais-del-mundo-donde-hay-paros-generales-es-la-argentina-ni-en-europa-hay/
patricia-bullrich-en-el-debate-presidencial-2023-hay-muy-pocos-paises-que-no-tienen-banco-central,Hay muy pocos países que no tienen banco central,verdadero,validacion,Verdadero,https://chequeado.com/ultimas-noticias/patricia-bullrich-en-el-debate-presidencial-2023-hay-muy-pocos-paises-que-no-tienen-banco-central/
patricia-bullrich-en-el-debate-presidencial-2023-hemos-logrado-ser-el-partido-con-mas-gobernadores-de-la-argentina-en-40-anos-de-democracia,Hemos logrado ser el partido con más gobernadores de la Argentina en 40 años de democracia,falso,entrenamiento,Falso,https://chequeado.com/ultimas-noticias/patricia-bullrich-en-el-debate-presidencial-2023-hemos-logrado-ser-el-partido-con-mas-gobernadores-de-la-argentina-en-40-anos-de-democracia/
patricia-bullrich-en-el-segundo-debate-presidencial-2023-javier-milei-mira-tu-plataforma-articulo-17-desregulacion-del-mercado-de-armas,"Javier Milei, mirá tu plataforma. Artículo 17. Desregulación (del mercado) de armas",verdadero,entrenamiento,Verdadero,https://chequeado.com/ultimas-noticias/patricia-bullrich-en-el-segundo-debate-presidencial-2023-javier-milei-mira-tu-plataforma-articulo-17-desregulacion-del-mercado-de-armas/
patricia-bullrich-hoy-son-mas-los-cuentapropistas-en-la-argentina-que-los-trabajadores-que-trabajan-en-relacion-dependencia,Hoy son más los cuentapropistas en la Argentina que los trabajadores que trabajan en relación dependencia,falso,validacion,Falso,https://chequeado.com/ultimas-noticias/patricia-bullrich-hoy-son-mas-los-cuentapropistas-en-la-argentina-que-los-trabajadores-que-trabajan-en-relacion-dependencia/
patricia-bullrich-la-argentina-es-el-pais-mas-seguro-de-america-del-sur,La Argentina es el país más seguro de América del Sur,verdadero,entrenamiento,Verdadero,https://chequeado.com/ultimas-noticias/patricia-bullrich-la-argentina-es-el-pais-mas-seguro-de-america-del-sur/
patricia-bullrich-la-argentina-es-el-pais-que-tiene-mas-presos-extranjeros-de-la-region,La Argentina es el país que tiene más presos extranjeros de la región,falso,entrenamiento,Engañoso,https://chequeado.com/ultimas-noticias/patricia-bullrich-la-argentina-es-el-pais-que-tiene-mas-presos-extranjeros-de-la-region/
patricia-bullrich-reuters-tiene-200-trabajadores-en-el-mundo-entero-telam-tiene-mas-de-1000,"Reuters tiene 200 trabajadores en el mundo entero, Télam tiene más de 1000",falso,entrenamiento,Falso,https://chequeado.com/ultimas-noticias/patricia-bullrich-reuters-tiene-200-trabajadores-en-el-mundo-entero-telam-tiene-mas-de-1000/
patricia-bullrich-sobre-las-universidades-tenemos-casi-la-mitad-de-la-matricula-de-alumnos-extranjeros,Tenemos casi la mitad de la matrícula de alumnos extranjeros,falso,entrenamiento,Falso,https://chequeado.com/ultimas-noticias/patricia-bullrich-sobre-las-universidades-tenemos-casi-la-mitad-de-la-matricula-de-alumnos-extranjeros/
patricia-bullrich-sobre-su-gestion-como-ministra-de-seguridad-de-la-nacion-bajamos-un-30-los-homicidios-en-rosario,Bajamos un 30% los homicidios en Rosario,verdadero,entrenamiento,Verdadero,https://chequeado.com/ultimas-noticias/patricia-bullrich-sobre-su-gestion-como-ministra-de-seguridad-de-la-nacion-bajamos-un-30-los-homicidios-en-rosario/
patricia-gimenez-la-desnutricion-infantil-a-nivel-mundial-causa-la-mitad-de-las-muertes-en-ninos-menores-de-cinco-anos,La desnutrición infantil a nivel mundial causa la mitad de las muertes en niños menores de cinco años,verdadero,entrenamiento,Verdadero,https://chequeado.com/ultimas-noticias/patricia-gimenez-la-desnutricion-infantil-a-nivel-mundial-causa-la-mitad-de-las-muertes-en-ninos-menores-de-cinco-anos/
pena-aproximadamente-el-60-de-la-argentina-tiene-gas-de-red-y-un-40-tiene-garrafa,"Aproximadamente, el 60% de la Argentina tiene gas de red y un 40% tiene garrafa",verdadero,entrenamiento,Verdadero,https://chequeado.com/ultimas-noticias/pena-aproximadamente-el-60-de-la-argentina-tiene-gas-de-red-y-un-40-tiene-garrafa/
pena-bajamos-impuestos-por-16-puntos-del-pbi-una-de-las-bajas-mas-importantes-que-se-haya-hecho,"Bajamos impuestos por 1,6 puntos del PBI, una de las bajas más importantes que se haya hecho",verdadero,entrenamiento,Verdadero,https://chequeado.com/ultimas-noticias/pena-bajamos-impuestos-por-16-puntos-del-pbi-una-de-las-bajas-mas-importantes-que-se-haya-hecho/
pena-el-nivel-de-locales-vacios-esta-en-un-punto-muy-bajo,El nivel de locales vacíos está en un punto muy bajo,verdadero,entrenamiento,Verdadero,https://chequeado.com/ultimas-noticias/pena-el-nivel-de-locales-vacios-esta-en-un-punto-muy-bajo/
pena-el-promedio-entre-2012-y-2016-implico-un-crecimiento-del-06-de-los-trabajadores-formales,"El promedio entre 2012 y 2016 implicó [sólo] un crecimiento del 0,6% de los trabajadores formales",verdadero,entrenamiento,Verdadero,https://chequeado.com/ultimas-noticias/pena-el-promedio-entre-2012-y-2016-implico-un-crecimiento-del-06-de-los-trabajadores-formales/
pena-en-la-ciudad-de-buenos-aires-la-litigiosidad-cayo-el-85-despues-del-cambio-en-la-ley-de-arts,En la Ciudad de Buenos Aires la litigiosidad cayó el 85% [después del cambio en la ley de ARTs],falso,validacion,Falso,https://chequeado.com/ultimas-noticias/pena-en-la-ciudad-de-buenos-aires-la-litigiosidad-cayo-el-85-despues-del-cambio-en-la-ley-de-arts/
pena-estamos-en-un-nivel-de-importaciones-inferior-al-de-2011-2012-y-2013,"Estamos en un nivel de importaciones inferior al de 2011, 2012 y 2013",falso,validacion,Engañoso,https://chequeado.com/ultimas-noticias/pena-estamos-en-un-nivel-de-importaciones-inferior-al-de-2011-2012-y-2013/
pena-estamos-en-uno-de-los-paises-mas-cerrados-del-planeta,Estamos en uno de los países más cerrados del planeta,verdadero,validacion,Verdadero,https://chequeado.com/ultimas-noticias/pena-estamos-en-uno-de-los-paises-mas-cerrados-del-planeta/
pena-hemos-logrado-que-nos-estemos-pudiendo-endeudar-en-pesos-a-la-tasa-mas-baja-de-la-historia-argentina,Hemos logrado (…) que nos estemos pudiendo endeudar [en pesos] a la tasa más baja de la historia argentina,verdadero,validacion,"Verdadero, pero…",https://chequeado.com/ultimas-noticias/pena-hemos-logrado-que-nos-estemos-pudiendo-endeudar-en-pesos-a-la-tasa-mas-baja-de-la-historia-argentina/
pena-la-argentina-salio-de-la-recesion,La Argentina salió de la recesión,verdadero,entrenamiento,Verdadero,https://chequeado.com/ultimas-noticias/pena-la-argentina-salio-de-la-recesion/
pena-la-inversion-privada-a-tan-solo-tres-meses-de-salir-del-default-suma-en-anuncios-mas-de-us-35-mil-millones,La inversión privada a tan solo tres meses de salir del default suma en anuncios más de US$ 35 mil millones,falso,entrenamiento,Engañoso,https://chequeado.com/ultimas-noticias/pena-la-inversion-privada-a-tan-solo-tres-meses-de-salir-del-default-suma-en-anuncios-mas-de-us-35-mil-millones/
pena-la-liquidacion-del-campo-fue-90-mas-alta-en-el-primer-trimestre-que-el-ano-anterior,La liquidación del campo fue 90% más alta en el primer trimestre que el año anterior,verdadero,entrenamiento,Verdadero,https://chequeado.com/ultimas-noticias/pena-la-liquidacion-del-campo-fue-90-mas-alta-en-el-primer-trimestre-que-el-ano-anterior/
pena-nuestro-compromiso-con-la-universidad-publica-se-refleja-en-el-presupuesto-que-hemos-duplicado-en-estos-tres-anos-de-gobierno,Nuestro compromiso con la universidad pública (…) se refleja en el presupuesto que hemos duplicado en estos tres años de gobierno,falso,entrenamiento,Falso,https://chequeado.com/ultimas-noticias/pena-nuestro-compromiso-con-la-universidad-publica-se-refleja-en-el-presupuesto-que-hemos-duplicado-en-estos-tres-anos-de-gobierno/
pena-tuvimos-un-ultimo-trimestre-muy-negativo-con-un-deficit-fiscal-en-torno-a-los-siete-puntos-del-pbi,"Tuvimos un último trimestre muy negativo, con un déficit fiscal en torno a los siete puntos [del PBI]",falso,validacion,Engañoso,https://chequeado.com/ultimas-noticias/pena-tuvimos-un-ultimo-trimestre-muy-negativo-con-un-deficit-fiscal-en-torno-a-los-siete-puntos-del-pbi/
peralta-qla-destruccion-de-empleo-en-la-obra-publica-no-pasa-solo-en-santa-cruz-sino-en-todo-el-paisq,La destrucción de empleo en la obra pública no pasa sólo en Santa Cruz sino en todo el país,verdadero,entrenamiento,Verdadero,https://chequeado.com/ultimas-noticias/peralta-qla-destruccion-de-empleo-en-la-obra-publica-no-pasa-solo-en-santa-cruz-sino-en-todo-el-paisq/
perczyk-el-86-de-los-alumnos-en-la-argentina-tiene-4-horas-diarias-de-clase,El 86% de los alumnos en la Argentina tiene 4 horas diarias de clase,verdadero,entrenamiento,Verdadero,https://chequeado.com/ultimas-noticias/perczyk-el-86-de-los-alumnos-en-la-argentina-tiene-4-horas-diarias-de-clase/
pereyra-la-inflacion-de-este-ano-sera-la-mas-alta-de-los-ultimos-27-anos,La inflación de este año será la más alta de los últimos 27 años,verdadero,entrenamiento,Verdadero,https://chequeado.com/ultimas-noticias/pereyra-la-inflacion-de-este-ano-sera-la-mas-alta-de-los-ultimos-27-anos/
perfil-el-fallo-completo-bonadio-pidio-el-desafuero-y-la-detencion-de-cristina,El fallo completo: Bonadio pidió el desafuero y la detención de Cristina,verdadero,entrenamiento,Verdadero,https://chequeado.com/verificacionfb/perfil-el-fallo-completo-bonadio-pidio-el-desafuero-y-la-detencion-de-cristina/
perspectiva-sur-cayo-parte-de-un-techo-en-la-secundaria-no-7-no-hubo-heridos-de-milagro,Cayó parte de un techo en la Secundaria Nº 7: no hubo heridos de milagro,verdadero,entrenamiento,Verdadero,https://chequeado.com/verificacionfb/perspectiva-sur-cayo-parte-de-un-techo-en-la-secundaria-no-7-no-hubo-heridos-de-milagro/
petrella-somos-el-primer-gobierno-en-entregar-titulos-de-propiedad-en-villas-y-buscar-incorporarlas-plenamente-en-la-ciudad,Somos el primer gobierno en entregar títulos de propiedad en villas y buscar incorporarlas en la Ciudad,falso,validacion,Engañoso,https://chequeado.com/ultimas-noticias/petrella-somos-el-primer-gobierno-en-entregar-titulos-de-propiedad-en-villas-y-buscar-incorporarlas-plenamente-en-la-ciudad/
pianelli-desde-el-aumento-del-subte-bajaron-300-mil-pasajeros-diariosq,[Desde el aumento del subte bajaron] 300 mil pasajeros diarios,verdadero,entrenamiento,Verdadero,https://chequeado.com/ultimas-noticias/pianelli-desde-el-aumento-del-subte-bajaron-300-mil-pasajeros-diariosq/
pianelli-no-debe-haber-ciudad-en-el-mundo-que-no-subsidie-su-transporte-publico,No debe haber ciudad en el mundo que no subsidie su transporte público,verdadero,entrenamiento,Verdadero,https://chequeado.com/ultimas-noticias/pianelli-no-debe-haber-ciudad-en-el-mundo-que-no-subsidie-su-transporte-publico/
piccardo-en-2013-el-subte-tuvo-252-millones-de-pasajeros-un-7-mas-que-el-ano-anterior,"En 2013 el subte tuvo 252 millones de pasajeros, un 7% más que el año anterior",falso,entrenamiento,Engañoso,https://chequeado.com/ultimas-noticias/piccardo-en-2013-el-subte-tuvo-252-millones-de-pasajeros-un-7-mas-que-el-ano-anterior/
pichetto-400-mil-venezolanos-ingresaron-en-el-ultimo-ano-y-estan-todos-trabajando,400 mil [venezolanos] ingresaron en el último año (…) y están todos trabajando,falso,entrenamiento,Falso,https://chequeado.com/ultimas-noticias/pichetto-400-mil-venezolanos-ingresaron-en-el-ultimo-ano-y-estan-todos-trabajando/
pichetto-al-ano-se-te-mueren-20-mil-personas-por-neumonia-sin-covid,"Al año se te mueren 20 mil personas por neumonía, sin COVID",falso,validacion,Engañoso,https://chequeado.com/ultimas-noticias/pichetto-al-ano-se-te-mueren-20-mil-personas-por-neumonia-sin-covid/
pichetto-el-20-de-los-presos-en-carceles-argentinas-son-extranjeros,El 20% de los presos en cárceles argentinas son extranjeros,falso,validacion,Engañoso,https://chequeado.com/ultimas-noticias/pichetto-el-20-de-los-presos-en-carceles-argentinas-son-extranjeros/
pichetto-el-65-del-total-del-presupuesto-esta-comprendido-ahi-en-planes-piqueteros-cooperativas-de-la-pobreza-cartoneros-multinacionales-del-carton,"El 65% del total del presupuesto está comprendido ahí: en planes, piqueteros, cooperativas de la pobreza, cartoneros, multinacionales del cartón",falso,entrenamiento,Falso,https://chequeado.com/ultimas-noticias/pichetto-el-65-del-total-del-presupuesto-esta-comprendido-ahi-en-planes-piqueteros-cooperativas-de-la-pobreza-cartoneros-multinacionales-del-carton/
pichetto-el-rubro-importaciones-crecio-un-61-comparativamente-con-el-ano-anterior,El rubro importaciones creció un 61% comparativamente con el año anterior,falso,entrenamiento,Falso,https://chequeado.com/ultimas-noticias/pichetto-el-rubro-importaciones-crecio-un-61-comparativamente-con-el-ano-anterior/
pichetto-en-los-ultimos-10-anos-la-argentina-no-crecio,En los últimos 10 años la Argentina no creció,verdadero,entrenamiento,"Verdadero, pero…",https://chequeado.com/ultimas-noticias/pichetto-en-los-ultimos-10-anos-la-argentina-no-crecio/
pichetto-macri-ponia-el-70-del-presupuesto-en-seguridad-social,Macri ponía el 70% del presupuesto en Seguridad Social,falso,validacion,Falso,https://chequeado.com/ultimas-noticias/pichetto-macri-ponia-el-70-del-presupuesto-en-seguridad-social/
pichetto-sabes-cuantas-villas-hay-en-el-cordon-de-la-provincia-de-buenos-aires-cerca-de-cuatro-mil,¿Sabés cuántas villas hay en el cordón de la Provincia de Buenos Aires? Cerca de cuatro mil,falso,entrenamiento,Falso,https://chequeado.com/ultimas-noticias/pichetto-sabes-cuantas-villas-hay-en-el-cordon-de-la-provincia-de-buenos-aires-cerca-de-cuatro-mil/
pichetto-todavia-la-economia-no-se-ha-reactivado,Todavía la economía no se ha reactivado,verdadero,entrenamiento,Verdadero,https://chequeado.com/ultimas-noticias/pichetto-todavia-la-economia-no-se-ha-reactivado/
pignanelli-la-actividad-automotriz-esta-practicamente-igual-que-el-ano-pasado,La actividad automotriz está prácticamente igual que el año pasado,falso,entrenamiento,Falso,https://chequeado.com/ultimas-noticias/pignanelli-la-actividad-automotriz-esta-practicamente-igual-que-el-ano-pasado/
pinedo-no-hubo-ninguna-sesion-ordinaria-y-tuvimos-tres-sesiones-especiales-para-tratar-lo-que-querian-los-kirchneristas,"No hubo ninguna sesión ordinaria, y tuvimos tres sesiones especiales para tratar lo que querían los kirchneristas",verdadero,entrenamiento,Verdadero,https://chequeado.com/ultimas-noticias/pinedo-no-hubo-ninguna-sesion-ordinaria-y-tuvimos-tres-sesiones-especiales-para-tratar-lo-que-querian-los-kirchneristas/
pitrola-el-salario-promedio-argentino-es-11-000-la-mitad-de-los-trabajadores-gana-menos-de-9-000,El salario promedio argentino es $11.000. La mitad de los trabajadores gana menos de $9.000,verdadero,entrenamiento,Verdadero,https://chequeado.com/ultimas-noticias/pitrola-el-salario-promedio-argentino-es-11-000-la-mitad-de-los-trabajadores-gana-menos-de-9-000/
pitrola-hoy-un-trabajador-tiene-en-promedio-horario-en-la-argentina-11-horas-de-trabajo,Hoy un trabajador tiene en promedio horario en la Argentina 11 horas de trabajo,falso,entrenamiento,Falso,https://chequeado.com/ultimas-noticias/pitrola-hoy-un-trabajador-tiene-en-promedio-horario-en-la-argentina-11-horas-de-trabajo/
piumato-el-acto-de-river-convocara-a-mas-gente-que-las-internas-de-la-cta,El acto de River convocará a más gente que las internas de la CTA,falso,entrenamiento,Falso,https://chequeado.com/ultimas-noticias/piumato-el-acto-de-river-convocara-a-mas-gente-que-las-internas-de-la-cta/
piumato-en-el-ministerio-de-trabajo-el-75-de-los-empleados-estan-precarizados,En el Ministerio de Trabajo el 75% de los empleados están precarizados,verdadero,entrenamiento,Verdadero,https://chequeado.com/ultimas-noticias/piumato-en-el-ministerio-de-trabajo-el-75-de-los-empleados-estan-precarizados/
polino-los-aumentos-de-los-trabajadores-no-se-produjeron-en-la-misma-proporcion-que-el-aumento-promedio-de-203,Los aumentos de los trabajadores no se produjeron en la misma proporción [que el aumento promedio de 203%],verdadero,entrenamiento,Verdadero,https://chequeado.com/ultimas-noticias/polino-los-aumentos-de-los-trabajadores-no-se-produjeron-en-la-misma-proporcion-que-el-aumento-promedio-de-203/
prat-gay-desde-que-se-instauro-el-cepo-en-la-argentina-hubo-una-devaluacion-del-230,Desde que se instauró el cepo en la Argentina hubo una devaluación del 230%,verdadero,entrenamiento,"Verdadero, pero…",https://chequeado.com/ultimas-noticias/prat-gay-desde-que-se-instauro-el-cepo-en-la-argentina-hubo-una-devaluacion-del-230/
prat-gay-el-porcentaje-de-empleados-que-perdio-su-trabajo-en-el-primer-trimestre-es-el-mas-bajo-de-los-ultimos-siete-anos,El porcentaje de empleados que perdió su trabajo en el primer trimestre es el más bajo de los últimos siete años,falso,entrenamiento,Engañoso,https://chequeado.com/ultimas-noticias/prat-gay-el-porcentaje-de-empleados-que-perdio-su-trabajo-en-el-primer-trimestre-es-el-mas-bajo-de-los-ultimos-siete-anos/
prat-gay-el-sector-privado-esta-perdiendo-empleos-hace-mas-de-un-ano,El sector privado está perdiendo empleos hace más de un año,verdadero,entrenamiento,Verdadero,https://chequeado.com/ultimas-noticias/prat-gay-el-sector-privado-esta-perdiendo-empleos-hace-mas-de-un-ano/
prat-gay-es-el-blanqueo-mas-importante-de-la-historia-argentina,Es el blanqueo más importante de la historia argentina,verdadero,entrenamiento,Verdadero,https://chequeado.com/ultimas-noticias/prat-gay-es-el-blanqueo-mas-importante-de-la-historia-argentina/
prat-gay-estamos-igual-que-en-2001-en-distribucion-de-ingresos,Estamos igual que en 2001 en distribución de ingresos,falso,entrenamiento,Falso,https://chequeado.com/ultimas-noticias/prat-gay-estamos-igual-que-en-2001-en-distribucion-de-ingresos/
prat-gay-hubo-un-aumento-muy-fuerte-en-la-inversion-social-que-crecio-casi-el-44-en-los-primeros-cinco-meses-del-ano,[Hubo] un aumento muy fuerte en la inversión social que creció casi el 44% en los primeros cinco meses del año,falso,entrenamiento,Falso,https://chequeado.com/ultimas-noticias/prat-gay-hubo-un-aumento-muy-fuerte-en-la-inversion-social-que-crecio-casi-el-44-en-los-primeros-cinco-meses-del-ano/
prat-gay-la-inversion-cayo-al-mismo-ritmo-que-en-el-2001,La inversión cayó al mismo ritmo que [en] el 2001,falso,entrenamiento,Falso,https://chequeado.com/ultimas-noticias/prat-gay-la-inversion-cayo-al-mismo-ritmo-que-en-el-2001/
prat-gay-me-toco-estar-en-el-central-la-ultima-vez-que-bajo-fuertemente-la-inflacion,Me tocó estar en el Central la última vez que bajó fuertemente la inflación,verdadero,entrenamiento,"Verdadero, pero…",https://chequeado.com/ultimas-noticias/prat-gay-me-toco-estar-en-el-central-la-ultima-vez-que-bajo-fuertemente-la-inflacion/
prat-gay-no-podemos-decir-que-cayo-el-salario-real,No podemos decir que cayó el salario real,falso,entrenamiento,Falso,https://chequeado.com/ultimas-noticias/prat-gay-no-podemos-decir-que-cayo-el-salario-real/
prat-gay-nuestra-unica-conexion-relevante-con-el-mundo-es-el-precio-de-la-soja,Nuestra única conexión relevante con el mundo es el precio de la soja,falso,entrenamiento,Engañoso,https://chequeado.com/ultimas-noticias/prat-gay-nuestra-unica-conexion-relevante-con-el-mundo-es-el-precio-de-la-soja/
prat-gay-todo-el-mundo-habla-del-juicio-del-siglo-pero-el-reclamo-de-los-holdouts-es-menos-de-2-del-pbi,"Todo el mundo habla del juicio del siglo, pero el reclamo de los holdouts es menos de 2% del PBI",verdadero,validacion,Verdadero,https://chequeado.com/ultimas-noticias/prat-gay-todo-el-mundo-habla-del-juicio-del-siglo-pero-el-reclamo-de-los-holdouts-es-menos-de-2-del-pbi/
puricelli-se-ha-avanzado-muchisimo-durante-mi-gestion,Se ha avanzado muchísimo [durante mi gestión],falso,entrenamiento,Engañoso,https://chequeado.com/ultimas-noticias/puricelli-se-ha-avanzado-muchisimo-durante-mi-gestion/
quintana-el-gasto-social-crecio-un-435-eso-significa-que-la-inversion-hacia-los-que-menos-tienen-es-lo-que-mas-crecio-en-el-presupuesto,"El gasto social creció un 43,5%, eso significa que la inversión hacia los que menos tienen es lo que más creció en el presupuesto",falso,entrenamiento,Falso,https://chequeado.com/ultimas-noticias/quintana-el-gasto-social-crecio-un-435-eso-significa-que-la-inversion-hacia-los-que-menos-tienen-es-lo-que-mas-crecio-en-el-presupuesto/
quiros-la-ciudad-de-buenos-aires-tiene-una-carga-de-trabajadores-de-la-salud-muy-superior-al-promedio-de-la-argentina,La Ciudad de Buenos Aires tiene una carga de trabajadores de la salud muy superior al promedio de la Argentina,verdadero,validacion,Verdadero,https://chequeado.com/ultimas-noticias/quiros-la-ciudad-de-buenos-aires-tiene-una-carga-de-trabajadores-de-la-salud-muy-superior-al-promedio-de-la-argentina/
rajoy-el-ano-pasado-el-comercio-bilateral-se-incremento-un-20-respecto-del-ano-anterior,El año pasado el comercio bilateral se incrementó un 20% respecto del año anterior,verdadero,entrenamiento,Verdadero,https://chequeado.com/ultimas-noticias/rajoy-el-ano-pasado-el-comercio-bilateral-se-incremento-un-20-respecto-del-ano-anterior/
randazzo-cada-vez-hay-mas-deficit-y-cada-vez-estamos-mas-endeudados,Cada vez [hay] más déficit y cada vez [estamos] más endeudados,verdadero,entrenamiento,"Verdadero, pero…",https://chequeado.com/ultimas-noticias/randazzo-cada-vez-hay-mas-deficit-y-cada-vez-estamos-mas-endeudados/
randazzo-el-parque-automotor-en-los-ultimos-diez-anos-practicamente-se-duplico,"El parque automotor, en los últimos diez años, (…) prácticamente se duplicó",verdadero,validacion,Verdadero,https://chequeado.com/ultimas-noticias/randazzo-el-parque-automotor-en-los-ultimos-diez-anos-practicamente-se-duplico/
randazzo-en-cuatro-anos-bajamos-un-20-el-numero-de-victimas-fatales-en-siniestros-viales,En cuatro años bajamos un 20% el número de víctimas fatales [en siniestros viales],verdadero,entrenamiento,Verdadero,https://chequeado.com/ultimas-noticias/randazzo-en-cuatro-anos-bajamos-un-20-el-numero-de-victimas-fatales-en-siniestros-viales/
randazzo-en-referencia-al-kirchnerismo-y-el-macrismo-hemos-incrementado-el-presupuesto-en-materia-de-planes-y-cada-vez-tenemos-mas-pobres,Hemos incrementado el presupuesto en materia de planes y cada vez tenemos más pobres,verdadero,validacion,Verdadero,https://chequeado.com/ultimas-noticias/randazzo-en-referencia-al-kirchnerismo-y-el-macrismo-hemos-incrementado-el-presupuesto-en-materia-de-planes-y-cada-vez-tenemos-mas-pobres/
randazzo-los-unicos-coches-0km-que-tiene-el-gobierno-de-la-ciudad-son-los-adquiridos-por-nacion-para-la-linea-a,Los únicos coches 0km que tiene el Gobierno de la Ciudad son los adquiridos por Nación para la Línea A,falso,entrenamiento,Engañoso,https://chequeado.com/ultimas-noticias/randazzo-los-unicos-coches-0km-que-tiene-el-gobierno-de-la-ciudad-son-los-adquiridos-por-nacion-para-la-linea-a/
randazzo-qcon-el-primer-aumento-del-subte-hubo-un-desplazamiento-del-23-hacia-otros-medios-de-transporteq,Con el primer aumento [del subte] hubo un desplazamiento del 23% a las líneas de colectivos,verdadero,validacion,Verdadero,https://chequeado.com/ultimas-noticias/randazzo-qcon-el-primer-aumento-del-subte-hubo-un-desplazamiento-del-23-hacia-otros-medios-de-transporteq/
randazzo-sobre-drogas-solamente-el-11-de-las-causas-son-de-aquellos-que-en-realidad-lucran-con-eso,Solamente el 11% [de las causas] son de aquellos que en realidad lucran con eso,verdadero,entrenamiento,Verdadero,https://chequeado.com/ultimas-noticias/randazzo-sobre-drogas-solamente-el-11-de-las-causas-son-de-aquellos-que-en-realidad-lucran-con-eso/
randazzo-sobre-la-inversion-en-ciencia-y-tecnologia-en-los-paises-de-la-region-es-de-12-del-producto-bruto-cuando-la-argentina-invierte-05,"En los países de la región es de 1,2% del Producto Bruto, cuando la Argentina invierte 0,5%",falso,entrenamiento,Falso,https://chequeado.com/ultimas-noticias/randazzo-sobre-la-inversion-en-ciencia-y-tecnologia-en-los-paises-de-la-region-es-de-12-del-producto-bruto-cuando-la-argentina-invierte-05/
rattazzi-la-poblacion-va-a-tener-que-pagar-esta-fiesta,La población va a tener que pagar esta fiesta,verdadero,entrenamiento,Verdadero,https://chequeado.com/verificacionfb/rattazzi-la-poblacion-va-a-tener-que-pagar-esta-fiesta/
recalde-del-credito-hipotecario-hoy-el-90-lo-explica-el-pro-cre-ar,Del crédito hipotecario hoy el 90% lo explica el Pro.Cre.Ar,falso,entrenamiento,Falso,https://chequeado.com/ultimas-noticias/recalde-del-credito-hipotecario-hoy-el-90-lo-explica-el-pro-cre-ar/
recalde-el-consejo-de-la-magistratura-no-funciona-esta-frenado,"El Consejo [de la Magistratura]  no funciona, está frenado",verdadero,entrenamiento,"Verdadero, pero…",https://chequeado.com/ultimas-noticias/recalde-el-consejo-de-la-magistratura-no-funciona-esta-frenado/
recalde-la-auditoria-que-hizo-vialidad-nacional-dice-que-en-relacion-a-baez-no-encontraron-sobreprecios-en-la-obra-publica,La auditoría que hizo Vialidad Nacional dice que en relación a Báez no encontraron sobreprecios en la obra pública,falso,validacion,Engañoso,https://chequeado.com/ultimas-noticias/recalde-la-auditoria-que-hizo-vialidad-nacional-dice-que-en-relacion-a-baez-no-encontraron-sobreprecios-en-la-obra-publica/
recalde-la-empresa-tiene-todos-sus-balances-presentados-auditados-y-aprobados-por-la-agn,"La empresa tiene todos sus balances presentados, auditados y aprobados por la AGN",verdadero,entrenamiento,"Verdadero, pero…",https://chequeado.com/ultimas-noticias/recalde-la-empresa-tiene-todos-sus-balances-presentados-auditados-y-aprobados-por-la-agn/
recalde-lo-unico-que-aumento-en-materia-de-educacion-es-la-cantidad-de-padres-que-pagamos-del-bolsillo-la-educacion,Lo único que aumentó en materia de Educación es la cantidad de padres que pagamos del bolsillo la Educación,falso,entrenamiento,Engañoso,https://chequeado.com/ultimas-noticias/recalde-lo-unico-que-aumento-en-materia-de-educacion-es-la-cantidad-de-padres-que-pagamos-del-bolsillo-la-educacion/
recalde-tenemos-cuatro-millones-de-trabajadores-en-negro,Tenemos cuatro millones de trabajadores en negro,verdadero,entrenamiento,Verdadero,https://chequeado.com/ultimas-noticias/recalde-tenemos-cuatro-millones-de-trabajadores-en-negro/
redrado-la-tasa-de-desempleo-de-los-jovenes-se-ha-mantenido-estable-durante-los-ultimos-anos,La tasa de desempleo de los jóvenes se ha mantenido estable durante los últimos años,falso,entrenamiento,Falso,https://chequeado.com/ultimas-noticias/redrado-la-tasa-de-desempleo-de-los-jovenes-se-ha-mantenido-estable-durante-los-ultimos-anos/
regazzoni-la-utilidad-clinica-de-los-medicamentos-que-ya-no-recibiran-una-cobertura-del-100-es-muy-baja,La utilidad clínica [de los medicamentos que ya no recibirán una cobertura del 100%] es muy baja,verdadero,entrenamiento,Verdadero,https://chequeado.com/ultimas-noticias/regazzoni-la-utilidad-clinica-de-los-medicamentos-que-ya-no-recibiran-una-cobertura-del-100-es-muy-baja/
regazzoni-todos-los-afiliados-del-pami-tienen-la-mejor-cobertura-de-medicamentos-de-america,Todos los afiliados del PAMI tienen la mejor cobertura de medicamentos de América,falso,entrenamiento,Engañoso,https://chequeado.com/ultimas-noticias/regazzoni-todos-los-afiliados-del-pami-tienen-la-mejor-cobertura-de-medicamentos-de-america/
ricardo-alfonsin-qse-perdio-la-soberania-o-el-autoabastecimiento-energeticoq,"Desde 2003, se perdió la soberanía o el autoabastecimiento energético",falso,validacion,Engañoso,https://chequeado.com/ultimas-noticias/ricardo-alfonsin-qse-perdio-la-soberania-o-el-autoabastecimiento-energeticoq/
ricardo-casal-qen-un-ano-el-delito-con-armas-crecio-el-22-en-la-provincia-de-buenos-airesq,En un año el delito con armas creció el 22% en la Provincia de Buenos Aires,verdadero,entrenamiento,"Verdadero, pero…",https://chequeado.com/ultimas-noticias/ricardo-casal-qen-un-ano-el-delito-con-armas-crecio-el-22-en-la-provincia-de-buenos-airesq/
ritondo-los-legisladores-portenos-son-los-que-menos-cobran-en-todo-el-pais,Los legisladores porteños son los que menos cobran en todo el país,falso,entrenamiento,Falso,https://chequeado.com/ultimas-noticias/ritondo-los-legisladores-portenos-son-los-que-menos-cobran-en-todo-el-pais/
roberto-lavagna-el-hambre-abarca-a-mas-del-50-de-los-chicos-y-jovenes-menores-de-17-anos,El hambre abarca a más del 50% de los chicos y jóvenes menores de 17 años,falso,entrenamiento,Falso,https://chequeado.com/ultimas-noticias/roberto-lavagna-el-hambre-abarca-a-mas-del-50-de-los-chicos-y-jovenes-menores-de-17-anos/
rodriguez-larreta-al-dia-de-hoy-la-edad-promedio-de-los-fallecidos-en-la-ciudad-es-de-763-anos-y-de-los-mayores-de-80-que-se-contagian-casi-1-de-cada-4-fallece,"La edad promedio de los fallecidos en la Ciudad es de 76,3 años y de los mayores de 80 que se contagian, casi 1 de cada 4 fallece",verdadero,validacion,Verdadero,https://chequeado.com/ultimas-noticias/rodriguez-larreta-al-dia-de-hoy-la-edad-promedio-de-los-fallecidos-en-la-ciudad-es-de-763-anos-y-de-los-mayores-de-80-que-se-contagian-casi-1-de-cada-4-fallece/
rodriguez-larreta-construimos-una-escuela-por-mes,Construimos una escuela por mes,falso,validacion,Engañoso,https://chequeado.com/ultimas-noticias/rodriguez-larreta-construimos-una-escuela-por-mes/
rodriguez-larreta-dijo-el-ano-pasado-la-cantidad-de-chicos-que-no-alcanzo-los-contenidos-minimos-fue-el-doble-que-en-anos-anteriores,"El año pasado, la cantidad de chicos que no alcanzó los contenidos mínimos fue el doble que en años anteriores",verdadero,entrenamiento,Verdadero,https://chequeado.com/ultimas-noticias/rodriguez-larreta-dijo-el-ano-pasado-la-cantidad-de-chicos-que-no-alcanzo-los-contenidos-minimos-fue-el-doble-que-en-anos-anteriores/
rodriguez-larreta-en-2020-se-duplico-la-cantidad-de-chicos-de-primaria-que-pasaron-de-grado-sin-tener-todos-los-contenidos-aprendidos,"En 2020, se duplicó la cantidad de chicos de primaria que pasaron de grado sin tener todos los contenidos aprendidos",verdadero,entrenamiento,Verdadero,https://chequeado.com/ultimas-noticias/rodriguez-larreta-en-2020-se-duplico-la-cantidad-de-chicos-de-primaria-que-pasaron-de-grado-sin-tener-todos-los-contenidos-aprendidos/
rodriguez-larreta-en-educacion-hoy-se-gasta-en-terminos-reales-un-18-mas-de-lo-que-se-gastaba-al-principio,[En Educación] hoy se gasta en términos reales un 18% más de lo que se gastaba al principio,verdadero,entrenamiento,Verdadero,https://chequeado.com/ultimas-noticias/rodriguez-larreta-en-educacion-hoy-se-gasta-en-terminos-reales-un-18-mas-de-lo-que-se-gastaba-al-principio/
rodriguez-larreta-en-la-argentina-la-edad-promedio-de-los-fallecidos-es-de-71-anos,"En la Argentina, la edad promedio de los fallecidos es de 71 años",verdadero,entrenamiento,Verdadero,https://chequeado.com/ultimas-noticias/rodriguez-larreta-en-la-argentina-la-edad-promedio-de-los-fallecidos-es-de-71-anos/
rodriguez-larreta-en-la-ciudad-no-tenemos-ningun-impuesto-especifico-a-los-servicios-publicos-que-se-traslade-a-los-consumidores,En la Ciudad no tenemos ningún impuesto específico a los servicios públicos que se traslade a los consumidores,falso,entrenamiento,Engañoso,https://chequeado.com/ultimas-noticias/rodriguez-larreta-en-la-ciudad-no-tenemos-ningun-impuesto-especifico-a-los-servicios-publicos-que-se-traslade-a-los-consumidores/
rodriguez-larreta-gracias-al-metrobus-bajaron-la-cantidad-de-accidentes,"Gracias al Metrobus, bajaron la cantidad de accidentes",verdadero,entrenamiento,Verdadero,https://chequeado.com/ultimas-noticias/rodriguez-larreta-gracias-al-metrobus-bajaron-la-cantidad-de-accidentes/
rodriguez-larreta-la-oms-nos-distinguio-entre-las-15-mejores-respuestas-sociosanitarias-urbanas-que-se-implementaron-en-el-marco-de-la-pandemia,La OMS nos distinguió entre las 15 mejores respuestas sociosanitarias urbanas que se implementaron [en el marco de la pandemia],falso,entrenamiento,Engañoso,https://chequeado.com/ultimas-noticias/rodriguez-larreta-la-oms-nos-distinguio-entre-las-15-mejores-respuestas-sociosanitarias-urbanas-que-se-implementaron-en-el-marco-de-la-pandemia/
rodriguez-larreta-las-ultimas-estadisticas-de-seguridad-nos-muestran-que-todos-los-delitos-ano-tras-ano-vienen-bajando-en-la-ciudad,"Las últimas estadísticas [de seguridad] nos muestran que todos los delitos, año tras año, vienen bajando en la Ciudad",verdadero,entrenamiento,Verdadero,https://chequeado.com/ultimas-noticias/rodriguez-larreta-las-ultimas-estadisticas-de-seguridad-nos-muestran-que-todos-los-delitos-ano-tras-ano-vienen-bajando-en-la-ciudad/
rodriguez-larreta-quienes-mas-trabajo-privado-generan-en-la-ciudad-son-las-pymes-de-cada-10-trabajadores-7-lo-hacen-en-ellas,"Quienes más trabajo [privado] generan en la Ciudad son las PyMEs. De cada 10 trabajadores, 7 lo hacen en ellas",verdadero,entrenamiento,Verdadero,https://chequeado.com/ultimas-noticias/rodriguez-larreta-quienes-mas-trabajo-privado-generan-en-la-ciudad-son-las-pymes-de-cada-10-trabajadores-7-lo-hacen-en-ellas/
rodriguez-larreta-sobre-grindetti-ni-siquiera-esta-imputado-lo-pidio-el-fiscal-no-esta-confirmado,"Ni siquiera está imputado, lo pidió el fiscal, no está confirmado",falso,entrenamiento,Falso,https://chequeado.com/ultimas-noticias/rodriguez-larreta-sobre-grindetti-ni-siquiera-esta-imputado-lo-pidio-el-fiscal-no-esta-confirmado/
rodriguez-larreta-sobre-los-casos-en-ciudad-hasta-el-28-de-mayo-los-datos-muestran-que-despues-de-un-aumento-de-casos-hasta-la-semana-anterior-el-aumento-se-detuvo-la-curva-se-ameseto-y,"Los datos muestran que, después de un aumento de casos hasta la semana anterior, el aumento se detuvo, la curva se amesetó y se puede percibir una leve baja",verdadero,entrenamiento,Verdadero,https://chequeado.com/ultimas-noticias/rodriguez-larreta-sobre-los-casos-en-ciudad-hasta-el-28-de-mayo-los-datos-muestran-que-despues-de-un-aumento-de-casos-hasta-la-semana-anterior-el-aumento-se-detuvo-la-curva-se-ameseto-y/
rodriguez-larreta-todas-las-ciudades-grandes-del-mundo-tienen-una-sola-policia,Todas las ciudades grandes del mundo tienen una sola policía,verdadero,entrenamiento,"Verdadero, pero…",https://chequeado.com/ultimas-noticias/rodriguez-larreta-todas-las-ciudades-grandes-del-mundo-tienen-una-sola-policia/
rodriguez-larreta-todos-los-delitos-en-la-ciudad-vienen-bajando,Todos los delitos en la Ciudad vienen bajando,falso,entrenamiento,Engañoso,https://chequeado.com/ultimas-noticias/rodriguez-larreta-todos-los-delitos-en-la-ciudad-vienen-bajando/
rodriguez-saa-en-san-luis-hemos-logrado-el-pleno-empleo,"En San Luis, hemos logrado el pleno empleo",verdadero,entrenamiento,Verdadero,https://chequeado.com/ultimas-noticias/rodriguez-saa-en-san-luis-hemos-logrado-el-pleno-empleo/
rodriguez-saa-nadie-habla-del-voto-de-los-extranjeros-que-son-millones,Nadie habla del voto de los extranjeros (…) que son millones,falso,validacion,Falso,https://chequeado.com/ultimas-noticias/rodriguez-saa-nadie-habla-del-voto-de-los-extranjeros-que-son-millones/
rodriguez-saa-san-luis-no-tiene-empleados-publicos-en-exceso-hoy-son-17-mil,San Luis no tiene empleados públicos en exceso; hoy son 17 mil,falso,entrenamiento,Engañoso,https://chequeado.com/ultimas-noticias/rodriguez-saa-san-luis-no-tiene-empleados-publicos-en-exceso-hoy-son-17-mil/
rodriguez-saa-san-luis-no-tiene-ninguna-villa,San Luis no tiene ninguna villa,verdadero,validacion,Verdadero,https://chequeado.com/ultimas-noticias/rodriguez-saa-san-luis-no-tiene-ninguna-villa/
romero-desde-el-regreso-de-la-democracia-3-030-mujeres-fallecieron-por-abortos,Desde el regreso de la democracia 3.030 mujeres fallecieron por abortos,verdadero,entrenamiento,Verdadero,https://chequeado.com/ultimas-noticias/romero-desde-el-regreso-de-la-democracia-3-030-mujeres-fallecieron-por-abortos/
rossi,En ningún país del mundo un gobierno se rige con un presupuesto opositor,falso,entrenamiento,Engañoso,https://chequeado.com/ultimas-noticias/rossi/
rossi-se-han-rescatado-casi-4000-chicas-victimas-de-la-trata-desde-el-2008,Se han rescatado casi 4000 chicas víctimas de la trata desde el 2008,verdadero,entrenamiento,"Verdadero, pero…",https://chequeado.com/ultimas-noticias/rossi-se-han-rescatado-casi-4000-chicas-victimas-de-la-trata-desde-el-2008/
rossi-sobre-milani-la-decision-esta-en-el-marco-de-la-que-hemos-tomado-cada-vez-que-hemos-impulsado-un-ascenso,La decisión está en el marco de la que hemos tomado cada vez que hemos impulsado un ascenso,falso,entrenamiento,Falso,https://chequeado.com/ultimas-noticias/rossi-sobre-milani-la-decision-esta-en-el-marco-de-la-que-hemos-tomado-cada-vez-que-hemos-impulsado-un-ascenso/
rubinstein-el-50-de-los-adolescentes-no-terminan-la-secundaria-y-la-mitad-de-ellos-no-la-terminan-en-tiempo-y-forma,El 50% de los adolescentes no terminan la secundaria y la mitad [de ellos] no la terminan en tiempo y forma,verdadero,entrenamiento,Verdadero,https://chequeado.com/ultimas-noticias/rubinstein-el-50-de-los-adolescentes-no-terminan-la-secundaria-y-la-mitad-de-ellos-no-la-terminan-en-tiempo-y-forma/
rubinstein-en-los-paises-que-legalizaron-el-aborto-la-mortalidad-materna-bajo-drasticamente,"En los países que legalizaron el aborto, la mortalidad materna bajó drásticamente",verdadero,entrenamiento,Verdadero,https://chequeado.com/ultimas-noticias/rubinstein-en-los-paises-que-legalizaron-el-aborto-la-mortalidad-materna-bajo-drasticamente/
rubinstein-hay-mas-personas-con-sobrepeso-que-con-desnutricion,Hay más personas con sobrepeso que con desnutrición,verdadero,entrenamiento,Verdadero,https://chequeado.com/ultimas-noticias/rubinstein-hay-mas-personas-con-sobrepeso-que-con-desnutricion/
rubinstein-la-legalizacion-del-aborto-reduce-la-mortalidad-materna,La legalización del aborto reduce la mortalidad materna,verdadero,validacion,Verdadero,https://chequeado.com/ultimas-noticias/rubinstein-la-legalizacion-del-aborto-reduce-la-mortalidad-materna/
sabbatella-el-esquema-tributario-provincial-es-altamente-regresivo,El esquema tributario provincial es altamente regresivo,verdadero,entrenamiento,"Verdadero, pero…",https://chequeado.com/ultimas-noticias/sabbatella-el-esquema-tributario-provincial-es-altamente-regresivo/
sabbatella-hay-mas-de-cien-mil-puestos-de-trabajo-directos-e-indirectos-frutos-de-la-aplicacion-de-ley,"Hay más de cien mil puestos de trabajo, directos e indirectos, frutos de la aplicación de ley",falso,entrenamiento,Falso,https://chequeado.com/ultimas-noticias/sabbatella-hay-mas-de-cien-mil-puestos-de-trabajo-directos-e-indirectos-frutos-de-la-aplicacion-de-ley/
sabbatella-la-provincia-de-buenos-aires-tiene-una-inversion-en-educacion-por-habitante-que-esta-entre-las-ocho-mas-bajas-del-pais,La provincia de Buenos Aires tiene una inversión en educación por habitante que está entre las ocho más bajas del país,falso,entrenamiento,Engañoso,https://chequeado.com/ultimas-noticias/sabbatella-la-provincia-de-buenos-aires-tiene-una-inversion-en-educacion-por-habitante-que-esta-entre-las-ocho-mas-bajas-del-pais/
sabbatella-nada-de-eso-la-asignacion-discrecional-de-la-pauta-oficial-sucede-en-la-argentina,Nada de eso [la asignación discrecional de la pauta oficial] sucede en la Argentina,falso,entrenamiento,Falso,https://chequeado.com/ultimas-noticias/sabbatella-nada-de-eso-la-asignacion-discrecional-de-la-pauta-oficial-sucede-en-la-argentina/
san-luis-post-las-exportaciones-de-carne-bovina-crecieron-casi-70-por-ciento-en-julio,Las exportaciones de carne bovina crecieron casi 70 por ciento en julio,verdadero,entrenamiento,Verdadero,https://chequeado.com/verificacionfb/san-luis-post-las-exportaciones-de-carne-bovina-crecieron-casi-70-por-ciento-en-julio/
sanchez-zinny-sobre-la-oferta-a-los-docentes-mantiene-el-poder-adquisitivo-por-el-primer-semestre-de-2018-como-la-mantuvimos-en-2017-y-2016,"Mantiene el poder adquisitivo por el primer semestre de 2018, como la mantuvimos en 2017 y 2016",falso,entrenamiento,Falso,https://chequeado.com/ultimas-noticias/sanchez-zinny-sobre-la-oferta-a-los-docentes-mantiene-el-poder-adquisitivo-por-el-primer-semestre-de-2018-como-la-mantuvimos-en-2017-y-2016/
sandleris-esta-medida-afecta-solamente-al-2-de-las-personas-que-compran-dolares,Esta medida afecta solamente al 2% de las personas que compran dólares,verdadero,entrenamiento,Verdadero,https://chequeado.com/ultimas-noticias/sandleris-esta-medida-afecta-solamente-al-2-de-las-personas-que-compran-dolares/
sandra-russo-boudou-todavia-no-ha-sido-imputado-de-nada,[Boudou] todavía no ha sido imputado de nada,falso,validacion,Falso,https://chequeado.com/ultimas-noticias/sandra-russo-boudou-todavia-no-ha-sido-imputado-de-nada/
santilli-cuando-me-toco-trabajar-en-seguridad-bajamos-todos-los-delitos,Cuando me tocó trabajar en Seguridad bajamos todos los delitos,verdadero,entrenamiento,Verdadero,https://chequeado.com/ultimas-noticias/santilli-cuando-me-toco-trabajar-en-seguridad-bajamos-todos-los-delitos/
santilli-de-28-millones-de-argentinos-con-posibilidad-de-trabajar-menos-de-la-mitad-tienen-trabajo,"De 28 millones de argentinos con posibilidad de trabajar, menos de la mitad tienen trabajo",falso,entrenamiento,Falso,https://chequeado.com/ultimas-noticias/santilli-de-28-millones-de-argentinos-con-posibilidad-de-trabajar-menos-de-la-mitad-tienen-trabajo/
santilli-el-delito-del-motochorro-cayo-un-60,El delito del motochorro cayó un 60% [en la Ciudad],verdadero,entrenamiento,"Verdadero, pero…",https://chequeado.com/ultimas-noticias/santilli-el-delito-del-motochorro-cayo-un-60/
santilli-el-gasto-de-la-basura-en-el-total-del-presupuesto-alcanzo-el-piso-historico,El gasto de la basura en el total del presupuesto alcanzó el piso histórico,falso,entrenamiento,Falso,https://chequeado.com/ultimas-noticias/santilli-el-gasto-de-la-basura-en-el-total-del-presupuesto-alcanzo-el-piso-historico/
santilli-en-materia-de-seguridad-la-provincia-es-el-mundo-del-reves-el-ano-pasado-liberaron-a-mas-de-2-000-presos,"En materia de seguridad, la Provincia es el mundo del revés. El año pasado liberaron a más de 2.000 presos",falso,entrenamiento,Engañoso,https://chequeado.com/ultimas-noticias/santilli-en-materia-de-seguridad-la-provincia-es-el-mundo-del-reves-el-ano-pasado-liberaron-a-mas-de-2-000-presos/
santilli-la-ciudad-subsidia-el-50-del-ceamse,La Ciudad subsidia el 50% del CEAMSE,falso,entrenamiento,Engañoso,https://chequeado.com/ultimas-noticias/santilli-la-ciudad-subsidia-el-50-del-ceamse/
santilli-no-hay-un-gobierno-que-haya-avanzado-como-nosotros-en-el-cumplimiento-de-la-ley-de-basura-cero,[No hay] un gobierno que haya avanzado como nosotros en el cumplimiento de la ley de Basura Cero,falso,entrenamiento,Falso,https://chequeado.com/ultimas-noticias/santilli-no-hay-un-gobierno-que-haya-avanzado-como-nosotros-en-el-cumplimiento-de-la-ley-de-basura-cero/
santilli-no-hubo-ninguna-subejecucion-en-mantenimiento-e-infraestructura-pluvial,No hubo ninguna subejecución [en mantenimiento e infraestructura pluvial],falso,entrenamiento,Engañoso,https://chequeado.com/ultimas-noticias/santilli-no-hubo-ninguna-subejecucion-en-mantenimiento-e-infraestructura-pluvial/
santilli-seis-de-cada-10-chicos-viven-en-la-pobreza,Seis de cada 10 chicos viven en la pobreza,verdadero,entrenamiento,Verdadero,https://chequeado.com/ultimas-noticias/santilli-seis-de-cada-10-chicos-viven-en-la-pobreza/
santilli-todo-el-resto-de-los-delitos-bajaron-como-el-robo-el-hurto,"Todo el resto de los delitos bajaron, como el robo, el hurto",falso,entrenamiento,Engañoso,https://chequeado.com/ultimas-noticias/santilli-todo-el-resto-de-los-delitos-bajaron-como-el-robo-el-hurto/
santoro-el-atp-le-llego-a-2-de-cada-3-empresas-de-la-ciudad,El ATP le llegó a 2 de cada 3 empresas de la Ciudad,verdadero,entrenamiento,Verdadero,https://chequeado.com/ultimas-noticias/santoro-el-atp-le-llego-a-2-de-cada-3-empresas-de-la-ciudad/
santoro-la-industria-esta-hoy-por-encima-de-los-indicadores-de-2019,La industria está (…) hoy por encima de los indicadores de 2019,verdadero,entrenamiento,Verdadero,https://chequeado.com/ultimas-noticias/santoro-la-industria-esta-hoy-por-encima-de-los-indicadores-de-2019/
santoro-sobre-el-presupuesto-educativo-en-la-ciudad-hace-10-anos-el-presupuesto-cae-un-punto-por-ano,Hace 10 años el presupuesto cae un punto por año,verdadero,validacion,Verdadero,https://chequeado.com/ultimas-noticias/santoro-sobre-el-presupuesto-educativo-en-la-ciudad-hace-10-anos-el-presupuesto-cae-un-punto-por-ano/
santoro-sobre-la-ley-de-etiquetado-que-hizo-juntos-por-el-cambio-que-habia-votado-en-el-senado-esa-ley-en-diputados-prefirio-no-darle-quorum,"¿Qué hizo Juntos por el Cambio, que había votado en el Senado esa ley? [En Diputados] prefirió no darle quórum",verdadero,validacion,Verdadero,https://chequeado.com/ultimas-noticias/santoro-sobre-la-ley-de-etiquetado-que-hizo-juntos-por-el-cambio-que-habia-votado-en-el-senado-esa-ley-en-diputados-prefirio-no-darle-quorum/
sanz-con-lo-que-este-gobierno-gasta-cada-mes-en-propaganda-se-podria-pagar-el-sueldo-de-50-mil-trabajadores,"Con lo que este Gobierno gasta cada mes en propaganda, se podría pagar el sueldo de 50 mil trabajadores",verdadero,entrenamiento,"Verdadero, pero…",https://chequeado.com/ultimas-noticias/sanz-con-lo-que-este-gobierno-gasta-cada-mes-en-propaganda-se-podria-pagar-el-sueldo-de-50-mil-trabajadores/
sanz-nueve-de-cada-diez-votaciones-en-el-parlamento-las-hemos-hecho-con-el-pro,Nueve de cada diez votaciones en el Parlamento las hemos hecho con el PRO,verdadero,validacion,"Verdadero, pero…",https://chequeado.com/ultimas-noticias/sanz-nueve-de-cada-diez-votaciones-en-el-parlamento-las-hemos-hecho-con-el-pro/
sanz-ya-no-habra-mas-equilibrio-ni-necesidad-de-buscar-consenso-para-elegir-un-juez-o-para-destituirlo,Ya no habrá más necesidad de buscar consenso para elegir un juez o para destituirlo,verdadero,entrenamiento,"Verdadero, pero…",https://chequeado.com/ultimas-noticias/sanz-ya-no-habra-mas-equilibrio-ni-necesidad-de-buscar-consenso-para-elegir-un-juez-o-para-destituirlo/
sapag-el-95-del-agua-de-neuquen-va-a-parar-al-mar-solamente-se-va-a-usar-el-1-del-agua-que-se-va-al-mar-para-estos-desarrollos,El 95% del agua de Neuquén va a parar al mar. Solamente se va a usar el 1% del agua que se va al mar para estos desarrollos,falso,entrenamiento,Engañoso,https://chequeado.com/ultimas-noticias/sapag-el-95-del-agua-de-neuquen-va-a-parar-al-mar-solamente-se-va-a-usar-el-1-del-agua-que-se-va-al-mar-para-estos-desarrollos/
sapag-nosotros-tenemos-la-legislacion-ambiental-petrolera-mas-exigente-de-la-republica,Nosotros tenemos la legislación ambiental [petrolera] más exigente de la República,verdadero,entrenamiento,Verdadero,https://chequeado.com/ultimas-noticias/sapag-nosotros-tenemos-la-legislacion-ambiental-petrolera-mas-exigente-de-la-republica/
schiaretti-hoy-cordoba-es-el-polo-de-software-mas-importante-del-interior-del-pais-con-500-empresas-y-13-mil-puestos-de-trabajo,"Hoy Córdoba es el polo de software más importante del interior del país, con 500 empresas y 13 mil puestos de trabajo",verdadero,entrenamiento,Verdadero,https://chequeado.com/ultimas-noticias/schiaretti-hoy-cordoba-es-el-polo-de-software-mas-importante-del-interior-del-pais-con-500-empresas-y-13-mil-puestos-de-trabajo/
schiaretti-sobre-el-reclamo-de-la-provincia-por-el-fondo-del-conurbano-junto-con-la-capital-federal-recibe-mas-de-80-mil-millones-en-subsidios-anuales,Junto con la Capital Federal recibe más de $80 mil millones en subsidios anuales,verdadero,entrenamiento,Verdadero,https://chequeado.com/ultimas-noticias/schiaretti-sobre-el-reclamo-de-la-provincia-por-el-fondo-del-conurbano-junto-con-la-capital-federal-recibe-mas-de-80-mil-millones-en-subsidios-anuales/
schiavoni-en-misiones-mas-del-70-de-las-adolescentes-de-menos-de-19-anos-declaran-en-el-postparto-que-eran-embarazos-no-deseados,"En Misiones, más del 70% de las adolescentes de menos de 19 años declaran en el postparto que eran embarazos no deseados",verdadero,entrenamiento,Verdadero,https://chequeado.com/ultimas-noticias/schiavoni-en-misiones-mas-del-70-de-las-adolescentes-de-menos-de-19-anos-declaran-en-el-postparto-que-eran-embarazos-no-deseados/
schiavoni-en-uruguay-las-muertes-maternas-por-aborto-practicamente-cayeron-a-cero,En Uruguay las muertes maternas por aborto prácticamente cayeron a cero,verdadero,validacion,Verdadero,https://chequeado.com/ultimas-noticias/schiavoni-en-uruguay-las-muertes-maternas-por-aborto-practicamente-cayeron-a-cero/
schiavoni-entre-el-2010-y-el-2014-se-produjeron-en-todo-el-mundo-alrededor-de-25-millones-de-abortos-peligrosos-casi-la-mitad-de-los-abortos-totales,"Entre el 2010 y el 2014 se produjeron en todo el mundo alrededor de 25 millones de abortos peligrosos, casi la mitad de los abortos totales",verdadero,entrenamiento,Verdadero,https://chequeado.com/ultimas-noticias/schiavoni-entre-el-2010-y-el-2014-se-produjeron-en-todo-el-mundo-alrededor-de-25-millones-de-abortos-peligrosos-casi-la-mitad-de-los-abortos-totales/
schmid-el-acuerdo-con-los-empresarios-no-funciono-tenemos-cerca-de-130-mil-despidos,El acuerdo con los empresarios no funcionó. Tenemos cerca de 130 mil despidos,verdadero,entrenamiento,"Verdadero, pero…",https://chequeado.com/ultimas-noticias/schmid-el-acuerdo-con-los-empresarios-no-funciono-tenemos-cerca-de-130-mil-despidos/
schmid-el-gobierno-tardo-todo-este-tiempo-en-volver-al-mismo-producto-bruto-interno-de-2015,El Gobierno tardó todo este tiempo en volver al mismo Producto Bruto Interno de 2015,verdadero,entrenamiento,Verdadero,https://chequeado.com/ultimas-noticias/schmid-el-gobierno-tardo-todo-este-tiempo-en-volver-al-mismo-producto-bruto-interno-de-2015/
scioli-95-000-policias-es-la-mayor-renovacion-cuantitativa-y-cualitativa-de-la-historia-de-la-policia-de-la-provincia-de-buenos-aires,"95.000 policías, es la mayor renovación cuantitativa y cualitativa de la historia de la Policía de la Provincia de Buenos Aires",verdadero,entrenamiento,"Verdadero, pero…",https://chequeado.com/ultimas-noticias/scioli-95-000-policias-es-la-mayor-renovacion-cuantitativa-y-cualitativa-de-la-historia-de-la-policia-de-la-provincia-de-buenos-aires/
scioli-aca-se-ha-hecho-una-gran-cantidad-de-obras-en-la-plata,Se ha hecho una gran cantidad de obras en La Plata,falso,entrenamiento,Falso,https://chequeado.com/ultimas-noticias/scioli-aca-se-ha-hecho-una-gran-cantidad-de-obras-en-la-plata/
scioli-aun-tenemos-una-ley-de-responsabilidad-penal-juvenil-que-emano-de-la-dictadura-y-que-ha-sido-cuestionada-por-la-corte-suprema,Aún tenemos una ley [de responsabilidad penal juvenil] que emanó de la dictadura y que ha sido cuestionada por la Corte Suprema,verdadero,entrenamiento,Verdadero,https://chequeado.com/ultimas-noticias/scioli-aun-tenemos-una-ley-de-responsabilidad-penal-juvenil-que-emano-de-la-dictadura-y-que-ha-sido-cuestionada-por-la-corte-suprema/
scioli-creamos-el-mejor-nivel-de-empleo-de-los-ultimos-25-anos,Creamos el mejor nivel de empleo de los últimos 25 años,verdadero,entrenamiento,"Verdadero, pero…",https://chequeado.com/ultimas-noticias/scioli-creamos-el-mejor-nivel-de-empleo-de-los-ultimos-25-anos/
scioli-cuando-estaba-cristina-no-habia-este-riesgo-pais,Cuando estaba Cristina no había este riesgo país,falso,entrenamiento,Falso,https://chequeado.com/ultimas-noticias/scioli-cuando-estaba-cristina-no-habia-este-riesgo-pais/
scioli-funcionarios-de-el-macri-son-los-procesados-por-escuchar-a-familiares-del-atentado,Funcionarios de él (Macri) son los procesados por escuchar a familiares del atentado,verdadero,validacion,"Verdadero, pero…",https://chequeado.com/ultimas-noticias/scioli-funcionarios-de-el-macri-son-los-procesados-por-escuchar-a-familiares-del-atentado/
scioli-ha-aumentado-la-participacion-de-los-trabajadores-en-el-producto-bruto,Ha aumentado la participación de los trabajadores en el producto bruto,verdadero,entrenamiento,Verdadero,https://chequeado.com/ultimas-noticias/scioli-ha-aumentado-la-participacion-de-los-trabajadores-en-el-producto-bruto/
scioli-he-hecho-un-culto-a-dejar-en-manos-de-la-oposicion-todos-los-organismos-de-control-en-la-provincia-de-buenos-aires,He hecho un culto a dejar en manos de la oposición todos los organismos de control en la Provincia de Buenos Aires,falso,entrenamiento,Falso,https://chequeado.com/ultimas-noticias/scioli-he-hecho-un-culto-a-dejar-en-manos-de-la-oposicion-todos-los-organismos-de-control-en-la-provincia-de-buenos-aires/
scioli-hemos-duplicado-la-cantidad-de-parques-industriales,Hemos duplicado la cantidad de parques industriales,verdadero,entrenamiento,Verdadero,https://chequeado.com/ultimas-noticias/scioli-hemos-duplicado-la-cantidad-de-parques-industriales/
scioli-las-transferencias-a-municipios-crecieron-260-y-son-el-20-de-los-ingresos-coparticipables,"Las transferencias a municipios crecieron 260%, y son el 20% de los ingresos coparticipables",verdadero,entrenamiento,"Verdadero, pero…",https://chequeado.com/ultimas-noticias/scioli-las-transferencias-a-municipios-crecieron-260-y-son-el-20-de-los-ingresos-coparticipables/
scioli-los-giros-del-gobierno-provincial-a-los-municipios-aumentaron-un-50-en-un-ano,Los giros del Gobierno provincial a los municipios aumentaron un 50% en un año,verdadero,entrenamiento,Verdadero,https://chequeado.com/ultimas-noticias/scioli-los-giros-del-gobierno-provincial-a-los-municipios-aumentaron-un-50-en-un-ano/
scioli-macri-triplico-la-deuda-publica-de-la-ciudad,Macri triplicó la deuda pública de la Ciudad,verdadero,entrenamiento,Verdadero,https://chequeado.com/ultimas-noticias/scioli-macri-triplico-la-deuda-publica-de-la-ciudad/
scioli-qel-gobierno-nacional-fijo-prioridades-creo-5-millones-de-puestos-de-trabajo,"El gobierno nacional fijó prioridades, creó 5 millones de puestos de trabajo",falso,entrenamiento,Engañoso,https://chequeado.com/ultimas-noticias/scioli-qel-gobierno-nacional-fijo-prioridades-creo-5-millones-de-puestos-de-trabajo/
scioli-realizamos-la-mayor-campana-de-reclutamiento-y-renovacion-policial-de-todos-los-tiempos,Realizamos la mayor campaña de reclutamiento y renovación policial de todos los tiempos,verdadero,entrenamiento,"Verdadero, pero…",https://chequeado.com/ultimas-noticias/scioli-realizamos-la-mayor-campana-de-reclutamiento-y-renovacion-policial-de-todos-los-tiempos/
scioli-se-crearon-17-nuevas-universidades-nacionales,[Se crearon] 17 nuevas universidades nacionales,verdadero,entrenamiento,Verdadero,https://chequeado.com/ultimas-noticias/scioli-se-crearon-17-nuevas-universidades-nacionales/
scioli-si-hubiera-problema-con-las-divisas-la-industria-de-la-provincia-estaria-parada,"[Si hubiera problema con las divisas], la industria de la Provincia estaría parada",falso,entrenamiento,Falso,https://chequeado.com/ultimas-noticias/scioli-si-hubiera-problema-con-las-divisas-la-industria-de-la-provincia-estaria-parada/
scioli-somos-la-unica-provincia-que-pierde-ano-a-ano-participacion-en-la-renta-federal,Somos la única provincia que pierde año a año participación en la renta federal,verdadero,entrenamiento,Verdadero,https://chequeado.com/ultimas-noticias/scioli-somos-la-unica-provincia-que-pierde-ano-a-ano-participacion-en-la-renta-federal/
scioli-tigre-es-un-municipio-que-tiene-un-40-de-superficie-de-barrios-cerrados,Tigre es un municipio que tiene un 40% de superficie de barrios cerrados,verdadero,entrenamiento,Verdadero,https://chequeado.com/ultimas-noticias/scioli-tigre-es-un-municipio-que-tiene-un-40-de-superficie-de-barrios-cerrados/
scioli-yo-ya-inaugure-mas-de-cien-comisarias-de-la-mujer-en-la-provincia-de-buenos-aires,Yo ya inauguré más de cien Comisarías de la Mujer en la Provincia de Buenos Aires,verdadero,entrenamiento,Verdadero,https://chequeado.com/ultimas-noticias/scioli-yo-ya-inaugure-mas-de-cien-comisarias-de-la-mujer-en-la-provincia-de-buenos-aires/
scoccimarro-la-pauta-oficial-representa-solo-el-5-del-total-en-relacion-a-la-privada,La pauta oficial representa sólo el 5% del total en relación a la privada,falso,validacion,Engañoso,https://chequeado.com/ultimas-noticias/scoccimarro-la-pauta-oficial-representa-solo-el-5-del-total-en-relacion-a-la-privada/
sergio-massa-el-tesoro-del-presupuesto-2023-le-transfirio-0-a-aerolineas-argentinas,"El Tesoro, del Presupuesto 2023, le transfirió $ 0 a Aerolíneas Argentinas",falso,entrenamiento,Engañoso,https://chequeado.com/ultimas-noticias/sergio-massa-el-tesoro-del-presupuesto-2023-le-transfirio-0-a-aerolineas-argentinas/
sergio-massa-en-el-debate-presidencial-2023-el-radicalismo-voto-ganancias-con-nosotros,El radicalismo votó Ganancias con nosotros,falso,entrenamiento,Falso,https://chequeado.com/ultimas-noticias/sergio-massa-en-el-debate-presidencial-2023-el-radicalismo-voto-ganancias-con-nosotros/
sergio-massa-en-el-debate-presidencial-2023-la-pobreza-patricia-bullrich-la-dejaron-en-40-y-la-tomaron-en-25,"La pobreza, Patricia (Bullrich), la dejaron en 40% y la tomaron en 25%",falso,entrenamiento,Engañoso,https://chequeado.com/ultimas-noticias/sergio-massa-en-el-debate-presidencial-2023-la-pobreza-patricia-bullrich-la-dejaron-en-40-y-la-tomaron-en-25/
sergio-massa-en-el-debate-presidencial-2023-mande-al-congreso-la-ley-que-sube-de-6-a-8-puntos-del-pbi-la-inversion-minima-en-educacion,Mandé al Congreso la ley que sube de 6 a 8 puntos del PBI la inversión mínima en educación,verdadero,entrenamiento,Verdadero,https://chequeado.com/ultimas-noticias/sergio-massa-en-el-debate-presidencial-2023-mande-al-congreso-la-ley-que-sube-de-6-a-8-puntos-del-pbi-la-inversion-minima-en-educacion/
sergio-massa-en-el-debate-presidencial-2023-milei-plantea-un-modelo-de-dolarizacion-que-solo-3-paises-tienen-en-el-mundo-zimbabue-el-salvador-y-ecuador,"Milei plantea un modelo de dolarización que solo 3 países tienen en el mundo: Zimbabue, El Salvador y Ecuador",verdadero,entrenamiento,"Verdadero, pero…",https://chequeado.com/ultimas-noticias/sergio-massa-en-el-debate-presidencial-2023-milei-plantea-un-modelo-de-dolarizacion-que-solo-3-paises-tienen-en-el-mundo-zimbabue-el-salvador-y-ecuador/
sergio-massa-en-el-litio-nuestro-pais-cuenta-junto-a-bolivia-con-una-de-las-principales-reservas-mundiales,"En el litio, nuestro país cuenta, junto a Bolivia, con una de las principales reservas mundiales",verdadero,entrenamiento,Verdadero,https://chequeado.com/ultimas-noticias/sergio-massa-en-el-litio-nuestro-pais-cuenta-junto-a-bolivia-con-una-de-las-principales-reservas-mundiales/
sergio-massa-en-el-segundo-debate-presidencial-2023-en-el-ano-2019-se-liberaron-16-mil-presos-en-el-ano-2020-se-liberaron-9-mil,"En el año 2019, se liberaron 16 mil presos. En el año 2020, se liberaron 9 mil",falso,validacion,Engañoso,https://chequeado.com/ultimas-noticias/sergio-massa-en-el-segundo-debate-presidencial-2023-en-el-ano-2019-se-liberaron-16-mil-presos-en-el-ano-2020-se-liberaron-9-mil/
sergio-massa-en-el-segundo-debate-presidencial-2023-javier-milei-votaste-en-contra-de-la-ley-de-cardiopatias-congenitas,"Javier (Milei), votaste en contra de la Ley de Cardiopatías Congénitas",verdadero,entrenamiento,Verdadero,https://chequeado.com/ultimas-noticias/sergio-massa-en-el-segundo-debate-presidencial-2023-javier-milei-votaste-en-contra-de-la-ley-de-cardiopatias-congenitas/
sergio-massa-en-el-segundo-debate-presidencial-2023-sobre-el-impuesto-a-las-ganancias-mas-de-2-millones-de-argentinos-ya-no-tienen-esa-preocupacion,Más de 2 millones de argentinos ya no tienen esa preocupación,verdadero,entrenamiento,Verdadero,https://chequeado.com/ultimas-noticias/sergio-massa-en-el-segundo-debate-presidencial-2023-sobre-el-impuesto-a-las-ganancias-mas-de-2-millones-de-argentinos-ya-no-tienen-esa-preocupacion/
sergio-massa-en-el-segundo-debate-presidencial-2023-sobre-las-economias-regionales-el-unico-que-bajo-las-retenciones-fui-yo,El único que bajó las retenciones fui yo,falso,entrenamiento,Falso,https://chequeado.com/ultimas-noticias/sergio-massa-en-el-segundo-debate-presidencial-2023-sobre-las-economias-regionales-el-unico-que-bajo-las-retenciones-fui-yo/
sergio-massa-en-el-tercer-debate-presidencial-2023-90-de-las-exportaciones-de-5-provincias-argentinas-son-a-china,90% de las exportaciones de 5 provincias argentinas son a China,falso,entrenamiento,Falso,https://chequeado.com/ultimas-noticias/sergio-massa-en-el-tercer-debate-presidencial-2023-90-de-las-exportaciones-de-5-provincias-argentinas-son-a-china/
sergio-massa-en-el-tercer-debate-presidencial-2023-el-90-de-los-chicos-que-van-a-la-universidad-de-jose-c-paz-o-de-florencia-varela-es-primera-generacion-de-estudiantes-universitarios,El 90% de los chicos que van a la Universidad de José C. Paz o de Florencio Varela es primera generación de estudiantes universitarios,verdadero,entrenamiento,Verdadero,https://chequeado.com/ultimas-noticias/sergio-massa-en-el-tercer-debate-presidencial-2023-el-90-de-los-chicos-que-van-a-la-universidad-de-jose-c-paz-o-de-florencia-varela-es-primera-generacion-de-estudiantes-universitarios/
sergio-massa-en-el-tercer-debate-presidencial-2023-la-dolarizacion-que-propone-milei-la-tiene-zimbabue-por-ejemplo,"La dolarización que propone (Milei) la tiene Zimbabue, por ejemplo",verdadero,entrenamiento,"Verdadero, pero…",https://chequeado.com/ultimas-noticias/sergio-massa-en-el-tercer-debate-presidencial-2023-la-dolarizacion-que-propone-milei-la-tiene-zimbabue-por-ejemplo/
sergio-massa-en-el-tercer-debate-presidencial-2023-la-eliminacion-del-banco-central-que-propone-milei-la-tiene-micronesia,La eliminación del Banco Central (que propone Milei) la tiene Micronesia,verdadero,validacion,Verdadero,https://chequeado.com/ultimas-noticias/sergio-massa-en-el-tercer-debate-presidencial-2023-la-eliminacion-del-banco-central-que-propone-milei-la-tiene-micronesia/
sergio-massa-en-el-tercer-debate-presidencial-2023-la-vuelta-de-las-afjp-la-ha-planteado-milei-en-su-propuesta-a-la-justicia-electoral,La vuelta de las AFJP (la) ha planteado (Milei) en su propuesta a la justicia electoral,verdadero,entrenamiento,Verdadero,https://chequeado.com/ultimas-noticias/sergio-massa-en-el-tercer-debate-presidencial-2023-la-vuelta-de-las-afjp-la-ha-planteado-milei-en-su-propuesta-a-la-justicia-electoral/
sergio-massa-en-la-argentina-hay-mas-profugos-que-presos,En la Argentina hay más prófugos que presos,falso,entrenamiento,Engañoso,https://chequeado.com/ultimas-noticias/sergio-massa-en-la-argentina-hay-mas-profugos-que-presos/
sergio-massa-estamos-en-el-record-historico-de-produccion-de-petroleo,Estamos en el récord histórico de producción de petróleo,falso,entrenamiento,Falso,https://chequeado.com/ultimas-noticias/sergio-massa-estamos-en-el-record-historico-de-produccion-de-petroleo/
sergio-massa-este-ano-es-el-mas-alto-de-los-ultimos-9-de-inversion-contra-pbi-de-la-argentina,Este año es el más alto de los últimos 9 de inversión contra PBI de la Argentina,verdadero,validacion,Verdadero,https://chequeado.com/ultimas-noticias/sergio-massa-este-ano-es-el-mas-alto-de-los-ultimos-9-de-inversion-contra-pbi-de-la-argentina/
sergio-massa-la-evolucion-del-presupuesto-entre-2020-y-2023-en-materia-de-obras-publicas-ha-crecido-un-349,La evolución del presupuesto entre 2020 y 2023 en materia de obras públicas creció un 349%,falso,entrenamiento,Engañoso,https://chequeado.com/ultimas-noticias/sergio-massa-la-evolucion-del-presupuesto-entre-2020-y-2023-en-materia-de-obras-publicas-ha-crecido-un-349/
sergio-massa-los-jubilados-no-perdieron-poder-adquisitivo-en-la-gestion-de-alberto-fernandez,Los jubilados no perdieron poder adquisitivo en la gestión de Alberto Fernández,falso,entrenamiento,Engañoso,https://chequeado.com/ultimas-noticias/sergio-massa-los-jubilados-no-perdieron-poder-adquisitivo-en-la-gestion-de-alberto-fernandez/
sergio-massa-nuestro-pais-tiene-la-segunda-reserva-global-de-shale-gas-y-la-cuarta-de-shale-oil,Nuestro país tiene la segunda reserva global de shale gas y la cuarta de shale oil,verdadero,entrenamiento,"Verdadero, pero…",https://chequeado.com/ultimas-noticias/sergio-massa-nuestro-pais-tiene-la-segunda-reserva-global-de-shale-gas-y-la-cuarta-de-shale-oil/
sergio-massa-que-significa-el-arancelamiento-universitario-para-cada-familia-3-millones-por-ano,¿Qué significa el arancelamiento universitario para cada familia? $ 3 millones por año,falso,entrenamiento,Falso,https://chequeado.com/ultimas-noticias/sergio-massa-que-significa-el-arancelamiento-universitario-para-cada-familia-3-millones-por-ano/
sergio-massa-sobre-el-canje-de-deuda-en-pesos-de-los-proximos-90-dias-ya-tenemos-compromisos-de-adhesion-de-mas-del-60,Ya tenemos compromisos de adhesión de más del 60%,falso,entrenamiento,Engañoso,https://chequeado.com/ultimas-noticias/sergio-massa-sobre-el-canje-de-deuda-en-pesos-de-los-proximos-90-dias-ya-tenemos-compromisos-de-adhesion-de-mas-del-60/
sergio-massa-todos-los-meses-25-mil-argentinos-mas-ingresan-al-mercado-formal-de-trabajo,Todos los meses 25 mil argentinos más ingresan al mercado formal de trabajo,verdadero,entrenamiento,"Verdadero, pero…",https://chequeado.com/ultimas-noticias/sergio-massa-todos-los-meses-25-mil-argentinos-mas-ingresan-al-mercado-formal-de-trabajo/
sergio-massa-tras-la-devaluacion-desde-el-2021-traiamos-un-retraso-cambiario-del-casi-195-en-terminos-reales-de-intercambio,"Desde 2021 traíamos un retraso cambiario de casi 19,5% en términos reales de intercambio",verdadero,entrenamiento,Verdadero,https://chequeado.com/ultimas-noticias/sergio-massa-tras-la-devaluacion-desde-el-2021-traiamos-un-retraso-cambiario-del-casi-195-en-terminos-reales-de-intercambio/
si-en-2010-cristina-fernandez-de-kirchner-veto-el-82-movil-para-los-jubilados,en 2010 Cristina Fernández de Kirchner vetó el 82% móvil para los jubilados,verdadero,validacion,Verdadero,https://chequeado.com/ultimas-noticias/si-en-2010-cristina-fernandez-de-kirchner-veto-el-82-movil-para-los-jubilados/
si-stephen-hawking-dijo-incluso-la-gente-que-afirma-que-no-podemos-hacer-nada-para-cambiar-nuestro-destino-mira-antes-de-cruzar-la-calle,Incluso la gente que afirma que no podemos hacer nada para cambiar nuestro destino mira antes de cruzar la calle,verdadero,entrenamiento,Verdadero,https://chequeado.com/ultimas-noticias/si-stephen-hawking-dijo-incluso-la-gente-que-afirma-que-no-podemos-hacer-nada-para-cambiar-nuestro-destino-mira-antes-de-cruzar-la-calle/
sica-sobre-el-salario-no-esta-perdiendo-contra-la-inflacion,No está perdiendo contra la inflación,falso,entrenamiento,Falso,https://chequeado.com/ultimas-noticias/sica-sobre-el-salario-no-esta-perdiendo-contra-la-inflacion/
sileoni-casi-ocho-de-cada-diez-alumnos-argentinos-de-15-anos-de-edad-comprende-lo-que-lee,Casi ocho de cada diez alumnos argentinos de 15 años de edad comprende lo que lee,falso,entrenamiento,Engañoso,https://chequeado.com/ultimas-noticias/sileoni-casi-ocho-de-cada-diez-alumnos-argentinos-de-15-anos-de-edad-comprende-lo-que-lee/
sileoni-del-2003-al-2012-665-aumento-el-salario-docente-mientras-que-la-inflacion-aumento-365-por-ciento,"Del 2003 al 2012, 665% aumentó el salario docente, [mientras que] la inflación aumentó 365 por ciento",verdadero,validacion,Verdadero,https://chequeado.com/ultimas-noticias/sileoni-del-2003-al-2012-665-aumento-el-salario-docente-mientras-que-la-inflacion-aumento-365-por-ciento/
silvia-lospennato-tenemos-hace-4-anos-equilibrio-fiscal-en-la-ciudad-de-buenos-aires,Tenemos hace 4 años equilibrio fiscal en la Ciudad de Buenos Aires,verdadero,entrenamiento,Verdadero,https://chequeado.com/ultimas-noticias/silvia-lospennato-tenemos-hace-4-anos-equilibrio-fiscal-en-la-ciudad-de-buenos-aires/
silvina-batakis-cuando-el-producto-bruto-en-la-argentina-crece-1-punto-aproximadamente-las-importaciones-crecen-3-puntos,"Cuando el producto bruto en la Argentina crece 1 punto, aproximadamente las importaciones crecen 3 puntos",verdadero,entrenamiento,Verdadero,https://chequeado.com/ultimas-noticias/silvina-batakis-cuando-el-producto-bruto-en-la-argentina-crece-1-punto-aproximadamente-las-importaciones-crecen-3-puntos/
silvina-garcia-larraburu-en-2014-habia-876-personas-en-situacion-de-calle-en-2018-5872-y-25-872-en-riesgo-de-situacion-de-calle,"En 2014 había 876 personas en situación de calle; en 2018, 5.872 y 25.872 en riesgo de situación de calle",falso,entrenamiento,Engañoso,https://chequeado.com/ultimas-noticias/silvina-garcia-larraburu-en-2014-habia-876-personas-en-situacion-de-calle-en-2018-5872-y-25-872-en-riesgo-de-situacion-de-calle/
sobrero-el-sistema-de-senalizacion-es-del-ano-1921-y-los-trenes-son-del-ano-1960,"El sistema de señalización es del año 1921, y los trenes son del año 1960",verdadero,entrenamiento,Verdadero,https://chequeado.com/ultimas-noticias/sobrero-el-sistema-de-senalizacion-es-del-ano-1921-y-los-trenes-son-del-ano-1960/
sobrero-qen-la-argentina-solamente-el-4-de-la-carga-que-se-maneja-en-el-pais-se-transporta-por-trenq,Solamente el 4% de la carga que se maneja en el país se transporta por tren,verdadero,entrenamiento,Verdadero,https://chequeado.com/ultimas-noticias/sobrero-qen-la-argentina-solamente-el-4-de-la-carga-que-se-maneja-en-el-pais-se-transporta-por-trenq/
sola-crecio-el-consumo-de-marihuana-al-doble-el-de-cocaina-el-de-drogas-sinteticas-el-350,"Creció el consumo de marihuana al doble, el de cocaína [y] el de drogas sintéticas el 350%",falso,entrenamiento,Falso,https://chequeado.com/ultimas-noticias/sola-crecio-el-consumo-de-marihuana-al-doble-el-de-cocaina-el-de-drogas-sinteticas-el-350/
sola-hemos-cambiado-empleo-formal-por-inscripcion-en-el-monotributo,Hemos cambiado empleo formal por inscripción en el monotributo,verdadero,entrenamiento,Verdadero,https://chequeado.com/ultimas-noticias/sola-hemos-cambiado-empleo-formal-por-inscripcion-en-el-monotributo/
sola-sobre-el-presupuesto-2019-el-ano-que-viene-terminaria-con-seis-puntos-menos-de-pbi-per-capita-que-en-2015,El año que viene terminaría con seis puntos menos de PBI per cápita que en 2015,verdadero,validacion,Verdadero,https://chequeado.com/ultimas-noticias/sola-sobre-el-presupuesto-2019-el-ano-que-viene-terminaria-con-seis-puntos-menos-de-pbi-per-capita-que-en-2015/
solanas-argentina-hoy-es-el-tercer-exportador-mundial-de-cocaina,Argentina hoy es el tercer exportador mundial de cocaína,verdadero,entrenamiento,"Verdadero, pero…",https://chequeado.com/ultimas-noticias/solanas-argentina-hoy-es-el-tercer-exportador-mundial-de-cocaina/
solanas-el-90-de-lo-que-exportamos-a-china-son-productos-primarios-y-a-la-inversa-el-90-de-lo-que-le-importamos-son-bienes-industriales-o-manufacturados,"El 90% de lo que exportamos a China son productos primarios, y el 90% de lo que le importamos son bienes industriales",verdadero,entrenamiento,"Verdadero, pero…",https://chequeado.com/ultimas-noticias/solanas-el-90-de-lo-que-exportamos-a-china-son-productos-primarios-y-a-la-inversa-el-90-de-lo-que-le-importamos-son-bienes-industriales-o-manufacturados/
solanas-el-kirchnerismo-en-diez-anos-no-construyo-un-kilometro-de-via,El kirchnerismo en diez años no construyó un kilómetro de vía,verdadero,entrenamiento,"Verdadero, pero…",https://chequeado.com/ultimas-noticias/solanas-el-kirchnerismo-en-diez-anos-no-construyo-un-kilometro-de-via/
solanas-el-kirchnerismo-no-fue-capaz-de-derogar-ninguna-ley-del-menemismo,El kirchnerismo no fue capaz de derogar ninguna ley del menemismo,falso,validacion,Falso,https://chequeado.com/ultimas-noticias/solanas-el-kirchnerismo-no-fue-capaz-de-derogar-ninguna-ley-del-menemismo/
solanas-la-eliminacion-de-las-retenciones-a-la-mineria-se-suma-a-la-innumerable-lista-de-ventajas-impositivas-del-sector,La eliminación de las retenciones a la minería se suma a la innumerable lista de ventajas impositivas del sector,verdadero,entrenamiento,Verdadero,https://chequeado.com/ultimas-noticias/solanas-la-eliminacion-de-las-retenciones-a-la-mineria-se-suma-a-la-innumerable-lista-de-ventajas-impositivas-del-sector/
solanas-qel-fracking-en-varios-estados-de-los-estados-unidos-en-francia-en-varios-paises-de-europa-esta-prohibidoq,"[El fracking] está prohibido en varios estados de los Estados Unidos, en Francia, en varios países de Europa",verdadero,entrenamiento,Verdadero,https://chequeado.com/ultimas-noticias/solanas-qel-fracking-en-varios-estados-de-los-estados-unidos-en-francia-en-varios-paises-de-europa-esta-prohibidoq/
solanas-todavia-en-la-argentina-el-55-de-los-que-trabajan-se-llevan-al-bolsillo-3200,Todavía en la Argentina el 55% de los que trabajan se llevan al bolsillo $3200,verdadero,validacion,"Verdadero, pero…",https://chequeado.com/ultimas-noticias/solanas-todavia-en-la-argentina-el-55-de-los-que-trabajan-se-llevan-al-bolsillo-3200/
solano-el-50-de-los-trabajadores-de-la-ciudad-de-buenos-aires-privados-o-publicos-ganan-menos-de-25-mil,"El 50% de los trabajadores de la Ciudad de Buenos Aires, privados o públicos, ganan menos de $25 mil",verdadero,validacion,Verdadero,https://chequeado.com/ultimas-noticias/solano-el-50-de-los-trabajadores-de-la-ciudad-de-buenos-aires-privados-o-publicos-ganan-menos-de-25-mil/
solano-en-26-meses-la-policia-de-la-ciudad-asesino-a-43-personas,En 26 meses la Policía de la Ciudad asesinó a 43 personas,verdadero,entrenamiento,"Verdadero, pero…",https://chequeado.com/ultimas-noticias/solano-en-26-meses-la-policia-de-la-ciudad-asesino-a-43-personas/
soledad-acuna-sobre-el-presupuesto-educativo-no-solo-no-cayo-14-puntos-en-los-ultimos-14-anos-sino-que-subio-en-terminos-reales-12-puntos,"No sólo no cayó 14 puntos en los últimos 14 años, sino que subió en términos reales 12 puntos",falso,entrenamiento,Engañoso,https://chequeado.com/ultimas-noticias/soledad-acuna-sobre-el-presupuesto-educativo-no-solo-no-cayo-14-puntos-en-los-ultimos-14-anos-sino-que-subio-en-terminos-reales-12-puntos/
soria-esta-corte-suprema-tiene-2-de-sus-jueces-designados-por-macri-por-decreto,Esta Corte Suprema tiene 2 de sus jueces designados por Macri por decreto,falso,entrenamiento,Engañoso,https://chequeado.com/ultimas-noticias/soria-esta-corte-suprema-tiene-2-de-sus-jueces-designados-por-macri-por-decreto/
spot-de-presidencia-desde-2008-el-estado-nacional-rescato-6604-victimas-de-trata,Desde 2008 el Estado nacional rescató 6.604 víctimas de trata,verdadero,entrenamiento,Verdadero,https://chequeado.com/ultimas-noticias/spot-de-presidencia-desde-2008-el-estado-nacional-rescato-6604-victimas-de-trata/
spotchequedo-1pais-los-mas-pobres-son-los-que-mas-carga-impositiva-tienen-en-la-canasta-de-alimentos,Los más pobres son los que más carga [impositiva] tienen en la canasta de alimentos,verdadero,entrenamiento,Verdadero,https://chequeado.com/ultimas-noticias/spotchequedo-1pais-los-mas-pobres-son-los-que-mas-carga-impositiva-tienen-en-la-canasta-de-alimentos/
spots-1pais-los-jubilados-del-comun-que-aportaron-toda-su-vida-cobran-7-mil,Los jubilados del común que aportaron toda su vida cobran $7 mil,falso,entrenamiento,Falso,https://chequeado.com/ultimas-noticias/spots-1pais-los-jubilados-del-comun-que-aportaron-toda-su-vida-cobran-7-mil/
spots-cambiemos-empezamos-un-servicio-de-emergencia-para-los-bonaerenses,Empezamos un servicio de emergencia para los bonaerenses,verdadero,entrenamiento,Verdadero,https://chequeado.com/ultimas-noticias/spots-cambiemos-empezamos-un-servicio-de-emergencia-para-los-bonaerenses/
spots-cumplir-dijo-vas-a-poder-sacar-el-pasaporte-en-dos-horas-y-cumplio,Dijo vas a poder sacar el pasaporte en dos horas. Y cumplió,verdadero,entrenamiento,Verdadero,https://chequeado.com/ultimas-noticias/spots-cumplir-dijo-vas-a-poder-sacar-el-pasaporte-en-dos-horas-y-cumplio/
spots-evolucion-llegamos-a-gastar-en-energia-un-monto-equivalente-a-la-totalidad-del-deficit-y-a-siete-veces-la-auh,Llegamos a gastar [en energía] un monto equivalente a la totalidad del déficit y a siete veces la AUH,verdadero,entrenamiento,Verdadero,https://chequeado.com/ultimas-noticias/spots-evolucion-llegamos-a-gastar-en-energia-un-monto-equivalente-a-la-totalidad-del-deficit-y-a-siete-veces-la-auh/
spots-lousteau-en-el-2016-murieron-36-bebes-mas,En el 2016 murieron 36 bebés más,falso,entrenamiento,Engañoso,https://chequeado.com/ultimas-noticias/spots-lousteau-en-el-2016-murieron-36-bebes-mas/
spots-lousteau-la-ciudad-tiene-el-presupuesto-mas-alto-de-su-historia,La Ciudad tiene el presupuesto más alto de su historia,verdadero,entrenamiento,"Verdadero, pero…",https://chequeado.com/ultimas-noticias/spots-lousteau-la-ciudad-tiene-el-presupuesto-mas-alto-de-su-historia/
spots-rodriguez-saa-vengo-de-un-lugar-donde-no-falta-el-trabajo,Vengo de un lugar donde no falta el trabajo,falso,entrenamiento,Engañoso,https://chequeado.com/ultimas-noticias/spots-rodriguez-saa-vengo-de-un-lugar-donde-no-falta-el-trabajo/
spots-tombolini-la-carne-es-un-lujo-para-pocos,La carne es un lujo para pocos,falso,entrenamiento,Engañoso,https://chequeado.com/ultimas-noticias/spots-tombolini-la-carne-es-un-lujo-para-pocos/
spots-unidad-ciudadana-los-aumentos-son-cada-dia-mas-terribles,Los aumentos son cada día más terribles,falso,entrenamiento,Engañoso,https://chequeado.com/ultimas-noticias/spots-unidad-ciudadana-los-aumentos-son-cada-dia-mas-terribles/
stanley-el-gasto-social-en-la-nacion-es-mas-del-75-del-presupuesto,El gasto social en la Nación es más del 75% del presupuesto,verdadero,validacion,"Verdadero, pero…",https://chequeado.com/ultimas-noticias/stanley-el-gasto-social-en-la-nacion-es-mas-del-75-del-presupuesto/
stolbizer-11-millones-por-dia-se-van-en-publicidad-oficial,$11 millones por día se van en publicidad oficial,verdadero,entrenamiento,"Verdadero, pero…",https://chequeado.com/ultimas-noticias/stolbizer-11-millones-por-dia-se-van-en-publicidad-oficial/
stolbizer-el-dnu-de-160-mil-millones-equivale-a-un-tercio-de-todo-el-dinero-que-circula-en-nuestra-economia,[El DNU de $ 160 mil millones] equivale a un tercio de todo el dinero que circula en nuestra economía,verdadero,validacion,Verdadero,https://chequeado.com/ultimas-noticias/stolbizer-el-dnu-de-160-mil-millones-equivale-a-un-tercio-de-todo-el-dinero-que-circula-en-nuestra-economia/
stolbizer-en-el-pais-el-10-mas-rico-tiene-ganancias-equivalentes-a-las-del-60-mas-pobre,En el país el 10% más rico tiene ganancias equivalentes a las del 60% más pobre,verdadero,entrenamiento,Verdadero,https://chequeado.com/ultimas-noticias/stolbizer-en-el-pais-el-10-mas-rico-tiene-ganancias-equivalentes-a-las-del-60-mas-pobre/
stolbizer-hace-40-anos-solamente-teniamos-8-de-pobreza-y-el-3-de-desocupacion,Hace 40 años solamente teníamos 8% de pobreza y el 3% de desocupación,verdadero,entrenamiento,Verdadero,https://chequeado.com/ultimas-noticias/stolbizer-hace-40-anos-solamente-teniamos-8-de-pobreza-y-el-3-de-desocupacion/
stolbizer-milani-en-el-ejercito-tenia-mas-recursos-para-inteligencia-que-los-que-tenia-el-area-de-inteligencia-del-estado,Milani en el Ejército tenía más recursos para Inteligencia que los que tenía el área de Inteligencia del Estado,falso,entrenamiento,Falso,https://chequeado.com/ultimas-noticias/stolbizer-milani-en-el-ejercito-tenia-mas-recursos-para-inteligencia-que-los-que-tenia-el-area-de-inteligencia-del-estado/
stolbizer-sobre-el-plan-pro-cre-ar-no-han-llegado-ni-al-40-de-lo-que-habian-prometido,No han llegado ni al 40% de lo que habían prometido,verdadero,entrenamiento,"Verdadero, pero…",https://chequeado.com/ultimas-noticias/stolbizer-sobre-el-plan-pro-cre-ar-no-han-llegado-ni-al-40-de-lo-que-habian-prometido/
stolbizer-solo-el-20-de-los-que-fueron-detenidos-tenian-trabajo-fijo-cuando-cometieron-ese-delito,Sólo el 20% de los que fueron detenidos tenían trabajo fijo cuando cometieron ese delito,verdadero,entrenamiento,Verdadero,https://chequeado.com/ultimas-noticias/stolbizer-solo-el-20-de-los-que-fueron-detenidos-tenian-trabajo-fijo-cuando-cometieron-ese-delito/
sturzenegger-hace-una-decada-habia-un-millon-de-familias-en-la-argentina-con-deficit-habitacional-ese-numero-hoy-es-dos-millones,Hace una década había un millón de familias en la Argentina con déficit habitacional. Ese número hoy es dos millones,verdadero,entrenamiento,Verdadero,https://chequeado.com/ultimas-noticias/sturzenegger-hace-una-decada-habia-un-millon-de-familias-en-la-argentina-con-deficit-habitacional-ese-numero-hoy-es-dos-millones/
sturzenegger-la-pasada-es-la-unica-decada-en-la-que-se-fueron-los-chicos-de-los-colegios-publicos-2,La pasada es la única década en la que se fueron los chicos de los colegios públicos,verdadero,validacion,"Verdadero, pero…",https://chequeado.com/ultimas-noticias/sturzenegger-la-pasada-es-la-unica-decada-en-la-que-se-fueron-los-chicos-de-los-colegios-publicos-2/
sturzenegger-tenemos-un-nivel-de-deuda-bajisimo,Tenemos un nivel de deuda bajísimo,verdadero,entrenamiento,"Verdadero, pero…",https://chequeado.com/ultimas-noticias/sturzenegger-tenemos-un-nivel-de-deuda-bajisimo/
subtes-en-buenos-aires-la-mayor-inversion-en-la-historia-del-subte,"La mayor inversión en la historia, en términos de metros construidos",falso,entrenamiento,Engañoso,https://chequeado.com/ultimas-noticias/subtes-en-buenos-aires-la-mayor-inversion-en-la-historia-del-subte/
taiana-los-fondos-para-vivienda-de-2013-alcanzaron-solo-el-307-del-total-del-presupuesto-general,"Los fondos para vivienda de 2013 alcanzaron sólo el 3,07% del total del presupuesto general",verdadero,entrenamiento,Verdadero,https://chequeado.com/ultimas-noticias/taiana-los-fondos-para-vivienda-de-2013-alcanzaron-solo-el-307-del-total-del-presupuesto-general/
telam-el-nivel-de-inversion-es-el-mas-alto-de-las-ultimas-decadas-y-supera-al-de-los-anos-90,El nivel de inversión es el más alto de las últimas décadas y supera al de los años ‘90,verdadero,entrenamiento,Verdadero,https://chequeado.com/ultimas-noticias/telam-el-nivel-de-inversion-es-el-mas-alto-de-las-ultimas-decadas-y-supera-al-de-los-anos-90/
tiempo-argentino-el-70-de-la-poblacion-apoya-la-participacion-en-ganancias,El 70% de la población apoya la participación en ganancias,falso,entrenamiento,Falso,https://chequeado.com/ultimas-noticias/tiempo-argentino-el-70-de-la-poblacion-apoya-la-participacion-en-ganancias/
tiempo-argentino-el-salario-minimo-se-incremento-un-2389-desde-junio-de-2003,[El salario mínimo] se incrementó un 2.389% desde junio de 2003,falso,entrenamiento,Engañoso,https://chequeado.com/ultimas-noticias/tiempo-argentino-el-salario-minimo-se-incremento-un-2389-desde-junio-de-2003/
tiempo-argentino-en-el-area-metropolitana-el-62-de-los-colectivos-ya-puede-cobrar-con-sube,En el área metropolitana el 62% de los colectivos ya puede cobrar con SUBE,falso,entrenamiento,Engañoso,https://chequeado.com/ultimas-noticias/tiempo-argentino-en-el-area-metropolitana-el-62-de-los-colectivos-ya-puede-cobrar-con-sube/
tiempo-argentino-en-los-ultimos-tres-anos-ypf-duplico-la-inversion-y-la-actividad,En los últimos tres años YPF duplicó la inversión y la actividad,verdadero,entrenamiento,Verdadero,https://chequeado.com/ultimas-noticias/tiempo-argentino-en-los-ultimos-tres-anos-ypf-duplico-la-inversion-y-la-actividad/
tiempo-argentino-macri-cuadruplico-la-deuda-externa,Macri cuadruplicó la deuda externa,verdadero,entrenamiento,Verdadero,https://chequeado.com/ultimas-noticias/tiempo-argentino-macri-cuadruplico-la-deuda-externa/
tiempo-argentino-macri-triplico-la-deuda-externa-de-la-ciudad,Macri triplicó la deuda externa de la Ciudad,verdadero,entrenamiento,Verdadero,https://chequeado.com/ultimas-noticias/tiempo-argentino-macri-triplico-la-deuda-externa-de-la-ciudad/
timerman-el-50-del-superavit-proviene-de-africa-25-del-magreb-y-25-del-africa-negra,El 50% del superávit proviene de África: 25% del Magreb y 25% del África negra,falso,entrenamiento,Engañoso,https://chequeado.com/ultimas-noticias/timerman-el-50-del-superavit-proviene-de-africa-25-del-magreb-y-25-del-africa-negra/
tls-diario-abuelas-de-plaza-de-mayo-anuncio-que-fue-recuperado-el-nieto-128,Abuelas de Plaza de Mayo anunció que fue recuperado el nieto 128,verdadero,entrenamiento,Verdadero,https://chequeado.com/verificacionfb/tls-diario-abuelas-de-plaza-de-mayo-anuncio-que-fue-recuperado-el-nieto-128/
tls-diario-en-la-argentina-la-pobreza-alcanzo-al-273-de-la-poblacion-en-el-primer-semestre-del-ano,"En la Argentina, la pobreza alcanzó al 27,3% de la población en el primer semestre del año",verdadero,entrenamiento,Verdadero,https://chequeado.com/verificacionfb/tls-diario-en-la-argentina-la-pobreza-alcanzo-al-273-de-la-poblacion-en-el-primer-semestre-del-ano/
tn-bosques-nativos-el-presupuesto-2022-destinaria-apenas-del-3-de-lo-dispuesto-por-ley,Bosques nativos: el Presupuesto 2022 destinaría apenas el 3% de lo dispuesto por ley,verdadero,entrenamiento,Verdadero,https://chequeado.com/ultimas-noticias/tn-bosques-nativos-el-presupuesto-2022-destinaria-apenas-del-3-de-lo-dispuesto-por-ley/
todesca-los-salarios-de-la-administracion-publica-cayeron-durante-el-gobierno-de-macri-un-40,Los salarios de la administración pública cayeron durante el gobierno de Macri un 40%,verdadero,entrenamiento,Verdadero,https://chequeado.com/ultimas-noticias/todesca-los-salarios-de-la-administracion-publica-cayeron-durante-el-gobierno-de-macri-un-40/
tolosa-paz-desde-el-2012-no-hay-un-registro-de-exportaciones-del-complejo-agroindustrial-tan-importante-como-este-ultimo-mes-de-julio,Desde el 2012 no hay un registro de exportaciones del complejo agroindustrial tan importante como este último mes de julio,verdadero,entrenamiento,"Verdadero, pero…",https://chequeado.com/ultimas-noticias/tolosa-paz-desde-el-2012-no-hay-un-registro-de-exportaciones-del-complejo-agroindustrial-tan-importante-como-este-ultimo-mes-de-julio/
tolosa-paz-escucho-que-hay-que-bajar-impuestos-pero-estan-quienes-gobernaron-hace-4-anos-y-no-se-animaron-a-liberar-la-carga-del-impuesto-a-las-ganancias-para-el-conjunto-de-trabajadores,"Escucho que hay que bajar impuestos, pero están quienes gobernaron hace 4 años y no se animaron a liberar la carga del impuesto a las ganancias para el conjunto de trabajadores",falso,entrenamiento,Engañoso,https://chequeado.com/ultimas-noticias/tolosa-paz-escucho-que-hay-que-bajar-impuestos-pero-estan-quienes-gobernaron-hace-4-anos-y-no-se-animaron-a-liberar-la-carga-del-impuesto-a-las-ganancias-para-el-conjunto-de-trabajadores/
tolosa-paz-la-ciudad-que-gobierna-santilli-ajusta-ano-tras-ano-el-presupuesto-de-educacion,La Ciudad que gobierna Santilli ajusta año tras año el presupuesto de Educación,verdadero,validacion,Verdadero,https://chequeado.com/ultimas-noticias/tolosa-paz-la-ciudad-que-gobierna-santilli-ajusta-ano-tras-ano-el-presupuesto-de-educacion/
tolosa-paz-no-es-un-invento-que-el-cambio-climatico-destroza-la-vida-de-los-pueblos-enteros,No es un invento que el cambio climático destroza la vida de los pueblos enteros,verdadero,entrenamiento,Verdadero,https://chequeado.com/ultimas-noticias/tolosa-paz-no-es-un-invento-que-el-cambio-climatico-destroza-la-vida-de-los-pueblos-enteros/
tolosa-paz-sobre-el-empleo-publico-el-estado-nacional-crecio-en-la-gestion-de-macri,El Estado nacional creció en la gestión de Macri,falso,validacion,Falso,https://chequeado.com/ultimas-noticias/tolosa-paz-sobre-el-empleo-publico-el-estado-nacional-crecio-en-la-gestion-de-macri/
tolosa-paz-sobre-el-uso-de-la-capacidad-instalada-de-la-industria-esta-en-635-contra-el-613-del-2019-de-macri,"Está en 63,5% contra el 61,3% del 2019 de Macri",verdadero,validacion,Verdadero,https://chequeado.com/ultimas-noticias/tolosa-paz-sobre-el-uso-de-la-capacidad-instalada-de-la-industria-esta-en-635-contra-el-613-del-2019-de-macri/
tolosa-paz-vidal-en-4-anos-ni-una-carcel-construyo,"Vidal, en 4 años, ni una cárcel construyó",falso,entrenamiento,Falso,https://chequeado.com/ultimas-noticias/tolosa-paz-vidal-en-4-anos-ni-una-carcel-construyo/
tomada-el-80-de-los-trabajadores-agricolas-no-esta-registrado,El 80% de los trabajadores [rurales] no está registrado,verdadero,entrenamiento,Verdadero,https://chequeado.com/ultimas-noticias/tomada-el-80-de-los-trabajadores-agricolas-no-esta-registrado/
tomada-el-mercado-de-trabajo-se-ha-mantenido-estable-no-ha-habido-mas-despidos-por-ejemplo-que-en-el-2012-y-2013,El mercado de trabajo se ha mantenido estable. No ha habido más despidos que en el 2012 y 2013,falso,validacion,Engañoso,https://chequeado.com/ultimas-noticias/tomada-el-mercado-de-trabajo-se-ha-mantenido-estable-no-ha-habido-mas-despidos-por-ejemplo-que-en-el-2012-y-2013/
tomada-el-trabajo-no-registrado-estaba-arriba-del-50-bajo-cerca-del-30-con-todos-los-gobiernos-habia-subido,"El trabajo no registrado estaba arriba del 50%, bajó cerca del 30%. Con todos los gobiernos había subido",verdadero,entrenamiento,Verdadero,https://chequeado.com/ultimas-noticias/tomada-el-trabajo-no-registrado-estaba-arriba-del-50-bajo-cerca-del-30-con-todos-los-gobiernos-habia-subido/
tomada-la-cantidad-de-trabajadores-registrados-es-la-mas-alta-de-los-ultimos-38-anos,La cantidad de trabajadores registrados es la más alta de los últimos 38 años,falso,validacion,Engañoso,https://chequeado.com/ultimas-noticias/tomada-la-cantidad-de-trabajadores-registrados-es-la-mas-alta-de-los-ultimos-38-anos/
tomada-qargentina-tiene-el-nivel-de-trabajo-registrado-mas-alto-de-la-historiaq,Argentina tiene el nivel de trabajo registrado más alto de la historia,falso,entrenamiento,Falso,https://chequeado.com/ultimas-noticias/tomada-qargentina-tiene-el-nivel-de-trabajo-registrado-mas-alto-de-la-historiaq/
tomada-qde-cada-10-empleos-8-son-registradosq,8 de cada 10 empleos son registrados,falso,entrenamiento,Engañoso,https://chequeado.com/ultimas-noticias/tomada-qde-cada-10-empleos-8-son-registradosq/
triaca-ha-habido-un-incremento-casi-exponencial-de-la-cantidad-de-litigios-pero-no-ha-aumentado-la-cantidad-de-accidentes,Ha habido un incremento casi exponencial de la cantidad de litigios pero no ha aumentado la cantidad de accidentes,verdadero,entrenamiento,Verdadero,https://chequeado.com/ultimas-noticias/triaca-ha-habido-un-incremento-casi-exponencial-de-la-cantidad-de-litigios-pero-no-ha-aumentado-la-cantidad-de-accidentes/
trotta-la-ley-de-financiamiento-educativo-en-terminos-de-inversion-no-se-esta-cumpliendo,La Ley de Financiamiento Educativo en términos de inversión no se está cumpliendo,verdadero,entrenamiento,Verdadero,https://chequeado.com/ultimas-noticias/trotta-la-ley-de-financiamiento-educativo-en-terminos-de-inversion-no-se-esta-cumpliendo/
trotta-mas-de-la-mitad-de-las-provincias-tuvieron-presencialidad-en-el-aula-el-ano-pasado,Más de la mitad de las provincias tuvieron presencialidad en el aula el año pasado,falso,entrenamiento,Engañoso,https://chequeado.com/ultimas-noticias/trotta-mas-de-la-mitad-de-las-provincias-tuvieron-presencialidad-en-el-aula-el-ano-pasado/
trotta-sufrimos-4-anos-de-fuerte-caida-de-la-inversion-educativa,Sufrimos 4 años de fuerte caída de la inversión educativa,verdadero,entrenamiento,Verdadero,https://chequeado.com/ultimas-noticias/trotta-sufrimos-4-anos-de-fuerte-caida-de-la-inversion-educativa/
tullio-ese-sistema-de-voto-electronico-en-salta-garantiza-la-transparencia-y-la-imposibilidad-de-alterar-el-resultado,Este sistema [de voto electrónico] garantiza la transparencia y la imposibilidad de alterar el resultado,falso,entrenamiento,Engañoso,https://chequeado.com/ultimas-noticias/tullio-ese-sistema-de-voto-electronico-en-salta-garantiza-la-transparencia-y-la-imposibilidad-de-alterar-el-resultado/
ultima-hora-santiago-del-estero-la-onu-confirma-que-es-la-provincia-menos-desarrollada-del-pais,Santiago del Estero: la ONU confirma que es la provincia menos desarrollada del país,verdadero,entrenamiento,Verdadero,https://chequeado.com/verificacionfb/ultima-hora-santiago-del-estero-la-onu-confirma-que-es-la-provincia-menos-desarrollada-del-pais/
urtubey-el-voto-electronico-es-un-sistema-muy-sencillo-que-da-certezas-y-garantias,"[El voto electrónico] es un sistema muy sencillo, que da certezas y garantías",falso,entrenamiento,Engañoso,https://chequeado.com/ultimas-noticias/urtubey-el-voto-electronico-es-un-sistema-muy-sencillo-que-da-certezas-y-garantias/
urtubey-salta-es-la-provincia-que-tiene-menos-presupuesto-por-habitante-y-no-tenemos-problemas-ni-necesidad-de-la-ayuda-de-nadie,[Salta] es la provincia que tiene menos presupuesto por habitante  (…) y no tenemos problemas ni necesidad de la ayuda de nadie,falso,entrenamiento,Engañoso,https://chequeado.com/ultimas-noticias/urtubey-salta-es-la-provincia-que-tiene-menos-presupuesto-por-habitante-y-no-tenemos-problemas-ni-necesidad-de-la-ayuda-de-nadie/
urtubey-salta-esta-entre-las-provincias-que-mas-presupuesto-destina-a-educacion-pero-de-las-que-menos-invierte-por-alumno,"Salta está entre las provincias que más presupuesto destina a Educación, pero de las que menos invierte por alumno",falso,entrenamiento,Falso,https://chequeado.com/ultimas-noticias/urtubey-salta-esta-entre-las-provincias-que-mas-presupuesto-destina-a-educacion-pero-de-las-que-menos-invierte-por-alumno/
urtubey-salta-tuvo-el-doble-de-exito-que-la-argentina-en-cuanto-a-la-reduccion-de-la-pobreza-de-acuerdo-al-censo-nacional,Salta tuvo el doble de éxito que la Argentina en cuanto a la reducción de la pobreza de acuerdo al censo nacional,falso,entrenamiento,Engañoso,https://chequeado.com/ultimas-noticias/urtubey-salta-tuvo-el-doble-de-exito-que-la-argentina-en-cuanto-a-la-reduccion-de-la-pobreza-de-acuerdo-al-censo-nacional/
urtubey-salta-viene-creciendo-facil-un-punto-y-medio-por-arriba-de-la-media-nacional-en-los-ultimos-diez-anos,Salta viene creciendo fácil un punto y medio por arriba de la media nacional en los últimos diez años,falso,entrenamiento,Falso,https://chequeado.com/ultimas-noticias/urtubey-salta-viene-creciendo-facil-un-punto-y-medio-por-arriba-de-la-media-nacional-en-los-ultimos-diez-anos/
verbitsky-el-pago-de-intereses-de-la-deuda-ya-supera-el-de-la-inversion-en-educacion-y-salud-sumadas,El pago de intereses [de la deuda] ya supera el de la inversión en educación y salud sumadas,verdadero,entrenamiento,"Verdadero, pero…",https://chequeado.com/ultimas-noticias/verbitsky-el-pago-de-intereses-de-la-deuda-ya-supera-el-de-la-inversion-en-educacion-y-salud-sumadas/
verbitsky-entre-2008-y-2011-buenos-aires-mermo-su-recaudacion-en-13500-millones,[Entre 2008 y 2011] Buenos Aires mermó [su recaudación] en 13.500 millones,falso,validacion,Falso,https://chequeado.com/ultimas-noticias/verbitsky-entre-2008-y-2011-buenos-aires-mermo-su-recaudacion-en-13500-millones/
victor-hugo-no-debe-haber-nadie-ni-el-gobierno-nacional-ni-macri-que-haya-invertido-en-publicidad-lo-que-ha-invertido-scioli,"No debe haber nadie, ni el Gobierno nacional ni Macri, que haya invertido en publicidad lo que ha invertido Scioli",falso,entrenamiento,Falso,https://chequeado.com/ultimas-noticias/victor-hugo-no-debe-haber-nadie-ni-el-gobierno-nacional-ni-macri-que-haya-invertido-en-publicidad-lo-que-ha-invertido-scioli/
victoria-villarruel-argentina-es-la-octava-extension-territorial-del-mundo-y-tiene-el-presupuesto-de-defensa-mas-bajo-de-la-region,Argentina es la octava extensión territorial del mundo y tiene el presupuesto de Defensa más bajo de la región,verdadero,validacion,Verdadero,https://chequeado.com/ultimas-noticias/victoria-villarruel-argentina-es-la-octava-extension-territorial-del-mundo-y-tiene-el-presupuesto-de-defensa-mas-bajo-de-la-region/
victoria-villarruel-en-defensa-tenemos-los-presupuestos-mas-bajos-de-toda-la-region,En Defensa tenemos los presupuestos más bajos de toda la región,verdadero,entrenamiento,Verdadero,https://chequeado.com/ultimas-noticias/victoria-villarruel-en-defensa-tenemos-los-presupuestos-mas-bajos-de-toda-la-region/
vidal-aumentamos-100-los-montos-que-enviamos-a-los-comedores-escolares,Aumentamos 100% los montos que enviamos a los comedores escolares,verdadero,validacion,"Verdadero, pero…",https://chequeado.com/ultimas-noticias/vidal-aumentamos-100-los-montos-que-enviamos-a-los-comedores-escolares/
vidal-aumentamos-120-el-gasto-en-medicamentos-e-insumos,Aumentamos 120% el gasto en medicamentos e insumos,falso,validacion,Falso,https://chequeado.com/ultimas-noticias/vidal-aumentamos-120-el-gasto-en-medicamentos-e-insumos/
vidal-bajamos-un-20-los-homicidios-en-dos-anos,Bajamos un 20% los homicidios en dos años,verdadero,entrenamiento,Verdadero,https://chequeado.com/ultimas-noticias/vidal-bajamos-un-20-los-homicidios-en-dos-anos/
vidal-con-y-sin-clausula-gatillo-los-salarios-docentes-de-la-provincia-equipararon-la-inflacion-en-los-ultimos-dos-anos,Con y sin cláusula gatillo los salarios docentes (…) de la Provincia equipararon la inflación en los [últimos] dos años,falso,validacion,Engañoso,https://chequeado.com/ultimas-noticias/vidal-con-y-sin-clausula-gatillo-los-salarios-docentes-de-la-provincia-equipararon-la-inflacion-en-los-ultimos-dos-anos/
vidal-cuando-gobernamos-en-la-nacion-en-la-provincia-y-en-la-ciudad-hubo-menos-muertes-por-inseguridad,"Cuando gobernamos en la Nación, en la Provincia y en la Ciudad […] hubo menos muertes por inseguridad",verdadero,entrenamiento,Verdadero,https://chequeado.com/ultimas-noticias/vidal-cuando-gobernamos-en-la-nacion-en-la-provincia-y-en-la-ciudad-hubo-menos-muertes-por-inseguridad/
vidal-el-delito-de-2007-para-aca-aumento-un-30-en-la-provincia,"El delito, de 2007 para acá, aumentó un 30% en la Provincia",verdadero,validacion,Verdadero,https://chequeado.com/ultimas-noticias/vidal-el-delito-de-2007-para-aca-aumento-un-30-en-la-provincia/
vidal-el-presupuesto-que-se-destina-a-salud-es-el-20-del-total,El presupuesto que se destina a salud es el 20% del total,falso,entrenamiento,Engañoso,https://chequeado.com/ultimas-noticias/vidal-el-presupuesto-que-se-destina-a-salud-es-el-20-del-total/
vidal-el-pro-en-varias-elecciones-ha-superado-el-cupo-femenino,El PRO en varias elecciones ha superado el cupo femenino,verdadero,entrenamiento,"Verdadero, pero…",https://chequeado.com/ultimas-noticias/vidal-el-pro-en-varias-elecciones-ha-superado-el-cupo-femenino/
vidal-en-los-ultimos-diez-anos-cada-vez-mas-familias-eligen-a-la-escuela-privada,En los últimos diez años cada vez más familias eligen a la escuela privada,verdadero,entrenamiento,Verdadero,https://chequeado.com/ultimas-noticias/vidal-en-los-ultimos-diez-anos-cada-vez-mas-familias-eligen-a-la-escuela-privada/
vidal-en-los-ultimos-diez-anos-hemos-tenido-mas-de-110-dias-de-paro,En los últimos diez años hemos tenido más de 110 días de paro,verdadero,entrenamiento,Verdadero,https://chequeado.com/ultimas-noticias/vidal-en-los-ultimos-diez-anos-hemos-tenido-mas-de-110-dias-de-paro/
vidal-encontramos-una-provincia-que-solo-tenia-un-3-del-presupuesto-en-inversion-la-mas-baja-entre-todas-las-provincias,"Encontramos una provincia que sólo tenía un 3% del presupuesto en (…) inversión, la más baja entre todas las provincias",verdadero,entrenamiento,Verdadero,https://chequeado.com/ultimas-noticias/vidal-encontramos-una-provincia-que-solo-tenia-un-3-del-presupuesto-en-inversion-la-mas-baja-entre-todas-las-provincias/
vidal-es-increible-que-en-la-argentina-todavia-haya-mas-de-4-mil-personas-que-cobran-una-jubilacion-de-privilegio,Es increíble que en la Argentina todavía haya más de 4 mil personas que cobran una jubilación de privilegio,verdadero,entrenamiento,Verdadero,https://chequeado.com/ultimas-noticias/vidal-es-increible-que-en-la-argentina-todavia-haya-mas-de-4-mil-personas-que-cobran-una-jubilacion-de-privilegio/
vidal-esta-es-la-primera-carcel-que-se-construye-en-20-anos-en-la-provincia,Esta es la primera cárcel que se construye en 20 años en la provincia,falso,entrenamiento,Falso,https://chequeado.com/ultimas-noticias/vidal-esta-es-la-primera-carcel-que-se-construye-en-20-anos-en-la-provincia/
vidal-estamos-peor-que-en-diciembre-de-2019-hay-mas-pobreza,Estamos peor que en diciembre de 2019. Hay más pobreza,verdadero,entrenamiento,Verdadero,https://chequeado.com/ultimas-noticias/vidal-estamos-peor-que-en-diciembre-de-2019-hay-mas-pobreza/
vidal-fernandez-lleva-en-este-ano-y-medio-un-endeudamiento-de-us-30-mil-millones-se-esta-endeudando-mas-rapido-por-ano-que-macri,"Fernández lleva, en este año y medio, un endeudamiento de US$ 30 mil millones. Se está endeudando más rápido por año que Macri",verdadero,validacion,Verdadero,https://chequeado.com/ultimas-noticias/vidal-fernandez-lleva-en-este-ano-y-medio-un-endeudamiento-de-us-30-mil-millones-se-esta-endeudando-mas-rapido-por-ano-que-macri/
vidal-hoy-hay-mas-de-370-policias-detenidos-por-causas-que-nosotros-iniciamos,Hoy hay más de 370 policías detenidos por causas que nosotros iniciamos,verdadero,entrenamiento,Verdadero,https://chequeado.com/ultimas-noticias/vidal-hoy-hay-mas-de-370-policias-detenidos-por-causas-que-nosotros-iniciamos/
vidal-hoy-hay-mas-indigentes-y-mas-pobreza-en-la-provincia-de-buenos-aires-de-los-que-habia-en-diciembre-de-2019,Hoy hay más indigentes y más pobreza en la Provincia de Buenos Aires de los que había en diciembre de 2019,verdadero,entrenamiento,Verdadero,https://chequeado.com/ultimas-noticias/vidal-hoy-hay-mas-indigentes-y-mas-pobreza-en-la-provincia-de-buenos-aires-de-los-que-habia-en-diciembre-de-2019/
vidal-hoy-las-mineras-por-el-impuesto-a-las-ganancias-pagan-siete-veces-mas-que-lo-que-dejaban-por-retenciones,Hoy las mineras por [el impuesto a las] Ganancias pagan siete veces más que lo que dejaban por retenciones,falso,entrenamiento,Falso,https://chequeado.com/ultimas-noticias/vidal-hoy-las-mineras-por-el-impuesto-a-las-ganancias-pagan-siete-veces-mas-que-lo-que-dejaban-por-retenciones/
vidal-la-ciudad-de-buenos-aires-cuando-goberno-macri-durante-ocho-anos-fue-el-unico-lugar-de-la-argentina-donde-la-matricula-publica-empezo-a-crecer,"La Ciudad, cuando gobernó Macri, fue el único lugar de la Argentina donde la matrícula pública empezó a crecer",falso,validacion,Falso,https://chequeado.com/ultimas-noticias/vidal-la-ciudad-de-buenos-aires-cuando-goberno-macri-durante-ocho-anos-fue-el-unico-lugar-de-la-argentina-donde-la-matricula-publica-empezo-a-crecer/
vidal-la-ciudad-de-buenos-aires-es-la-que-tiene-el-nivel-de-cobertura-en-el-nivel-inicial-mas-alto-de-la-argentina,"La Ciudad de Buenos Aires es la que tiene el nivel de cobertura, en el nivel inicial, más alto de la Argentina",verdadero,entrenamiento,Verdadero,https://chequeado.com/ultimas-noticias/vidal-la-ciudad-de-buenos-aires-es-la-que-tiene-el-nivel-de-cobertura-en-el-nivel-inicial-mas-alto-de-la-argentina/
vidal-la-ciudad-de-buenos-aires-es-una-de-las-jurisdicciones-que-mas-aporta-a-los-recursos-federales-y-de-las-que-menos-recibe,La Ciudad de Buenos Aires es una de las jurisdicciones que más aporta a los recursos federales y de las que menos recibe,verdadero,entrenamiento,Verdadero,https://chequeado.com/ultimas-noticias/vidal-la-ciudad-de-buenos-aires-es-una-de-las-jurisdicciones-que-mas-aporta-a-los-recursos-federales-y-de-las-que-menos-recibe/
vidal-la-educacion-publica-perdio-chicos-en-las-escuelas,La educación pública perdió chicos en las escuelas,verdadero,entrenamiento,Verdadero,https://chequeado.com/ultimas-noticias/vidal-la-educacion-publica-perdio-chicos-en-las-escuelas/
vidal-la-provincia-aporta-el-35-del-pbi-y-recibe-menos-del-18-de-los-recursos-coparticipables,"La Provincia aporta el 35% del PBI, y recibe menos del 18% de los recursos coparticipables",verdadero,entrenamiento,Verdadero,https://chequeado.com/ultimas-noticias/vidal-la-provincia-aporta-el-35-del-pbi-y-recibe-menos-del-18-de-los-recursos-coparticipables/
vidal-la-provincia-recibe-del-gobierno-nacional-5-000-por-cada-vecino-el-promedio-del-resto-de-las-provincias-es-20-000,La Provincia recibe del Gobierno nacional $5.000 por cada vecino. El promedio del resto de las provincias es $20.000,verdadero,entrenamiento,Verdadero,https://chequeado.com/ultimas-noticias/vidal-la-provincia-recibe-del-gobierno-nacional-5-000-por-cada-vecino-el-promedio-del-resto-de-las-provincias-es-20-000/
vidal-la-tasa-de-mortalidad-infantil-de-2018-es-la-mas-baja-registrada-en-la-historia-de-la-provincia,La tasa de mortalidad infantil de 2018 es la más baja registrada en la historia de la Provincia,verdadero,entrenamiento,Verdadero,https://chequeado.com/ultimas-noticias/vidal-la-tasa-de-mortalidad-infantil-de-2018-es-la-mas-baja-registrada-en-la-historia-de-la-provincia/
vidal-los-gobernadores-no-tenemos-fueros-por-que-los-diputados-y-senadores-si,Los gobernadores no tenemos fueros. ¿Por qué los diputados y senadores sí?,falso,entrenamiento,Falso,https://chequeado.com/ultimas-noticias/vidal-los-gobernadores-no-tenemos-fueros-por-que-los-diputados-y-senadores-si/
vidal-no-hay-ningun-tipo-de-discrecionalidad-en-la-asignacion-de-fondos-para-la-obra-publica,No hay ningún tipo de discrecionalidad en la asignación de fondos para la obra pública,falso,entrenamiento,Falso,https://chequeado.com/ultimas-noticias/vidal-no-hay-ningun-tipo-de-discrecionalidad-en-la-asignacion-de-fondos-para-la-obra-publica/
vidal-pasamos-de-una-provincia-que-invertia-muy-poco-en-infraestructura-a-una-que-invierte-mas-del-doble,Pasamos de una provincia que invertía muy poco en infraestructura a una que invierte más del doble,verdadero,entrenamiento,Verdadero,https://chequeado.com/ultimas-noticias/vidal-pasamos-de-una-provincia-que-invertia-muy-poco-en-infraestructura-a-una-que-invierte-mas-del-doble/
vidal-sacamos-13-mil-policias-corruptos,Sacamos 13 mil policías corruptos,falso,entrenamiento,Engañoso,https://chequeado.com/ultimas-noticias/vidal-sacamos-13-mil-policias-corruptos/
vidal-sobre-el-gobierno-de-alberto-fernandez-el-salario-perdio-20-puntos-y-las-jubilaciones-11,El salario perdió 20 puntos y las jubilaciones 11,falso,validacion,Falso,https://chequeado.com/ultimas-noticias/vidal-sobre-el-gobierno-de-alberto-fernandez-el-salario-perdio-20-puntos-y-las-jubilaciones-11/
vidal-sobre-la-crisis-de-2001-es-un-escandalo-que-vivamos-con-los-niveles-de-pobreza-infantil-de-esa-epoca,Es un escándalo que vivamos con los niveles de pobreza infantil de esa época,falso,entrenamiento,Falso,https://chequeado.com/ultimas-noticias/vidal-sobre-la-crisis-de-2001-es-un-escandalo-que-vivamos-con-los-niveles-de-pobreza-infantil-de-esa-epoca/
vidal-sobre-salario-docente-en-el-2016-equiparamos-el-sueldo-con-la-inflacion-en-el-2017-tambien,"En el 2016 equiparamos el sueldo con la inflación; en el 2017, también",verdadero,entrenamiento,"Verdadero, pero…",https://chequeado.com/ultimas-noticias/vidal-sobre-salario-docente-en-el-2016-equiparamos-el-sueldo-con-la-inflacion-en-el-2017-tambien/
vidal-sobre-su-gestion-en-la-provincia-eche-a-13-mil-policias,Eché a 13 mil [policías],falso,entrenamiento,Engañoso,https://chequeado.com/ultimas-noticias/vidal-sobre-su-gestion-en-la-provincia-eche-a-13-mil-policias/
vidal-solo-en-la-provincia-hay-500-mil-jovenes-que-no-estudian-ni-trabajan,Sólo en la Provincia hay 500 mil jóvenes que no estudian ni trabajan,verdadero,entrenamiento,Verdadero,https://chequeado.com/ultimas-noticias/vidal-solo-en-la-provincia-hay-500-mil-jovenes-que-no-estudian-ni-trabajan/
vidal-tenemos-mas-detenidos-por-narcotrafico-en-los-ultimos-dos-anos-que-en-toda-la-gestion-del-gobierno-de-scioli,Tenemos más detenidos por narcotráfico en los últimos dos años que en toda la gestión del gobierno de Scioli,falso,validacion,Falso,https://chequeado.com/ultimas-noticias/vidal-tenemos-mas-detenidos-por-narcotrafico-en-los-ultimos-dos-anos-que-en-toda-la-gestion-del-gobierno-de-scioli/
vidal-tenes-500-mil-puestos-mas-de-trabajo-estoy-hablando-de-empleo-en-blanco,Tenés 500 mil puestos más de trabajo (…). Estoy hablando de empleo en blanco,falso,entrenamiento,Engañoso,https://chequeado.com/ultimas-noticias/vidal-tenes-500-mil-puestos-mas-de-trabajo-estoy-hablando-de-empleo-en-blanco/
vilma-ibarra-generalmente-donde-se-ha-legalizado-tienen-tendencia-a-la-baja-de-abortos,"Generalmente, donde se ha legalizado tienen tendencia a la baja de abortos",verdadero,entrenamiento,Verdadero,https://chequeado.com/ultimas-noticias/vilma-ibarra-generalmente-donde-se-ha-legalizado-tienen-tendencia-a-la-baja-de-abortos/
vizzotti-sobre-la-aplicacion-del-pase-sanitario-en-2-dias-mas-que-se-duplico-la-vacunacion-en-tucuman,En 2 días más que se duplicó la vacunación en Tucumán,verdadero,entrenamiento,Verdadero,https://chequeado.com/ultimas-noticias/vizzotti-sobre-la-aplicacion-del-pase-sanitario-en-2-dias-mas-que-se-duplico-la-vacunacion-en-tucuman/
volvio-a-crecer-la-produccion-de-petroleo-despues-de-20-anos-de-caida,Volvió a crecer la producción de petróleo (después de 20 años de caída),falso,entrenamiento,Engañoso,https://chequeado.com/ultimas-noticias/volvio-a-crecer-la-produccion-de-petroleo-despues-de-20-anos-de-caida/
waldo-wolff-la-argentina-esta-entre-los-10-paises-con-mas-muertos-por-millon-de-habitantes-en-el-mundo,La Argentina está entre los 10 países con más muertos por millón de habitantes en el mundo,falso,entrenamiento,Falso,https://chequeado.com/ultimas-noticias/waldo-wolff-la-argentina-esta-entre-los-10-paises-con-mas-muertos-por-millon-de-habitantes-en-el-mundo/
werthein-sobre-la-herencia-economica-hoy-el-estado-tiene-la-responsabilidad-de-pagarle-a-diez-millones-de-personas-mas-que-en-el-2002,Hoy el Estado tiene la responsabilidad de pagarle a diez millones de personas más que en el 2002,verdadero,entrenamiento,"Verdadero, pero…",https://chequeado.com/ultimas-noticias/werthein-sobre-la-herencia-economica-hoy-el-estado-tiene-la-responsabilidad-de-pagarle-a-diez-millones-de-personas-mas-que-en-el-2002/
yahuar-los-mayores-exportadores-de-granos-de-los-ultimos-tiempos-fueron-afa-y-aca,Los mayores exportadores de granos de los últimos tiempos fueron AFA y ACA,falso,entrenamiento,Falso,https://chequeado.com/ultimas-noticias/yahuar-los-mayores-exportadores-de-granos-de-los-ultimos-tiempos-fueron-afa-y-aca/
yauhar-venimos-sosteniendo-una-produccion-importantisima-alrededor-de-los-12-mil-millones-de-litros-de-leche,"Venimos sosteniendo una producción importantísima, alrededor de los 12 mil millones de litros de leche",verdadero,entrenamiento,"Verdadero, pero…",https://chequeado.com/ultimas-noticias/yauhar-venimos-sosteniendo-una-produccion-importantisima-alrededor-de-los-12-mil-millones-de-litros-de-leche/
zabaleta-la-tarjeta-alimentar-y-el-plan-potenciar-trabajo-resumen-casi-el-90-del-presupuesto-del-ano-pasado,(La Tarjeta Alimentar y el plan Potenciar Trabajo) resumen casi el 90% del presupuesto del año pasado,verdadero,entrenamiento,Verdadero,https://chequeado.com/ultimas-noticias/zabaleta-la-tarjeta-alimentar-y-el-plan-potenciar-trabajo-resumen-casi-el-90-del-presupuesto-del-ano-pasado/
zaffaroni-la-argentina-no-registra-cifras-alarmantes-de-criminalidad-en-relacion-con-las-de-la-region,[La Argentina] no registra cifras alarmantes de criminalidad en relación con las de la región,verdadero,entrenamiento,"Verdadero, pero…",https://chequeado.com/ultimas-noticias/zaffaroni-la-argentina-no-registra-cifras-alarmantes-de-criminalidad-en-relacion-con-las-de-la-region/
zaffaroni-tomar-declaraciones-indagatorias-fuera-del-pais-no-afecta-nuestra-soberania-y-es-algo-que-se-ha-hecho-varias-veces,Tomar declaraciones indagatorias fuera del país no afecta nuestra soberanía y es algo que se ha hecho varias veces,verdadero,entrenamiento,"Verdadero, pero…",https://chequeado.com/ultimas-noticias/zaffaroni-tomar-declaraciones-indagatorias-fuera-del-pais-no-afecta-nuestra-soberania-y-es-algo-que-se-ha-hecho-varias-veces/
zannini-detras-mio-y-de-los-11-mil-presos-que-tiene-la-justicia-federal-el-60-esta-sin-condena,"Detrás mío y de los 11 mil presos que tiene la Justicia Federal, el 60% está sin condena",verdadero,entrenamiento,"Verdadero, pero…",https://chequeado.com/ultimas-noticias/zannini-detras-mio-y-de-los-11-mil-presos-que-tiene-la-justicia-federal-el-60-esta-sin-condena/
zannini-un-hito-son-los-521-acusados-de-crimenes-de-lesa-humanidad-ya-condenados-o-los-1200-en-proceso,Un hito son los 521 acusados de crímenes de lesa humanidad ya condenados o los 1200 en proceso,verdadero,entrenamiento,Verdadero,https://chequeado.com/ultimas-noticias/zannini-un-hito-son-los-521-acusados-de-crimenes-de-lesa-humanidad-ya-condenados-o-los-1200-en-proceso/
